-- phpMyAdmin SQL Dump
-- version 5.2.0
-- https://www.phpmyadmin.net/
--
-- Host: localhost:3306
-- Generation Time: Jun 26, 2025 at 05:09 PM
-- Server version: 8.0.30
-- PHP Version: 8.1.10

SET SQL_MODE = "NO_AUTO_VALUE_ON_ZERO";
START TRANSACTION;
SET time_zone = "+00:00";


/*!40101 SET @OLD_CHARACTER_SET_CLIENT=@@CHARACTER_SET_CLIENT */;
/*!40101 SET @OLD_CHARACTER_SET_RESULTS=@@CHARACTER_SET_RESULTS */;
/*!40101 SET @OLD_COLLATION_CONNECTION=@@COLLATION_CONNECTION */;
/*!40101 SET NAMES utf8mb4 */;

--
-- Database: `db_kemenag_2025`
--

-- --------------------------------------------------------

--
-- Table structure for table `failed_jobs`
--

CREATE TABLE `failed_jobs` (
  `id` bigint UNSIGNED NOT NULL,
  `uuid` varchar(255) COLLATE utf8mb4_unicode_ci NOT NULL,
  `connection` text COLLATE utf8mb4_unicode_ci NOT NULL,
  `queue` text COLLATE utf8mb4_unicode_ci NOT NULL,
  `payload` longtext COLLATE utf8mb4_unicode_ci NOT NULL,
  `exception` longtext COLLATE utf8mb4_unicode_ci NOT NULL,
  `failed_at` timestamp NOT NULL DEFAULT CURRENT_TIMESTAMP
) ENGINE=InnoDB DEFAULT CHARSET=utf8mb4 COLLATE=utf8mb4_unicode_ci;

-- --------------------------------------------------------

--
-- Table structure for table `kecamatan`
--

CREATE TABLE `kecamatan` (
  `id` bigint UNSIGNED NOT NULL,
  `nama_kecamatan` varchar(255) COLLATE utf8mb4_unicode_ci NOT NULL,
  `created_at` timestamp NULL DEFAULT NULL,
  `updated_at` timestamp NULL DEFAULT NULL,
  `geojson` json DEFAULT NULL
) ENGINE=InnoDB DEFAULT CHARSET=utf8mb4 COLLATE=utf8mb4_unicode_ci;

--
-- Dumping data for table `kecamatan`
--

INSERT INTO `kecamatan` (`id`, `nama_kecamatan`, `created_at`, `updated_at`, `geojson`) VALUES
(637202, 'Landasan Ulin', NULL, NULL, NULL),
(637203, 'Cempaka', NULL, NULL, NULL),
(637204, 'Banjarbaru Utara', NULL, NULL, NULL),
(637205, 'Banjarbaru Selatan', NULL, NULL, NULL),
(637206, 'Liang Anggang', NULL, NULL, NULL);

-- --------------------------------------------------------

--
-- Table structure for table `kelurahan`
--

CREATE TABLE `kelurahan` (
  `id` bigint UNSIGNED NOT NULL,
  `id_kecamatan` bigint UNSIGNED NOT NULL,
  `nama_kelurahan` varchar(255) COLLATE utf8mb4_unicode_ci NOT NULL,
  `created_at` timestamp NULL DEFAULT NULL,
  `updated_at` timestamp NULL DEFAULT NULL,
  `geojson` json DEFAULT NULL
) ENGINE=InnoDB DEFAULT CHARSET=utf8mb4 COLLATE=utf8mb4_unicode_ci;

--
-- Dumping data for table `kelurahan`
--

INSERT INTO `kelurahan` (`id`, `id_kecamatan`, `nama_kelurahan`, `created_at`, `updated_at`, `geojson`) VALUES
(1, 637205, 'Guntung Paikat', NULL, NULL, NULL),
(2, 637205, 'Kemuning', NULL, NULL, NULL),
(3, 637205, 'Loktabat Selatan', NULL, NULL, NULL),
(4, 637205, 'Sungai Besar', NULL, NULL, NULL),
(5, 637204, 'Komet', NULL, NULL, NULL),
(6, 637204, 'Loktabat Utara', NULL, NULL, NULL),
(7, 637204, 'Mentaos', NULL, NULL, NULL),
(8, 637204, 'Sungai Ulin', NULL, NULL, NULL),
(9, 637203, 'Bangkal', NULL, NULL, NULL),
(10, 637203, 'Cempaka', NULL, NULL, NULL),
(11, 637203, 'Palam', NULL, NULL, NULL),
(12, 637203, 'Sungai Tiung', NULL, NULL, NULL),
(13, 637202, 'Guntung Manggis', NULL, NULL, NULL),
(14, 637202, 'Guntung Payung', NULL, NULL, NULL),
(15, 637202, 'Landasan Ulin Timur', NULL, NULL, NULL),
(16, 637202, 'Syamsudin Noor', NULL, NULL, NULL),
(17, 637206, 'Landasan Ulin Barat', NULL, NULL, NULL),
(18, 637206, 'Landasan Ulin Selatan', NULL, NULL, NULL),
(19, 637206, 'Landasan Ulin Tengah', NULL, NULL, NULL),
(20, 637206, 'Landasan Ulin Utara', NULL, NULL, NULL);

-- --------------------------------------------------------

--
-- Table structure for table `kursus_calon_pengantin`
--

CREATE TABLE `kursus_calon_pengantin` (
  `id` bigint UNSIGNED NOT NULL,
  `perkawinan_id` bigint UNSIGNED NOT NULL,
  `jumlah_laki` int NOT NULL DEFAULT '0',
  `jumlah_wanita` int NOT NULL DEFAULT '0',
  `created_at` timestamp NULL DEFAULT NULL,
  `updated_at` timestamp NULL DEFAULT NULL,
  `file` varchar(255) COLLATE utf8mb4_unicode_ci DEFAULT NULL
) ENGINE=InnoDB DEFAULT CHARSET=utf8mb4 COLLATE=utf8mb4_unicode_ci;

-- --------------------------------------------------------

--
-- Table structure for table `laporan`
--

CREATE TABLE `laporan` (
  `id` bigint UNSIGNED NOT NULL,
  `user_id` bigint UNSIGNED NOT NULL,
  `tahun` int NOT NULL,
  `bulan` int NOT NULL,
  `created_at` timestamp NULL DEFAULT NULL,
  `updated_at` timestamp NULL DEFAULT NULL,
  `status` enum('BELUM','DIAJUKAN','DITOLAK','DISETUJUI') COLLATE utf8mb4_unicode_ci NOT NULL DEFAULT 'BELUM',
  `deleted_at` timestamp NULL DEFAULT NULL
) ENGINE=InnoDB DEFAULT CHARSET=utf8mb4 COLLATE=utf8mb4_unicode_ci;

-- --------------------------------------------------------

--
-- Table structure for table `migrations`
--

CREATE TABLE `migrations` (
  `id` int UNSIGNED NOT NULL,
  `migration` varchar(255) COLLATE utf8mb4_unicode_ci NOT NULL,
  `batch` int NOT NULL
) ENGINE=InnoDB DEFAULT CHARSET=utf8mb4 COLLATE=utf8mb4_unicode_ci;

--
-- Dumping data for table `migrations`
--

INSERT INTO `migrations` (`id`, `migration`, `batch`) VALUES
(1, '2014_10_12_000000_create_users_table', 1),
(2, '2014_10_12_100000_create_password_reset_tokens_table', 1),
(3, '2019_08_19_000000_create_failed_jobs_table', 1),
(4, '2019_12_14_000001_create_personal_access_tokens_table', 1),
(5, '2024_11_17_103756_create_prias_table', 1),
(6, '2024_11_17_103806_create_perempuans_table', 1),
(7, '2025_02_06_000000_create_kecamatan_table', 1),
(8, '2025_02_06_113634_create_laporan_table', 1),
(9, '2025_02_06_113724_create_kelurahan_table', 1),
(10, '2025_02_06_113735_create_perkawinan_table', 1),
(11, '2025_02_06_113753_create_peristiwa_perkawinan_table', 1),
(12, '2025_02_06_113804_create_pendidikan_perkawinan_table', 1),
(13, '2025_02_06_113815_create_kursus_calon_pengantin_table', 1),
(14, '2025_02_06_113833_create_usia_pengantin_table', 1),
(15, '2025_02_06_121009_add_status_to_laporan_table', 1),
(16, '2025_02_07_181021_add_deleted_at_to_laporan_table', 1),
(17, '2025_02_10_014124_add_file_to_peristiwa_perkawinan_table', 1),
(18, '2025_02_11_074431_add_file_to_pendidikan_perkawinan_table', 1),
(19, '2025_02_11_080335_add_file_to_kursus_calon_engantin_table', 1),
(20, '2025_02_11_082441_add_file_column_to_usia_pengantin_table', 1),
(21, '2025_06_25_011116_create_pernikahans_table', 1),
(22, '2025_06_25_013613_drop_tempat_pernikahan_column_in_pernikahans_table', 1),
(23, '2025_06_25_025948_add_kewarnegaraan_column_to_prias_table', 1),
(24, '2025_06_25_031415_add_kewarnegaraan_column_to_perempuans_table', 1),
(25, '2025_06_25_031833_add_hasil_rujukan_to_pernikahans_table', 1),
(26, '2025_06_26_145313_add_nama_pengguna_and_kecamatan_id_to_users_table', 2),
(27, '2025_06_26_163103_add_geojson_to_kelurahans_table', 3),
(28, '2025_06_26_163113_add_geojson_to_kecamatans_table', 3);

-- --------------------------------------------------------

--
-- Table structure for table `password_reset_tokens`
--

CREATE TABLE `password_reset_tokens` (
  `email` varchar(255) COLLATE utf8mb4_unicode_ci NOT NULL,
  `token` varchar(255) COLLATE utf8mb4_unicode_ci NOT NULL,
  `created_at` timestamp NULL DEFAULT NULL
) ENGINE=InnoDB DEFAULT CHARSET=utf8mb4 COLLATE=utf8mb4_unicode_ci;

-- --------------------------------------------------------

--
-- Table structure for table `pendidikan_perkawinan`
--

CREATE TABLE `pendidikan_perkawinan` (
  `id` bigint UNSIGNED NOT NULL,
  `perkawinan_id` bigint UNSIGNED NOT NULL,
  `laki_sd` int NOT NULL DEFAULT '0',
  `laki_smp` int NOT NULL DEFAULT '0',
  `laki_sma` int NOT NULL DEFAULT '0',
  `laki_sarjana` int NOT NULL DEFAULT '0',
  `wanita_sd` int NOT NULL DEFAULT '0',
  `wanita_smp` int NOT NULL DEFAULT '0',
  `wanita_sma` int NOT NULL DEFAULT '0',
  `wanita_sarjana` int NOT NULL DEFAULT '0',
  `created_at` timestamp NULL DEFAULT NULL,
  `updated_at` timestamp NULL DEFAULT NULL,
  `file` varchar(255) COLLATE utf8mb4_unicode_ci DEFAULT NULL
) ENGINE=InnoDB DEFAULT CHARSET=utf8mb4 COLLATE=utf8mb4_unicode_ci;

-- --------------------------------------------------------

--
-- Table structure for table `perempuans`
--

CREATE TABLE `perempuans` (
  `id` bigint UNSIGNED NOT NULL,
  `nama` varchar(255) COLLATE utf8mb4_unicode_ci NOT NULL,
  `usia` varchar(255) COLLATE utf8mb4_unicode_ci NOT NULL,
  `pendidikan` varchar(255) COLLATE utf8mb4_unicode_ci NOT NULL,
  `sertif_sucatin` varchar(255) COLLATE utf8mb4_unicode_ci NOT NULL,
  `kewarganegaraan` enum('WNI','WNA') COLLATE utf8mb4_unicode_ci NOT NULL DEFAULT 'WNI',
  `created_at` timestamp NULL DEFAULT NULL,
  `updated_at` timestamp NULL DEFAULT NULL
) ENGINE=InnoDB DEFAULT CHARSET=utf8mb4 COLLATE=utf8mb4_unicode_ci;

--
-- Dumping data for table `perempuans`
--

INSERT INTO `perempuans` (`id`, `nama`, `usia`, `pendidikan`, `sertif_sucatin`, `kewarganegaraan`, `created_at`, `updated_at`) VALUES
(2001, 'Asirwada Lantar Pratama S.Gz', '57', 'SMP', 'false', 'WNA', '2025-06-26 07:14:52', '2025-06-26 07:14:52'),
(2002, 'Jaya Bagiya Latupono', '28', 'SMA', 'false', 'WNA', '2025-06-26 07:14:52', '2025-06-26 07:14:52'),
(2003, 'Hairyanto Kurniawan', '59', 'Sarjana', 'false', 'WNI', '2025-06-26 07:14:52', '2025-06-26 07:14:52'),
(2004, 'Muhammad Santoso', '29', 'SMA', 'true', 'WNI', '2025-06-26 07:14:52', '2025-06-26 07:14:52'),
(2005, 'Hartaka Tarihoran S.Sos', '36', 'SMP', 'false', 'WNI', '2025-06-26 07:14:52', '2025-06-26 07:14:52'),
(2006, 'Aswani Warta Maulana S.Pd', '32', 'Sarjana', 'false', 'WNA', '2025-06-26 07:14:52', '2025-06-26 07:14:52'),
(2007, 'Kuncara Tasnim Sitompul', '41', 'Diploma', 'true', 'WNI', '2025-06-26 07:14:52', '2025-06-26 07:14:52'),
(2008, 'Jarwadi Jumadi Hutasoit', '56', 'SMP', 'false', 'WNI', '2025-06-26 07:14:52', '2025-06-26 07:14:52'),
(2009, 'Caket Mustofa M.Pd', '29', 'Diploma', 'true', 'WNA', '2025-06-26 07:14:52', '2025-06-26 07:14:52'),
(2010, 'Cakrabirawa Putra S.H.', '53', 'SD', 'true', 'WNA', '2025-06-26 07:14:52', '2025-06-26 07:14:52'),
(2011, 'Ismail Winarno M.TI.', '28', 'SMP', 'false', 'WNI', '2025-06-26 07:14:52', '2025-06-26 07:14:52'),
(2012, 'Emil Mansur', '29', 'Diploma', 'true', 'WNA', '2025-06-26 07:14:52', '2025-06-26 07:14:52'),
(2013, 'Xanana Situmorang', '23', 'Magister', 'true', 'WNA', '2025-06-26 07:14:52', '2025-06-26 07:14:52'),
(2014, 'Rafi Tarihoran', '51', 'SMA', 'true', 'WNA', '2025-06-26 07:14:52', '2025-06-26 07:14:52'),
(2015, 'Prabawa Permadi', '44', 'SMP', 'false', 'WNA', '2025-06-26 07:14:52', '2025-06-26 07:14:52'),
(2016, 'Bahuraksa Mahesa Wasita', '47', 'Diploma', 'false', 'WNA', '2025-06-26 07:14:52', '2025-06-26 07:14:52'),
(2017, 'Nasrullah Gading Natsir', '58', 'SMP', 'true', 'WNA', '2025-06-26 07:14:52', '2025-06-26 07:14:52'),
(2018, 'Jagaraga Gandi Rajasa S.Psi', '60', 'Sarjana', 'false', 'WNA', '2025-06-26 07:14:52', '2025-06-26 07:14:52'),
(2019, 'Olga Salahudin', '36', 'SMP', 'true', 'WNA', '2025-06-26 07:14:52', '2025-06-26 07:14:52'),
(2020, 'Kenari Salman Marpaung S.Kom', '34', 'Magister', 'false', 'WNI', '2025-06-26 07:14:52', '2025-06-26 07:14:52'),
(2021, 'Karma Praba Januar', '39', 'SD', 'true', 'WNA', '2025-06-26 07:14:52', '2025-06-26 07:14:52'),
(2022, 'Parman Narpati S.IP', '21', 'SMA', 'true', 'WNI', '2025-06-26 07:14:52', '2025-06-26 07:14:52'),
(2023, 'Laksana Samosir', '46', 'SMP', 'false', 'WNI', '2025-06-26 07:14:52', '2025-06-26 07:14:52'),
(2024, 'Adhiarja Laksana Anggriawan S.E.', '29', 'SMP', 'false', 'WNA', '2025-06-26 07:14:52', '2025-06-26 07:14:52'),
(2025, 'Timbul Rafid Sirait', '40', 'SD', 'false', 'WNA', '2025-06-26 07:14:52', '2025-06-26 07:14:52'),
(2026, 'Cengkal Firmansyah', '58', 'Magister', 'true', 'WNI', '2025-06-26 07:14:52', '2025-06-26 07:14:52'),
(2027, 'Dadap Napitupulu', '24', 'SD', 'false', 'WNA', '2025-06-26 07:14:52', '2025-06-26 07:14:52'),
(2028, 'Darsirah Mansur S.Gz', '49', 'SD', 'true', 'WNI', '2025-06-26 07:14:52', '2025-06-26 07:14:52'),
(2029, 'Dodo Prasetyo', '47', 'SMA', 'true', 'WNI', '2025-06-26 07:14:52', '2025-06-26 07:14:52'),
(2030, 'Rafid Hakim', '27', 'Sarjana', 'false', 'WNA', '2025-06-26 07:14:52', '2025-06-26 07:14:52'),
(2031, 'Jaeman Cayadi Marpaung S.IP', '35', 'Magister', 'true', 'WNI', '2025-06-26 07:14:52', '2025-06-26 07:14:52'),
(2032, 'Maras Prayoga', '53', 'SMP', 'false', 'WNI', '2025-06-26 07:14:52', '2025-06-26 07:14:52'),
(2033, 'Kenzie Najmudin', '46', 'Sarjana', 'true', 'WNI', '2025-06-26 07:14:52', '2025-06-26 07:14:52'),
(2034, 'Maryadi Purwanto Uwais', '21', 'Diploma', 'false', 'WNA', '2025-06-26 07:14:52', '2025-06-26 07:14:52'),
(2035, 'Sakti Pangestu', '46', 'Magister', 'true', 'WNA', '2025-06-26 07:14:52', '2025-06-26 07:14:52'),
(2036, 'Teddy Siregar', '58', 'Diploma', 'true', 'WNI', '2025-06-26 07:14:52', '2025-06-26 07:14:52'),
(2037, 'Mulya Prasetyo S.Gz', '35', 'SD', 'false', 'WNI', '2025-06-26 07:14:52', '2025-06-26 07:14:52'),
(2038, 'Raden Mitra Sihotang S.Pt', '21', 'Diploma', 'false', 'WNI', '2025-06-26 07:14:52', '2025-06-26 07:14:52'),
(2039, 'Digdaya Pradipta', '26', 'SMP', 'true', 'WNA', '2025-06-26 07:14:52', '2025-06-26 07:14:52'),
(2040, 'Harjaya Wibowo', '42', 'SD', 'false', 'WNA', '2025-06-26 07:14:52', '2025-06-26 07:14:52'),
(2041, 'Galar Hutagalung', '39', 'Sarjana', 'true', 'WNI', '2025-06-26 07:14:52', '2025-06-26 07:14:52'),
(2042, 'Ajiman Gunarto', '25', 'Magister', 'false', 'WNI', '2025-06-26 07:14:52', '2025-06-26 07:14:52'),
(2043, 'Banara Salahudin S.Gz', '44', 'Sarjana', 'false', 'WNA', '2025-06-26 07:14:52', '2025-06-26 07:14:52'),
(2044, 'Danuja Najam Wacana S.Kom', '44', 'SMP', 'true', 'WNA', '2025-06-26 07:14:52', '2025-06-26 07:14:52'),
(2045, 'Anggabaya Saefullah M.Ak', '53', 'SD', 'true', 'WNA', '2025-06-26 07:14:52', '2025-06-26 07:14:52'),
(2046, 'Nrima Ardianto', '32', 'Sarjana', 'true', 'WNA', '2025-06-26 07:14:52', '2025-06-26 07:14:52'),
(2047, 'Mahfud Iswahyudi', '31', 'SMP', 'true', 'WNI', '2025-06-26 07:14:52', '2025-06-26 07:14:52'),
(2048, 'Aris Paiman Dongoran S.I.Kom', '39', 'SD', 'false', 'WNI', '2025-06-26 07:14:52', '2025-06-26 07:14:52'),
(2049, 'Gantar Prasasta', '50', 'SMA', 'false', 'WNA', '2025-06-26 07:14:52', '2025-06-26 07:14:52'),
(2050, 'Maras Darimin Permadi M.M.', '25', 'SD', 'true', 'WNA', '2025-06-26 07:14:52', '2025-06-26 07:14:52'),
(2051, 'Wage Dipa Nashiruddin S.Kom', '41', 'SD', 'false', 'WNA', '2025-06-26 07:14:52', '2025-06-26 07:14:52'),
(2052, 'Kairav Prakasa', '22', 'Sarjana', 'false', 'WNI', '2025-06-26 07:14:52', '2025-06-26 07:14:52'),
(2053, 'Kasim Utama', '58', 'SMA', 'true', 'WNI', '2025-06-26 07:14:52', '2025-06-26 07:14:52'),
(2054, 'Lasmanto Pratama', '24', 'SMA', 'false', 'WNA', '2025-06-26 07:14:52', '2025-06-26 07:14:52'),
(2055, 'Muni Widodo S.Ked', '22', 'Diploma', 'true', 'WNI', '2025-06-26 07:14:52', '2025-06-26 07:14:52'),
(2056, 'Satya Megantara S.Kom', '44', 'Sarjana', 'false', 'WNA', '2025-06-26 07:14:52', '2025-06-26 07:14:52'),
(2057, 'Tirtayasa Gunawan', '23', 'Magister', 'true', 'WNA', '2025-06-26 07:14:52', '2025-06-26 07:14:52'),
(2058, 'Gandi Jumari Prabowo', '55', 'Diploma', 'true', 'WNI', '2025-06-26 07:14:52', '2025-06-26 07:14:52'),
(2059, 'Panji Dadap Prakasa M.M.', '54', 'Sarjana', 'false', 'WNA', '2025-06-26 07:14:52', '2025-06-26 07:14:52'),
(2060, 'Tri Dartono Pranowo M.Ak', '21', 'Magister', 'false', 'WNA', '2025-06-26 07:14:52', '2025-06-26 07:14:52'),
(2061, 'Marsito Budiman', '42', 'Magister', 'true', 'WNA', '2025-06-26 07:14:52', '2025-06-26 07:14:52'),
(2062, 'Laswi Vero Hutagalung', '52', 'SMA', 'false', 'WNI', '2025-06-26 07:14:52', '2025-06-26 07:14:52'),
(2063, 'Raihan Kusumo S.IP', '20', 'Sarjana', 'false', 'WNA', '2025-06-26 07:14:52', '2025-06-26 07:14:52'),
(2064, 'Umaya Hakim', '57', 'Sarjana', 'false', 'WNI', '2025-06-26 07:14:52', '2025-06-26 07:14:52'),
(2065, 'Kenzie Marbun', '60', 'Diploma', 'true', 'WNI', '2025-06-26 07:14:52', '2025-06-26 07:14:52'),
(2066, 'Muhammad Dabukke', '47', 'Magister', 'false', 'WNI', '2025-06-26 07:14:52', '2025-06-26 07:14:52'),
(2067, 'Cawuk Wacana', '37', 'Magister', 'false', 'WNA', '2025-06-26 07:14:52', '2025-06-26 07:14:52'),
(2068, 'Kambali Pratama', '23', 'SMP', 'false', 'WNI', '2025-06-26 07:14:52', '2025-06-26 07:14:52'),
(2069, 'Nasim Wacana', '54', 'SMA', 'true', 'WNA', '2025-06-26 07:14:52', '2025-06-26 07:14:52'),
(2070, 'Darmanto Natsir S.Sos', '43', 'Magister', 'true', 'WNA', '2025-06-26 07:14:52', '2025-06-26 07:14:52'),
(2071, 'Raden Adhiarja Narpati S.Pd', '33', 'SD', 'true', 'WNI', '2025-06-26 07:14:52', '2025-06-26 07:14:52'),
(2072, 'Darmaji Dipa Nainggolan S.Sos', '44', 'Magister', 'true', 'WNI', '2025-06-26 07:14:52', '2025-06-26 07:14:52'),
(2073, 'Kawaya Winarno', '19', 'Magister', 'true', 'WNA', '2025-06-26 07:14:52', '2025-06-26 07:14:52'),
(2074, 'Darmanto Waluyo S.I.Kom', '35', 'Diploma', 'false', 'WNA', '2025-06-26 07:14:52', '2025-06-26 07:14:52'),
(2075, 'Mahfud Prasetya', '20', 'SMA', 'true', 'WNA', '2025-06-26 07:14:52', '2025-06-26 07:14:52'),
(2076, 'Edi Jailani', '47', 'Diploma', 'false', 'WNI', '2025-06-26 07:14:52', '2025-06-26 07:14:52'),
(2077, 'Upik Himawan Nugroho', '59', 'SD', 'false', 'WNA', '2025-06-26 07:14:52', '2025-06-26 07:14:52'),
(2078, 'Jais Wibisono S.Pt', '20', 'SD', 'true', 'WNA', '2025-06-26 07:14:52', '2025-06-26 07:14:52'),
(2079, 'Raditya Wadi Rajasa', '52', 'SMP', 'true', 'WNI', '2025-06-26 07:14:52', '2025-06-26 07:14:52'),
(2080, 'Gamani Arsipatra Iswahyudi M.Kom.', '21', 'SMA', 'true', 'WNA', '2025-06-26 07:14:52', '2025-06-26 07:14:52'),
(2081, 'Karna Luthfi Gunarto', '42', 'Diploma', 'false', 'WNA', '2025-06-26 07:14:52', '2025-06-26 07:14:52'),
(2082, 'Raden Prasetyo', '37', 'SMA', 'true', 'WNI', '2025-06-26 07:14:52', '2025-06-26 07:14:52'),
(2083, 'Karta Danuja Maheswara', '37', 'Magister', 'false', 'WNI', '2025-06-26 07:14:52', '2025-06-26 07:14:52'),
(2084, 'Rangga Nashiruddin', '36', 'SD', 'false', 'WNI', '2025-06-26 07:14:52', '2025-06-26 07:14:52'),
(2085, 'Paiman Bakiman Januar M.M.', '25', 'Sarjana', 'false', 'WNA', '2025-06-26 07:14:52', '2025-06-26 07:14:52'),
(2086, 'Cahyono Ajiman Nugroho S.Sos', '34', 'Magister', 'false', 'WNA', '2025-06-26 07:14:52', '2025-06-26 07:14:52'),
(2087, 'Bakiman Emas Prasetyo', '43', 'Diploma', 'true', 'WNI', '2025-06-26 07:14:52', '2025-06-26 07:14:52'),
(2088, 'Ade Lega Permadi S.I.Kom', '31', 'SMP', 'false', 'WNA', '2025-06-26 07:14:52', '2025-06-26 07:14:52'),
(2089, 'Rudi Tedi Rajasa S.Ked', '46', 'SD', 'false', 'WNA', '2025-06-26 07:14:52', '2025-06-26 07:14:52'),
(2090, 'Jumadi Hamzah Prabowo S.Psi', '59', 'SMP', 'false', 'WNI', '2025-06-26 07:14:52', '2025-06-26 07:14:52'),
(2091, 'Darmanto Maheswara', '35', 'Diploma', 'true', 'WNI', '2025-06-26 07:14:52', '2025-06-26 07:14:52'),
(2092, 'Umay Prasasta', '27', 'Magister', 'true', 'WNI', '2025-06-26 07:14:52', '2025-06-26 07:14:52'),
(2093, 'Carub Irsad Uwais', '37', 'SD', 'false', 'WNI', '2025-06-26 07:14:52', '2025-06-26 07:14:52'),
(2094, 'Cahyadi Setiawan', '43', 'SD', 'false', 'WNA', '2025-06-26 07:14:52', '2025-06-26 07:14:52'),
(2095, 'Tugiman Dabukke', '24', 'SMA', 'true', 'WNI', '2025-06-26 07:14:52', '2025-06-26 07:14:52'),
(2096, 'Unggul Darsirah Simbolon S.H.', '53', 'SMP', 'false', 'WNI', '2025-06-26 07:14:52', '2025-06-26 07:14:52'),
(2097, 'Lutfan Nrima Tampubolon S.I.Kom', '47', 'Sarjana', 'true', 'WNI', '2025-06-26 07:14:52', '2025-06-26 07:14:52'),
(2098, 'Ganep Uwais', '49', 'SD', 'true', 'WNI', '2025-06-26 07:14:52', '2025-06-26 07:14:52'),
(2099, 'Nasab Sitorus M.Pd', '49', 'Diploma', 'false', 'WNI', '2025-06-26 07:14:52', '2025-06-26 07:14:52'),
(2100, 'Bagas Galak Jailani', '24', 'SMP', 'true', 'WNI', '2025-06-26 07:14:52', '2025-06-26 07:14:52'),
(2101, 'Dadap Simbolon', '31', 'SD', 'false', 'WNI', '2025-06-26 07:14:52', '2025-06-26 07:14:52'),
(2102, 'Gangsar Narpati', '33', 'Magister', 'false', 'WNI', '2025-06-26 07:14:52', '2025-06-26 07:14:52'),
(2103, 'Eman Adriansyah S.Pt', '60', 'SD', 'false', 'WNA', '2025-06-26 07:14:52', '2025-06-26 07:14:52'),
(2104, 'Nrima Widodo S.E.I', '35', 'SMP', 'false', 'WNI', '2025-06-26 07:14:52', '2025-06-26 07:14:52'),
(2105, 'Candrakanta Prasasta', '25', 'Sarjana', 'false', 'WNA', '2025-06-26 07:14:52', '2025-06-26 07:14:52'),
(2106, 'Anggabaya Suryono', '23', 'SD', 'true', 'WNI', '2025-06-26 07:14:52', '2025-06-26 07:14:52'),
(2107, 'Karsana Jailani', '40', 'Magister', 'false', 'WNA', '2025-06-26 07:14:52', '2025-06-26 07:14:52'),
(2108, 'Damu Manullang', '51', 'Magister', 'true', 'WNI', '2025-06-26 07:14:52', '2025-06-26 07:14:52'),
(2109, 'Kusuma Putra', '48', 'Diploma', 'true', 'WNA', '2025-06-26 07:14:52', '2025-06-26 07:14:52'),
(2110, 'Jarwadi Anggriawan', '22', 'SMA', 'false', 'WNA', '2025-06-26 07:14:52', '2025-06-26 07:14:52'),
(2111, 'Harja Kuswoyo', '47', 'Diploma', 'true', 'WNA', '2025-06-26 07:14:52', '2025-06-26 07:14:52'),
(2112, 'Kunthara Maulana', '46', 'Sarjana', 'true', 'WNI', '2025-06-26 07:14:52', '2025-06-26 07:14:52'),
(2113, 'Anom Maryadi Napitupulu M.M.', '42', 'SMA', 'false', 'WNA', '2025-06-26 07:14:52', '2025-06-26 07:14:52'),
(2114, 'Gamblang Damar Firgantoro S.Gz', '60', 'SD', 'true', 'WNI', '2025-06-26 07:14:53', '2025-06-26 07:14:53'),
(2115, 'Koko Rajasa', '57', 'SMP', 'false', 'WNA', '2025-06-26 07:14:53', '2025-06-26 07:14:53'),
(2116, 'Dodo Ardianto M.M.', '55', 'Magister', 'true', 'WNI', '2025-06-26 07:14:53', '2025-06-26 07:14:53'),
(2117, 'Makara Hidayat', '31', 'Magister', 'true', 'WNI', '2025-06-26 07:14:53', '2025-06-26 07:14:53'),
(2118, 'Caraka Luis Salahudin', '46', 'Diploma', 'true', 'WNA', '2025-06-26 07:14:53', '2025-06-26 07:14:53'),
(2119, 'Kasim Dongoran', '59', 'SMA', 'true', 'WNA', '2025-06-26 07:14:53', '2025-06-26 07:14:53'),
(2120, 'Purwanto Luluh Hutapea', '49', 'Diploma', 'true', 'WNI', '2025-06-26 07:14:53', '2025-06-26 07:14:53'),
(2121, 'Jati Tarihoran', '49', 'SMP', 'true', 'WNA', '2025-06-26 07:14:53', '2025-06-26 07:14:53'),
(2122, 'Karsa Jaga Rajata S.Psi', '56', 'SMP', 'false', 'WNI', '2025-06-26 07:14:53', '2025-06-26 07:14:53'),
(2123, 'Kunthara Virman Tampubolon S.Farm', '38', 'Sarjana', 'false', 'WNA', '2025-06-26 07:14:53', '2025-06-26 07:14:53'),
(2124, 'Adikara Martani Sihotang', '39', 'SMP', 'false', 'WNI', '2025-06-26 07:14:53', '2025-06-26 07:14:53'),
(2125, 'Lasmanto Nyana Natsir M.Farm', '37', 'Magister', 'false', 'WNI', '2025-06-26 07:14:53', '2025-06-26 07:14:53'),
(2126, 'Balidin Cayadi Nugroho', '43', 'Magister', 'true', 'WNI', '2025-06-26 07:14:53', '2025-06-26 07:14:53'),
(2127, 'Bakidin Hardiansyah S.T.', '39', 'Sarjana', 'false', 'WNA', '2025-06-26 07:14:53', '2025-06-26 07:14:53'),
(2128, 'Cecep Waluyo', '51', 'SMP', 'true', 'WNA', '2025-06-26 07:14:53', '2025-06-26 07:14:53'),
(2129, 'Martani Ramadan S.E.', '58', 'Diploma', 'true', 'WNA', '2025-06-26 07:14:53', '2025-06-26 07:14:53'),
(2130, 'Rosman Narji Lazuardi', '37', 'SMP', 'false', 'WNI', '2025-06-26 07:14:53', '2025-06-26 07:14:53'),
(2131, 'Luwes Tampubolon', '58', 'Magister', 'false', 'WNA', '2025-06-26 07:14:53', '2025-06-26 07:14:53'),
(2132, 'Bakiono Siregar', '42', 'Diploma', 'false', 'WNI', '2025-06-26 07:14:53', '2025-06-26 07:14:53'),
(2133, 'Tirtayasa Samosir', '23', 'SMA', 'true', 'WNI', '2025-06-26 07:14:53', '2025-06-26 07:14:53'),
(2134, 'Saadat Salahudin', '58', 'SMP', 'false', 'WNA', '2025-06-26 07:14:53', '2025-06-26 07:14:53'),
(2135, 'Balapati Hidayat M.Ak', '28', 'Diploma', 'true', 'WNA', '2025-06-26 07:14:53', '2025-06-26 07:14:53'),
(2136, 'Emil Jailani', '36', 'Sarjana', 'false', 'WNA', '2025-06-26 07:14:53', '2025-06-26 07:14:53'),
(2137, 'Marsudi Najmudin', '51', 'Magister', 'false', 'WNA', '2025-06-26 07:14:53', '2025-06-26 07:14:53'),
(2138, 'Slamet Saputra', '34', 'SMA', 'true', 'WNI', '2025-06-26 07:14:53', '2025-06-26 07:14:53'),
(2139, 'Adhiarja Rajata', '55', 'SMA', 'true', 'WNA', '2025-06-26 07:14:53', '2025-06-26 07:14:53'),
(2140, 'Malik Nainggolan', '44', 'SD', 'false', 'WNA', '2025-06-26 07:14:53', '2025-06-26 07:14:53'),
(2141, 'Radit Sirait', '50', 'Magister', 'true', 'WNI', '2025-06-26 07:14:53', '2025-06-26 07:14:53'),
(2142, 'Adhiarja Tarihoran', '20', 'SMP', 'true', 'WNI', '2025-06-26 07:14:53', '2025-06-26 07:14:53'),
(2143, 'Jumadi Siregar', '37', 'SMP', 'false', 'WNA', '2025-06-26 07:14:53', '2025-06-26 07:14:53'),
(2144, 'Dadap Manullang', '42', 'SD', 'false', 'WNI', '2025-06-26 07:14:53', '2025-06-26 07:14:53'),
(2145, 'Harsaya Jarwadi Simbolon M.M.', '59', 'SMA', 'true', 'WNA', '2025-06-26 07:14:53', '2025-06-26 07:14:53'),
(2146, 'Karsana Tarihoran S.E.I', '47', 'Sarjana', 'false', 'WNA', '2025-06-26 07:14:53', '2025-06-26 07:14:53'),
(2147, 'Sidiq Najmudin S.Pd', '36', 'SD', 'false', 'WNI', '2025-06-26 07:14:53', '2025-06-26 07:14:53'),
(2148, 'Radit Najmudin', '45', 'SD', 'true', 'WNI', '2025-06-26 07:14:53', '2025-06-26 07:14:53'),
(2149, 'Ade Prabawa Utama S.Farm', '52', 'SMA', 'true', 'WNA', '2025-06-26 07:14:53', '2025-06-26 07:14:53'),
(2150, 'Dartono Mangunsong', '30', 'SMA', 'true', 'WNI', '2025-06-26 07:14:53', '2025-06-26 07:14:53'),
(2151, 'Jinawi Gunarto', '53', 'Magister', 'true', 'WNI', '2025-06-26 07:14:53', '2025-06-26 07:14:53'),
(2152, 'Gantar Raden Pangestu S.Ked', '27', 'SMP', 'false', 'WNA', '2025-06-26 07:14:53', '2025-06-26 07:14:53'),
(2153, 'Jefri Prasetya', '47', 'Diploma', 'true', 'WNI', '2025-06-26 07:14:53', '2025-06-26 07:14:53'),
(2154, 'Raharja Sitorus', '53', 'Diploma', 'false', 'WNI', '2025-06-26 07:14:53', '2025-06-26 07:14:53'),
(2155, 'Tirta Latupono', '29', 'Diploma', 'false', 'WNI', '2025-06-26 07:14:53', '2025-06-26 07:14:53'),
(2156, 'Ghani Vero Wijaya', '29', 'SD', 'false', 'WNI', '2025-06-26 07:14:53', '2025-06-26 07:14:53'),
(2157, 'Bagiya Danu Mahendra S.E.I', '57', 'Diploma', 'false', 'WNA', '2025-06-26 07:14:53', '2025-06-26 07:14:53'),
(2158, 'Wahyu Maryadi M.Pd', '37', 'SMP', 'false', 'WNA', '2025-06-26 07:14:53', '2025-06-26 07:14:53'),
(2159, 'Heru Narpati', '38', 'SMP', 'false', 'WNA', '2025-06-26 07:14:53', '2025-06-26 07:14:53'),
(2160, 'Lukita Hutasoit', '48', 'SMP', 'true', 'WNA', '2025-06-26 07:14:53', '2025-06-26 07:14:53'),
(2161, 'Ibrahim Akarsana Natsir', '37', 'Diploma', 'true', 'WNI', '2025-06-26 07:14:53', '2025-06-26 07:14:53'),
(2162, 'Ismail Wijaya', '35', 'Magister', 'true', 'WNI', '2025-06-26 07:14:53', '2025-06-26 07:14:53'),
(2163, 'Bakda Natsir S.E.I', '20', 'SMP', 'false', 'WNI', '2025-06-26 07:14:53', '2025-06-26 07:14:53'),
(2164, 'Harimurti Wijaya', '33', 'Sarjana', 'false', 'WNI', '2025-06-26 07:14:53', '2025-06-26 07:14:53'),
(2165, 'Maras Wibowo', '52', 'SD', 'true', 'WNI', '2025-06-26 07:14:53', '2025-06-26 07:14:53'),
(2166, 'Oskar Mustofa', '49', 'SMP', 'false', 'WNA', '2025-06-26 07:14:53', '2025-06-26 07:14:53'),
(2167, 'Gatot Mansur', '58', 'SMP', 'true', 'WNA', '2025-06-26 07:14:53', '2025-06-26 07:14:53'),
(2168, 'Emas Panji Suryono M.M.', '53', 'Sarjana', 'false', 'WNI', '2025-06-26 07:14:53', '2025-06-26 07:14:53'),
(2169, 'Darmanto Mustofa', '34', 'Sarjana', 'false', 'WNA', '2025-06-26 07:14:53', '2025-06-26 07:14:53'),
(2170, 'Sabri Ramadan S.Kom', '23', 'SD', 'false', 'WNA', '2025-06-26 07:14:53', '2025-06-26 07:14:53'),
(2171, 'Drajat Sitompul', '36', 'Sarjana', 'true', 'WNI', '2025-06-26 07:14:53', '2025-06-26 07:14:53'),
(2172, 'Raihan Sihombing', '26', 'Magister', 'false', 'WNA', '2025-06-26 07:14:53', '2025-06-26 07:14:53'),
(2173, 'Bancar Gunarto', '34', 'SMA', 'false', 'WNA', '2025-06-26 07:14:53', '2025-06-26 07:14:53'),
(2174, 'Hari Aslijan Pranowo', '43', 'SD', 'false', 'WNI', '2025-06-26 07:14:53', '2025-06-26 07:14:53'),
(2175, 'Ridwan Haryanto', '23', 'Diploma', 'false', 'WNA', '2025-06-26 07:14:53', '2025-06-26 07:14:53'),
(2176, 'Vero Hutapea', '52', 'SMA', 'true', 'WNI', '2025-06-26 07:14:53', '2025-06-26 07:14:53'),
(2177, 'Harjaya Anggabaya Budiman S.IP', '30', 'SMA', 'true', 'WNI', '2025-06-26 07:14:53', '2025-06-26 07:14:53'),
(2178, 'Kanda Nugroho M.TI.', '47', 'Sarjana', 'false', 'WNA', '2025-06-26 07:14:53', '2025-06-26 07:14:53'),
(2179, 'Nrima Mahdi Latupono M.Ak', '48', 'SMP', 'false', 'WNA', '2025-06-26 07:14:53', '2025-06-26 07:14:53'),
(2180, 'Putu Ade Maulana S.IP', '19', 'SD', 'false', 'WNI', '2025-06-26 07:14:53', '2025-06-26 07:14:53'),
(2181, 'Eman Erik Sihombing M.Farm', '23', 'Magister', 'false', 'WNA', '2025-06-26 07:14:53', '2025-06-26 07:14:53'),
(2182, 'Rahman Adikara Pradana', '28', 'SMP', 'true', 'WNA', '2025-06-26 07:14:53', '2025-06-26 07:14:53'),
(2183, 'Gamani Budiman', '28', 'SMA', 'false', 'WNA', '2025-06-26 07:14:53', '2025-06-26 07:14:53'),
(2184, 'Harja Vero Sirait', '30', 'Sarjana', 'false', 'WNA', '2025-06-26 07:14:53', '2025-06-26 07:14:53'),
(2185, 'Cengkir Saragih', '34', 'SMA', 'false', 'WNI', '2025-06-26 07:14:53', '2025-06-26 07:14:53'),
(2186, 'Ganda Galiono Winarno S.Sos', '29', 'SMA', 'true', 'WNA', '2025-06-26 07:14:53', '2025-06-26 07:14:53'),
(2187, 'Jarwa Megantara', '58', 'Magister', 'false', 'WNA', '2025-06-26 07:14:53', '2025-06-26 07:14:53'),
(2188, 'Edward Thamrin', '60', 'Diploma', 'false', 'WNI', '2025-06-26 07:14:53', '2025-06-26 07:14:53'),
(2189, 'Cahyadi Mahendra M.M.', '59', 'SMA', 'false', 'WNA', '2025-06-26 07:14:53', '2025-06-26 07:14:53'),
(2190, 'Bakti Halim', '20', 'SMA', 'true', 'WNA', '2025-06-26 07:14:53', '2025-06-26 07:14:53'),
(2191, 'Rusman Thamrin', '32', 'SD', 'false', 'WNI', '2025-06-26 07:14:53', '2025-06-26 07:14:53'),
(2192, 'Ajimat Damanik', '33', 'Sarjana', 'true', 'WNA', '2025-06-26 07:14:53', '2025-06-26 07:14:53'),
(2193, 'Mulya Firgantoro S.E.I', '26', 'Magister', 'true', 'WNA', '2025-06-26 07:14:53', '2025-06-26 07:14:53'),
(2194, 'Luwar Maheswara S.Sos', '24', 'SMP', 'false', 'WNI', '2025-06-26 07:14:53', '2025-06-26 07:14:53'),
(2195, 'Jati Bajragin Situmorang S.Pt', '58', 'SMP', 'true', 'WNI', '2025-06-26 07:14:53', '2025-06-26 07:14:53'),
(2196, 'Salman Emin Utama', '36', 'Sarjana', 'false', 'WNA', '2025-06-26 07:14:53', '2025-06-26 07:14:53'),
(2197, 'Parman Atmaja Halim M.TI.', '53', 'Magister', 'false', 'WNA', '2025-06-26 07:14:53', '2025-06-26 07:14:53'),
(2198, 'Enteng Mandala', '39', 'SMA', 'false', 'WNI', '2025-06-26 07:14:53', '2025-06-26 07:14:53'),
(2199, 'Irnanto Manullang S.Psi', '24', 'Diploma', 'true', 'WNI', '2025-06-26 07:14:53', '2025-06-26 07:14:53'),
(2200, 'Lamar Siregar', '59', 'SMA', 'false', 'WNA', '2025-06-26 07:14:53', '2025-06-26 07:14:53'),
(2201, 'Digdaya Irnanto Natsir M.TI.', '53', 'SMA', 'true', 'WNA', '2025-06-26 07:14:53', '2025-06-26 07:14:53'),
(2202, 'Ganjaran Narpati S.H.', '27', 'Sarjana', 'true', 'WNA', '2025-06-26 07:14:53', '2025-06-26 07:14:53'),
(2203, 'Viktor Nababan', '41', 'Diploma', 'false', 'WNI', '2025-06-26 07:14:53', '2025-06-26 07:14:53'),
(2204, 'Wahyu Budiman', '45', 'SMP', 'true', 'WNI', '2025-06-26 07:14:53', '2025-06-26 07:14:53'),
(2205, 'Emil Hardiansyah M.Ak', '57', 'SMP', 'false', 'WNI', '2025-06-26 07:14:53', '2025-06-26 07:14:53'),
(2206, 'Irnanto Tamba M.Kom.', '29', 'Sarjana', 'false', 'WNI', '2025-06-26 07:14:53', '2025-06-26 07:14:53'),
(2207, 'Prayoga Pradana', '38', 'Diploma', 'true', 'WNI', '2025-06-26 07:14:53', '2025-06-26 07:14:53'),
(2208, 'Gara Balapati Simbolon', '29', 'SD', 'false', 'WNI', '2025-06-26 07:14:53', '2025-06-26 07:14:53'),
(2209, 'Carub Gunarto', '30', 'Magister', 'false', 'WNA', '2025-06-26 07:14:53', '2025-06-26 07:14:53'),
(2210, 'Irwan Mahendra', '59', 'SMP', 'true', 'WNA', '2025-06-26 07:14:53', '2025-06-26 07:14:53'),
(2211, 'Garda Marpaung', '59', 'Magister', 'false', 'WNA', '2025-06-26 07:14:53', '2025-06-26 07:14:53'),
(2212, 'Marsudi Kusumo M.TI.', '42', 'Sarjana', 'false', 'WNA', '2025-06-26 07:14:53', '2025-06-26 07:14:53'),
(2213, 'Gamani Budiman', '49', 'Diploma', 'false', 'WNI', '2025-06-26 07:14:53', '2025-06-26 07:14:53'),
(2214, 'Cakrawala Cahyanto Suwarno', '21', 'Diploma', 'false', 'WNI', '2025-06-26 07:14:53', '2025-06-26 07:14:53'),
(2215, 'Edi Prasetyo', '37', 'SMA', 'true', 'WNI', '2025-06-26 07:14:53', '2025-06-26 07:14:53'),
(2216, 'Kasusra Harsanto Marbun S.H.', '48', 'Sarjana', 'false', 'WNI', '2025-06-26 07:14:53', '2025-06-26 07:14:53'),
(2217, 'Ajimin Firgantoro', '50', 'SMA', 'false', 'WNI', '2025-06-26 07:14:53', '2025-06-26 07:14:53'),
(2218, 'Galar Widodo', '36', 'Sarjana', 'false', 'WNI', '2025-06-26 07:14:53', '2025-06-26 07:14:53'),
(2219, 'Arsipatra Waluyo', '60', 'Sarjana', 'true', 'WNI', '2025-06-26 07:14:53', '2025-06-26 07:14:53'),
(2220, 'Tasdik Marbun', '26', 'SMA', 'false', 'WNA', '2025-06-26 07:14:53', '2025-06-26 07:14:53'),
(2221, 'Cahyo Prasasta', '22', 'SMP', 'false', 'WNI', '2025-06-26 07:14:53', '2025-06-26 07:14:53'),
(2222, 'Nyoman Nugroho', '52', 'Magister', 'true', 'WNI', '2025-06-26 07:14:53', '2025-06-26 07:14:53'),
(2223, 'Capa Damanik', '59', 'Diploma', 'false', 'WNA', '2025-06-26 07:14:53', '2025-06-26 07:14:53'),
(2224, 'Saiful Nugroho', '33', 'Diploma', 'false', 'WNI', '2025-06-26 07:14:53', '2025-06-26 07:14:53'),
(2225, 'Vino Rajata', '37', 'SMA', 'true', 'WNA', '2025-06-26 07:14:53', '2025-06-26 07:14:53'),
(2226, 'Setya Wasis Thamrin S.Farm', '29', 'SMP', 'false', 'WNA', '2025-06-26 07:14:53', '2025-06-26 07:14:53'),
(2227, 'Jindra Virman Nainggolan', '59', 'Diploma', 'true', 'WNA', '2025-06-26 07:14:53', '2025-06-26 07:14:53'),
(2228, 'Dodo Nyoman Irawan S.Kom', '26', 'SMA', 'true', 'WNA', '2025-06-26 07:14:53', '2025-06-26 07:14:53'),
(2229, 'Bakiman Simanjuntak', '28', 'SMP', 'false', 'WNI', '2025-06-26 07:14:53', '2025-06-26 07:14:53'),
(2230, 'Jaka Nainggolan', '23', 'SMA', 'true', 'WNA', '2025-06-26 07:14:53', '2025-06-26 07:14:53'),
(2231, 'Eman Saptono', '31', 'Sarjana', 'true', 'WNA', '2025-06-26 07:14:53', '2025-06-26 07:14:53'),
(2232, 'Panca Firmansyah', '28', 'SMA', 'false', 'WNA', '2025-06-26 07:14:53', '2025-06-26 07:14:53'),
(2233, 'Ivan Wasita', '60', 'Diploma', 'false', 'WNA', '2025-06-26 07:14:53', '2025-06-26 07:14:53'),
(2234, 'Edi Zulkarnain', '35', 'Sarjana', 'false', 'WNA', '2025-06-26 07:14:53', '2025-06-26 07:14:53'),
(2235, 'Alambana Setiawan S.E.', '50', 'Diploma', 'true', 'WNI', '2025-06-26 07:14:53', '2025-06-26 07:14:53'),
(2236, 'Najib Maulana', '32', 'Magister', 'true', 'WNA', '2025-06-26 07:14:53', '2025-06-26 07:14:53'),
(2237, 'Jayadi Jumari Ramadan', '21', 'Sarjana', 'true', 'WNA', '2025-06-26 07:14:53', '2025-06-26 07:14:53'),
(2238, 'Bahuraksa Damanik', '46', 'Diploma', 'false', 'WNA', '2025-06-26 07:14:53', '2025-06-26 07:14:53'),
(2239, 'Marwata Arta Saputra', '51', 'Diploma', 'false', 'WNI', '2025-06-26 07:14:53', '2025-06-26 07:14:53'),
(2240, 'Rendy Wibisono', '28', 'Diploma', 'false', 'WNA', '2025-06-26 07:14:53', '2025-06-26 07:14:53'),
(2241, 'Darmanto Tampubolon', '43', 'Magister', 'false', 'WNI', '2025-06-26 07:14:53', '2025-06-26 07:14:53'),
(2242, 'Anggabaya Simbolon', '28', 'Sarjana', 'false', 'WNI', '2025-06-26 07:14:53', '2025-06-26 07:14:53'),
(2243, 'Kamal Marbun', '51', 'Sarjana', 'false', 'WNI', '2025-06-26 07:14:53', '2025-06-26 07:14:53'),
(2244, 'Jaswadi Setya Maheswara S.Psi', '49', 'Magister', 'false', 'WNI', '2025-06-26 07:14:53', '2025-06-26 07:14:53'),
(2245, 'Enteng Pradipta S.E.I', '23', 'Diploma', 'false', 'WNA', '2025-06-26 07:14:53', '2025-06-26 07:14:53'),
(2246, 'Jaswadi Pradana', '49', 'SMP', 'false', 'WNI', '2025-06-26 07:14:53', '2025-06-26 07:14:53'),
(2247, 'Ihsan Dongoran', '24', 'Sarjana', 'false', 'WNA', '2025-06-26 07:14:53', '2025-06-26 07:14:53'),
(2248, 'Nasab Mansur', '40', 'Sarjana', 'false', 'WNI', '2025-06-26 07:14:53', '2025-06-26 07:14:53'),
(2249, 'Nasim Hidayanto', '20', 'Diploma', 'true', 'WNI', '2025-06-26 07:14:53', '2025-06-26 07:14:53'),
(2250, 'Jaya Prasasta', '30', 'Sarjana', 'true', 'WNA', '2025-06-26 07:14:53', '2025-06-26 07:14:53'),
(2251, 'Gaiman Saefullah', '38', 'SMP', 'true', 'WNI', '2025-06-26 07:14:53', '2025-06-26 07:14:53'),
(2252, 'Cahyanto Umar Siregar M.Ak', '19', 'SMP', 'true', 'WNA', '2025-06-26 07:14:53', '2025-06-26 07:14:53'),
(2253, 'Ilyas Hutapea', '23', 'Sarjana', 'false', 'WNI', '2025-06-26 07:14:53', '2025-06-26 07:14:53'),
(2254, 'Wahyu Dariati Kuswoyo', '46', 'Diploma', 'false', 'WNA', '2025-06-26 07:14:53', '2025-06-26 07:14:53'),
(2255, 'Rafid Dongoran S.Kom', '47', 'Sarjana', 'false', 'WNI', '2025-06-26 07:14:53', '2025-06-26 07:14:53'),
(2256, 'Lasmanto Prabowo', '19', 'Magister', 'false', 'WNI', '2025-06-26 07:14:53', '2025-06-26 07:14:53'),
(2257, 'Laksana Najib Hutagalung S.Pd', '21', 'Sarjana', 'true', 'WNA', '2025-06-26 07:14:53', '2025-06-26 07:14:53'),
(2258, 'Cengkal Suwarno', '33', 'SMA', 'false', 'WNI', '2025-06-26 07:14:53', '2025-06-26 07:14:53'),
(2259, 'Imam Saptono M.Pd', '52', 'SMP', 'true', 'WNA', '2025-06-26 07:14:53', '2025-06-26 07:14:53'),
(2260, 'Cayadi Januar', '29', 'SMA', 'false', 'WNA', '2025-06-26 07:14:53', '2025-06-26 07:14:53'),
(2261, 'Drajat Erik Tarihoran S.I.Kom', '24', 'SD', 'false', 'WNA', '2025-06-26 07:14:53', '2025-06-26 07:14:53'),
(2262, 'Raharja Mangunsong M.Kom.', '21', 'SMA', 'true', 'WNA', '2025-06-26 07:14:53', '2025-06-26 07:14:53'),
(2263, 'Irsad Warji Saragih M.Pd', '26', 'Diploma', 'false', 'WNA', '2025-06-26 07:14:53', '2025-06-26 07:14:53'),
(2264, 'Agus Budiman', '57', 'Sarjana', 'true', 'WNI', '2025-06-26 07:14:53', '2025-06-26 07:14:53'),
(2265, 'Dwi Candrakanta Sinaga S.Farm', '25', 'SMP', 'false', 'WNA', '2025-06-26 07:14:53', '2025-06-26 07:14:53'),
(2266, 'Hendri Xanana Utama', '35', 'Diploma', 'true', 'WNA', '2025-06-26 07:14:53', '2025-06-26 07:14:53'),
(2267, 'Ilyas Gamblang Uwais', '57', 'Magister', 'false', 'WNI', '2025-06-26 07:14:53', '2025-06-26 07:14:53'),
(2268, 'Asmuni Prasasta', '35', 'Diploma', 'false', 'WNA', '2025-06-26 07:14:53', '2025-06-26 07:14:53'),
(2269, 'Darmaji Nababan S.E.', '47', 'Diploma', 'true', 'WNA', '2025-06-26 07:14:53', '2025-06-26 07:14:53'),
(2270, 'Gandi Habibi S.T.', '52', 'Magister', 'false', 'WNA', '2025-06-26 07:14:53', '2025-06-26 07:14:53'),
(2271, 'Harjasa Makara Setiawan M.Pd', '44', 'SMA', 'true', 'WNA', '2025-06-26 07:14:53', '2025-06-26 07:14:53'),
(2272, 'Cawisadi Ramadan', '49', 'Magister', 'true', 'WNI', '2025-06-26 07:14:53', '2025-06-26 07:14:53'),
(2273, 'Martana Mahendra', '55', 'Magister', 'false', 'WNA', '2025-06-26 07:14:53', '2025-06-26 07:14:53'),
(2274, 'Saka Eman Santoso S.Psi', '24', 'SMP', 'false', 'WNA', '2025-06-26 07:14:53', '2025-06-26 07:14:53'),
(2275, 'Luwar Balapati Sihombing', '25', 'Sarjana', 'false', 'WNI', '2025-06-26 07:14:53', '2025-06-26 07:14:53'),
(2276, 'Radit Sitompul', '51', 'SMP', 'true', 'WNA', '2025-06-26 07:14:53', '2025-06-26 07:14:53'),
(2277, 'Jumadi Nababan', '43', 'SMA', 'false', 'WNA', '2025-06-26 07:14:53', '2025-06-26 07:14:53'),
(2278, 'Warsita Prayoga', '51', 'SMA', 'true', 'WNA', '2025-06-26 07:14:53', '2025-06-26 07:14:53'),
(2279, 'Teddy Wahyudin', '60', 'Diploma', 'false', 'WNI', '2025-06-26 07:14:53', '2025-06-26 07:14:53'),
(2280, 'Harja Narpati', '50', 'SD', 'false', 'WNI', '2025-06-26 07:14:53', '2025-06-26 07:14:53'),
(2281, 'Jaya Tampubolon', '22', 'SMA', 'false', 'WNI', '2025-06-26 07:14:53', '2025-06-26 07:14:53'),
(2282, 'Gatra Dipa Rajasa', '53', 'SD', 'false', 'WNA', '2025-06-26 07:14:53', '2025-06-26 07:14:53'),
(2283, 'Kala Nashiruddin S.I.Kom', '28', 'SMA', 'true', 'WNA', '2025-06-26 07:14:53', '2025-06-26 07:14:53'),
(2284, 'Anggabaya Ajimat Uwais M.M.', '26', 'Magister', 'true', 'WNI', '2025-06-26 07:14:53', '2025-06-26 07:14:53'),
(2285, 'Yoga Hari Nainggolan', '36', 'Diploma', 'false', 'WNI', '2025-06-26 07:14:53', '2025-06-26 07:14:53'),
(2286, 'Rudi Heru Iswahyudi M.TI.', '39', 'SMP', 'false', 'WNI', '2025-06-26 07:14:53', '2025-06-26 07:14:53'),
(2287, 'Jarwa Daliono Putra M.TI.', '32', 'SMA', 'true', 'WNA', '2025-06-26 07:14:53', '2025-06-26 07:14:53'),
(2288, 'Bagya Hutapea', '57', 'SD', 'false', 'WNA', '2025-06-26 07:14:53', '2025-06-26 07:14:53'),
(2289, 'Arsipatra Rajata', '57', 'Sarjana', 'true', 'WNI', '2025-06-26 07:14:53', '2025-06-26 07:14:53'),
(2290, 'Luluh Zulkarnain', '46', 'SMP', 'false', 'WNI', '2025-06-26 07:14:53', '2025-06-26 07:14:53'),
(2291, 'Bancar Prasetyo Putra', '24', 'Diploma', 'true', 'WNI', '2025-06-26 07:14:53', '2025-06-26 07:14:53'),
(2292, 'Baktianto Kuswoyo', '50', 'Sarjana', 'true', 'WNI', '2025-06-26 07:14:53', '2025-06-26 07:14:53'),
(2293, 'Jati Thamrin', '46', 'SMA', 'false', 'WNA', '2025-06-26 07:14:53', '2025-06-26 07:14:53'),
(2294, 'Emin Habibi', '41', 'Magister', 'false', 'WNI', '2025-06-26 07:14:53', '2025-06-26 07:14:53'),
(2295, 'Kuncara Hutasoit', '60', 'Diploma', 'false', 'WNI', '2025-06-26 07:14:53', '2025-06-26 07:14:53'),
(2296, 'Wisnu Firmansyah S.I.Kom', '43', 'Magister', 'false', 'WNI', '2025-06-26 07:14:53', '2025-06-26 07:14:53'),
(2297, 'Darmanto Kasiran Habibi', '44', 'Sarjana', 'true', 'WNA', '2025-06-26 07:14:53', '2025-06-26 07:14:53'),
(2298, 'Mariadi Thamrin', '43', 'SMP', 'false', 'WNI', '2025-06-26 07:14:53', '2025-06-26 07:14:53'),
(2299, 'Wisnu Maryadi S.Sos', '19', 'SD', 'false', 'WNI', '2025-06-26 07:14:53', '2025-06-26 07:14:53'),
(2300, 'Warta Pranata Prasasta S.Farm', '33', 'SMP', 'true', 'WNI', '2025-06-26 07:14:53', '2025-06-26 07:14:53'),
(2301, 'Cecep Kuswoyo S.H.', '37', 'SMP', 'false', 'WNA', '2025-06-26 07:14:53', '2025-06-26 07:14:53'),
(2302, 'Jaga Marbun', '53', 'Magister', 'false', 'WNA', '2025-06-26 07:14:53', '2025-06-26 07:14:53'),
(2303, 'Balangga Manullang', '19', 'SMP', 'false', 'WNA', '2025-06-26 07:14:53', '2025-06-26 07:14:53'),
(2304, 'Tirtayasa Manah Halim S.T.', '56', 'Magister', 'true', 'WNA', '2025-06-26 07:14:53', '2025-06-26 07:14:53'),
(2305, 'Harsaya Sitorus S.Ked', '49', 'SMA', 'true', 'WNA', '2025-06-26 07:14:53', '2025-06-26 07:14:53'),
(2306, 'Jamil Maheswara', '42', 'Sarjana', 'false', 'WNA', '2025-06-26 07:14:53', '2025-06-26 07:14:53'),
(2307, 'Gadang Nainggolan', '39', 'SMA', 'true', 'WNI', '2025-06-26 07:14:53', '2025-06-26 07:14:53'),
(2308, 'Dimaz Maheswara', '27', 'Magister', 'false', 'WNI', '2025-06-26 07:14:53', '2025-06-26 07:14:53'),
(2309, 'Kadir Darmana Hutapea S.IP', '50', 'SMA', 'true', 'WNI', '2025-06-26 07:14:53', '2025-06-26 07:14:53'),
(2310, 'Prasetyo Simanjuntak', '49', 'SD', 'false', 'WNI', '2025-06-26 07:14:53', '2025-06-26 07:14:53'),
(2311, 'Bagiya Cengkir Gunawan', '26', 'SD', 'false', 'WNI', '2025-06-26 07:14:53', '2025-06-26 07:14:53'),
(2312, 'Cengkal Zulkarnain', '47', 'SMA', 'true', 'WNI', '2025-06-26 07:14:53', '2025-06-26 07:14:53'),
(2313, 'Ian Ramadan S.Pt', '20', 'Sarjana', 'true', 'WNI', '2025-06-26 07:14:53', '2025-06-26 07:14:53'),
(2314, 'Gilang Manullang M.Kom.', '21', 'Magister', 'false', 'WNI', '2025-06-26 07:14:53', '2025-06-26 07:14:53'),
(2315, 'Harsanto Wibisono', '26', 'Diploma', 'false', 'WNA', '2025-06-26 07:14:53', '2025-06-26 07:14:53'),
(2316, 'Olga Pradipta', '30', 'Magister', 'true', 'WNI', '2025-06-26 07:14:53', '2025-06-26 07:14:53'),
(2317, 'Hari Sihombing', '27', 'SMA', 'false', 'WNI', '2025-06-26 07:14:53', '2025-06-26 07:14:53'),
(2318, 'Opan Ade Zulkarnain S.IP', '25', 'Sarjana', 'true', 'WNI', '2025-06-26 07:14:53', '2025-06-26 07:14:53'),
(2319, 'Hardana Mangunsong S.Farm', '24', 'Magister', 'false', 'WNA', '2025-06-26 07:14:53', '2025-06-26 07:14:53'),
(2320, 'Gamblang Dimas Mahendra', '35', 'SMP', 'true', 'WNA', '2025-06-26 07:14:53', '2025-06-26 07:14:53'),
(2321, 'Kajen Marpaung', '34', 'Diploma', 'true', 'WNA', '2025-06-26 07:14:53', '2025-06-26 07:14:53'),
(2322, 'Rosman Latupono', '57', 'SD', 'false', 'WNI', '2025-06-26 07:14:53', '2025-06-26 07:14:53'),
(2323, 'Prayoga Zulkarnain', '55', 'SMA', 'true', 'WNI', '2025-06-26 07:14:53', '2025-06-26 07:14:53'),
(2324, 'Tugiman Utama Winarno', '32', 'Diploma', 'false', 'WNI', '2025-06-26 07:14:53', '2025-06-26 07:14:53'),
(2325, 'Danuja Wakiman Lazuardi S.E.', '45', 'SD', 'false', 'WNI', '2025-06-26 07:14:53', '2025-06-26 07:14:53'),
(2326, 'Pangeran Narpati', '27', 'Magister', 'false', 'WNI', '2025-06-26 07:14:53', '2025-06-26 07:14:53'),
(2327, 'Nasab Pradana', '34', 'SMA', 'true', 'WNA', '2025-06-26 07:14:53', '2025-06-26 07:14:53'),
(2328, 'Bahuwirya Maryadi', '45', 'SMP', 'false', 'WNI', '2025-06-26 07:14:53', '2025-06-26 07:14:53'),
(2329, 'Timbul Wibisono', '55', 'Magister', 'true', 'WNA', '2025-06-26 07:14:53', '2025-06-26 07:14:53'),
(2330, 'Gaiman Iswahyudi', '22', 'Sarjana', 'false', 'WNA', '2025-06-26 07:14:53', '2025-06-26 07:14:53'),
(2331, 'Tasnim Nugroho', '41', 'SMA', 'false', 'WNA', '2025-06-26 07:14:53', '2025-06-26 07:14:53'),
(2332, 'Gamani Wage Pranowo', '38', 'Magister', 'true', 'WNA', '2025-06-26 07:14:53', '2025-06-26 07:14:53'),
(2333, 'Kurnia Kala Hakim S.Pd', '50', 'SMA', 'false', 'WNA', '2025-06-26 07:14:53', '2025-06-26 07:14:53'),
(2334, 'Reza Ikin Hidayat S.I.Kom', '44', 'Sarjana', 'true', 'WNA', '2025-06-26 07:14:53', '2025-06-26 07:14:53'),
(2335, 'Bagas Luluh Dongoran M.Kom.', '45', 'Magister', 'false', 'WNA', '2025-06-26 07:14:53', '2025-06-26 07:14:53'),
(2336, 'Rizki Saputra', '58', 'SMP', 'false', 'WNA', '2025-06-26 07:14:53', '2025-06-26 07:14:53'),
(2337, 'Halim Dabukke S.IP', '55', 'SMP', 'false', 'WNI', '2025-06-26 07:14:53', '2025-06-26 07:14:53'),
(2338, 'Muhammad Napitupulu', '31', 'Magister', 'false', 'WNI', '2025-06-26 07:14:53', '2025-06-26 07:14:53'),
(2339, 'Caket Aris Setiawan', '57', 'Sarjana', 'true', 'WNA', '2025-06-26 07:14:53', '2025-06-26 07:14:53'),
(2340, 'Lega Hutasoit', '59', 'Diploma', 'false', 'WNI', '2025-06-26 07:14:53', '2025-06-26 07:14:53'),
(2341, 'Narji Dartono Prakasa', '19', 'SD', 'true', 'WNI', '2025-06-26 07:14:53', '2025-06-26 07:14:53'),
(2342, 'Cemeti Edi Wacana S.Pd', '57', 'SMP', 'true', 'WNA', '2025-06-26 07:14:53', '2025-06-26 07:14:53'),
(2343, 'Karsana Wijaya', '40', 'Sarjana', 'true', 'WNI', '2025-06-26 07:14:53', '2025-06-26 07:14:53'),
(2344, 'Wahyu Mujur Irawan', '50', 'Magister', 'true', 'WNI', '2025-06-26 07:14:53', '2025-06-26 07:14:53'),
(2345, 'Raihan Cahyadi Utama', '21', 'Magister', 'true', 'WNA', '2025-06-26 07:14:53', '2025-06-26 07:14:53'),
(2346, 'Jais Halim', '29', 'SMA', 'false', 'WNI', '2025-06-26 07:14:53', '2025-06-26 07:14:53'),
(2347, 'Capa Prasetya M.Ak', '26', 'SMA', 'false', 'WNA', '2025-06-26 07:14:53', '2025-06-26 07:14:53'),
(2348, 'Saka Dabukke', '50', 'SD', 'true', 'WNA', '2025-06-26 07:14:53', '2025-06-26 07:14:53'),
(2349, 'Balapati Sirait S.Pd', '30', 'SD', 'false', 'WNI', '2025-06-26 07:14:53', '2025-06-26 07:14:53'),
(2350, 'Bajragin Rajasa S.T.', '35', 'SMA', 'false', 'WNA', '2025-06-26 07:14:53', '2025-06-26 07:14:53'),
(2351, 'Alambana Haryanto', '53', 'SMP', 'false', 'WNA', '2025-06-26 07:14:53', '2025-06-26 07:14:53'),
(2352, 'Garang Emil Nainggolan', '42', 'Diploma', 'false', 'WNI', '2025-06-26 07:14:53', '2025-06-26 07:14:53'),
(2353, 'Prasetya Situmorang M.Pd', '38', 'Magister', 'true', 'WNI', '2025-06-26 07:14:53', '2025-06-26 07:14:53'),
(2354, 'Karman Daryani Winarno', '21', 'Magister', 'false', 'WNA', '2025-06-26 07:14:53', '2025-06-26 07:14:53'),
(2355, 'Surya Pangestu', '55', 'SMA', 'true', 'WNA', '2025-06-26 07:14:53', '2025-06-26 07:14:53'),
(2356, 'Kairav Mumpuni Ardianto M.TI.', '19', 'SMP', 'true', 'WNI', '2025-06-26 07:14:53', '2025-06-26 07:14:53'),
(2357, 'Tirtayasa Karsa Pradipta', '49', 'SMP', 'true', 'WNA', '2025-06-26 07:14:53', '2025-06-26 07:14:53'),
(2358, 'Candra Rajasa', '26', 'Magister', 'false', 'WNI', '2025-06-26 07:14:53', '2025-06-26 07:14:53'),
(2359, 'Lasmono Darsirah Siregar S.Farm', '24', 'Sarjana', 'false', 'WNI', '2025-06-26 07:14:53', '2025-06-26 07:14:53'),
(2360, 'Radika Dongoran', '42', 'Diploma', 'true', 'WNI', '2025-06-26 07:14:53', '2025-06-26 07:14:53'),
(2361, 'Estiawan Dabukke', '52', 'SMA', 'true', 'WNI', '2025-06-26 07:14:53', '2025-06-26 07:14:53'),
(2362, 'Pardi Ajimat Manullang S.T.', '55', 'SMP', 'false', 'WNA', '2025-06-26 07:14:53', '2025-06-26 07:14:53'),
(2363, 'Dodo Martani Manullang S.E.I', '32', 'Magister', 'true', 'WNA', '2025-06-26 07:14:53', '2025-06-26 07:14:53'),
(2364, 'Jindra Mansur', '42', 'Diploma', 'true', 'WNA', '2025-06-26 07:14:53', '2025-06-26 07:14:53'),
(2365, 'Lega Rudi Utama', '34', 'Sarjana', 'true', 'WNI', '2025-06-26 07:14:53', '2025-06-26 07:14:53'),
(2366, 'Caraka Manullang', '24', 'SMP', 'false', 'WNI', '2025-06-26 07:14:53', '2025-06-26 07:14:53'),
(2367, 'Warji Ardianto', '43', 'SD', 'false', 'WNA', '2025-06-26 07:14:53', '2025-06-26 07:14:53'),
(2368, 'Hasta Hidayat', '55', 'Sarjana', 'true', 'WNA', '2025-06-26 07:14:53', '2025-06-26 07:14:53'),
(2369, 'Bakianto Kuswoyo', '59', 'SMA', 'true', 'WNI', '2025-06-26 07:14:53', '2025-06-26 07:14:53'),
(2370, 'Lanjar Wasita', '29', 'Magister', 'false', 'WNA', '2025-06-26 07:14:53', '2025-06-26 07:14:53'),
(2371, 'Yosef Pradana S.Psi', '22', 'SD', 'true', 'WNI', '2025-06-26 07:14:53', '2025-06-26 07:14:53'),
(2372, 'Prasetyo Pranowo', '21', 'Diploma', 'false', 'WNI', '2025-06-26 07:14:53', '2025-06-26 07:14:53'),
(2373, 'Himawan Karya Tarihoran M.Kom.', '44', 'SMA', 'true', 'WNA', '2025-06-26 07:14:53', '2025-06-26 07:14:53'),
(2374, 'Kenzie Darmanto Kurniawan S.Farm', '21', 'Sarjana', 'false', 'WNI', '2025-06-26 07:14:53', '2025-06-26 07:14:53'),
(2375, 'Heru Situmorang', '40', 'Sarjana', 'true', 'WNA', '2025-06-26 07:14:53', '2025-06-26 07:14:53'),
(2376, 'Ganjaran Kairav Pranowo S.H.', '21', 'Diploma', 'false', 'WNA', '2025-06-26 07:14:53', '2025-06-26 07:14:53'),
(2377, 'Drajat Uwais', '42', 'SMA', 'false', 'WNA', '2025-06-26 07:14:53', '2025-06-26 07:14:53'),
(2378, 'Nrima Gunawan', '56', 'Sarjana', 'true', 'WNI', '2025-06-26 07:14:53', '2025-06-26 07:14:53'),
(2379, 'Tomi Wacana', '37', 'Sarjana', 'true', 'WNA', '2025-06-26 07:14:53', '2025-06-26 07:14:53'),
(2380, 'Cengkal Ramadan M.M.', '47', 'SMP', 'false', 'WNI', '2025-06-26 07:14:53', '2025-06-26 07:14:53'),
(2381, 'Bakidin Sirait S.Psi', '46', 'SD', 'false', 'WNI', '2025-06-26 07:14:53', '2025-06-26 07:14:53'),
(2382, 'Kusuma Tampubolon', '49', 'SD', 'true', 'WNA', '2025-06-26 07:14:53', '2025-06-26 07:14:53'),
(2383, 'Jamil Pradipta', '42', 'SMA', 'false', 'WNI', '2025-06-26 07:14:53', '2025-06-26 07:14:53'),
(2384, 'Wira Simbolon', '27', 'SMA', 'true', 'WNA', '2025-06-26 07:14:53', '2025-06-26 07:14:53'),
(2385, 'Alambana Nashiruddin', '46', 'Magister', 'false', 'WNI', '2025-06-26 07:14:53', '2025-06-26 07:14:53'),
(2386, 'Prabawa Rosman Saptono S.T.', '56', 'Magister', 'false', 'WNI', '2025-06-26 07:14:53', '2025-06-26 07:14:53'),
(2387, 'Empluk Karma Hutapea', '29', 'Diploma', 'false', 'WNA', '2025-06-26 07:14:53', '2025-06-26 07:14:53'),
(2388, 'Rangga Thamrin', '41', 'Diploma', 'false', 'WNI', '2025-06-26 07:14:53', '2025-06-26 07:14:53'),
(2389, 'Cakrabirawa Suwarno', '49', 'SMP', 'false', 'WNI', '2025-06-26 07:14:53', '2025-06-26 07:14:53'),
(2390, 'Nugraha Sihombing', '47', 'SMA', 'false', 'WNI', '2025-06-26 07:14:53', '2025-06-26 07:14:53'),
(2391, 'Irnanto Dabukke', '21', 'Magister', 'false', 'WNI', '2025-06-26 07:14:53', '2025-06-26 07:14:53'),
(2392, 'Nalar Santoso', '38', 'SD', 'false', 'WNI', '2025-06-26 07:14:53', '2025-06-26 07:14:53'),
(2393, 'Sidiq Mangunsong', '30', 'Magister', 'false', 'WNI', '2025-06-26 07:14:53', '2025-06-26 07:14:53'),
(2394, 'Cawisono Asirwanda Uwais M.Farm', '25', 'Sarjana', 'false', 'WNI', '2025-06-26 07:14:53', '2025-06-26 07:14:53'),
(2395, 'Rendy Jayadi Nugroho', '46', 'Magister', 'true', 'WNA', '2025-06-26 07:14:53', '2025-06-26 07:14:53'),
(2396, 'Jati Erik Maheswara M.Kom.', '20', 'SMA', 'false', 'WNI', '2025-06-26 07:14:53', '2025-06-26 07:14:53'),
(2397, 'Akarsana Bakijan Putra M.Ak', '33', 'SMP', 'false', 'WNI', '2025-06-26 07:14:53', '2025-06-26 07:14:53'),
(2398, 'Caraka Makara Damanik', '23', 'SMP', 'false', 'WNI', '2025-06-26 07:14:53', '2025-06-26 07:14:53'),
(2399, 'Cager Maulana', '31', 'SD', 'false', 'WNA', '2025-06-26 07:14:53', '2025-06-26 07:14:53'),
(2400, 'Gaman Cagak Tarihoran S.Kom', '27', 'SD', 'false', 'WNI', '2025-06-26 07:14:53', '2025-06-26 07:14:53'),
(2401, 'Erik Suwarno', '31', 'Magister', 'false', 'WNA', '2025-06-26 07:14:53', '2025-06-26 07:14:53'),
(2402, 'Daniswara Prabowo', '25', 'Magister', 'false', 'WNA', '2025-06-26 07:14:53', '2025-06-26 07:14:53'),
(2403, 'Okto Hakim', '57', 'Diploma', 'true', 'WNI', '2025-06-26 07:14:53', '2025-06-26 07:14:53'),
(2404, 'Rudi Gangsar Mustofa M.Farm', '33', 'Magister', 'true', 'WNI', '2025-06-26 07:14:53', '2025-06-26 07:14:53'),
(2405, 'Edward Candra Gunawan M.M.', '60', 'Magister', 'false', 'WNA', '2025-06-26 07:14:53', '2025-06-26 07:14:53'),
(2406, 'Cawisadi Galih Thamrin', '58', 'SD', 'false', 'WNA', '2025-06-26 07:14:53', '2025-06-26 07:14:53'),
(2407, 'Eka Haryanto', '34', 'Sarjana', 'false', 'WNA', '2025-06-26 07:14:53', '2025-06-26 07:14:53'),
(2408, 'Kamidin Adriansyah', '41', 'Diploma', 'false', 'WNI', '2025-06-26 07:14:53', '2025-06-26 07:14:53'),
(2409, 'Bahuraksa Lazuardi', '52', 'Sarjana', 'false', 'WNI', '2025-06-26 07:14:53', '2025-06-26 07:14:53'),
(2410, 'Sidiq Aris Anggriawan S.H.', '29', 'SMA', 'false', 'WNI', '2025-06-26 07:14:53', '2025-06-26 07:14:53'),
(2411, 'Radit Siregar', '33', 'SMA', 'false', 'WNI', '2025-06-26 07:14:53', '2025-06-26 07:14:53'),
(2412, 'Ikhsan Suryono S.Ked', '44', 'Sarjana', 'true', 'WNA', '2025-06-26 07:14:53', '2025-06-26 07:14:53'),
(2413, 'Gaiman Maulana', '46', 'Sarjana', 'false', 'WNA', '2025-06-26 07:14:53', '2025-06-26 07:14:53'),
(2414, 'Cagak Prabowo', '54', 'Magister', 'false', 'WNA', '2025-06-26 07:14:53', '2025-06-26 07:14:53'),
(2415, 'Wakiman Haryanto S.Farm', '42', 'Sarjana', 'true', 'WNI', '2025-06-26 07:14:53', '2025-06-26 07:14:53'),
(2416, 'Danu Wahyudin', '26', 'SD', 'true', 'WNI', '2025-06-26 07:14:53', '2025-06-26 07:14:53'),
(2417, 'Gandewa Sirait', '51', 'Magister', 'false', 'WNA', '2025-06-26 07:14:53', '2025-06-26 07:14:53'),
(2418, 'Baktiadi Yono Nugroho M.Pd', '21', 'Sarjana', 'true', 'WNA', '2025-06-26 07:14:53', '2025-06-26 07:14:53'),
(2419, 'Upik Bakianto Megantara M.Pd', '42', 'Magister', 'false', 'WNA', '2025-06-26 07:14:53', '2025-06-26 07:14:53'),
(2420, 'Garan Hidayanto', '22', 'Sarjana', 'false', 'WNI', '2025-06-26 07:14:53', '2025-06-26 07:14:53'),
(2421, 'Karsa Waluyo Sinaga S.IP', '58', 'Sarjana', 'false', 'WNA', '2025-06-26 07:14:53', '2025-06-26 07:14:53'),
(2422, 'Luwes Kurniawan S.T.', '38', 'Sarjana', 'false', 'WNA', '2025-06-26 07:14:53', '2025-06-26 07:14:53'),
(2423, 'Setya Prakasa', '55', 'Magister', 'false', 'WNA', '2025-06-26 07:14:53', '2025-06-26 07:14:53'),
(2424, 'Cahyanto Wage Prasasta', '28', 'SD', 'false', 'WNI', '2025-06-26 07:14:53', '2025-06-26 07:14:53'),
(2425, 'Prabu Lutfan Hakim M.Ak', '55', 'SMP', 'false', 'WNI', '2025-06-26 07:14:53', '2025-06-26 07:14:53'),
(2426, 'Tri Kurnia Irawan M.Ak', '40', 'SMA', 'true', 'WNI', '2025-06-26 07:14:53', '2025-06-26 07:14:53'),
(2427, 'Ibrahim Sihombing', '48', 'SMA', 'false', 'WNA', '2025-06-26 07:14:53', '2025-06-26 07:14:53'),
(2428, 'Bagya Ian Mandala', '58', 'Sarjana', 'false', 'WNI', '2025-06-26 07:14:53', '2025-06-26 07:14:53'),
(2429, 'Kawaya Siregar', '27', 'SMP', 'true', 'WNA', '2025-06-26 07:14:53', '2025-06-26 07:14:53'),
(2430, 'Warji Gamani Manullang', '36', 'SMP', 'true', 'WNA', '2025-06-26 07:14:53', '2025-06-26 07:14:53'),
(2431, 'Ilyas Jaka Mustofa M.Pd', '49', 'Magister', 'false', 'WNI', '2025-06-26 07:14:53', '2025-06-26 07:14:53'),
(2432, 'Ajiman Hasta Hutapea S.Psi', '42', 'Sarjana', 'false', 'WNA', '2025-06-26 07:14:53', '2025-06-26 07:14:53'),
(2433, 'Darmaji Omar Hardiansyah', '23', 'Sarjana', 'true', 'WNI', '2025-06-26 07:14:53', '2025-06-26 07:14:53'),
(2434, 'Jaga Sinaga', '55', 'Magister', 'true', 'WNI', '2025-06-26 07:14:53', '2025-06-26 07:14:53'),
(2435, 'Gada Nababan', '38', 'SMA', 'true', 'WNI', '2025-06-26 07:14:53', '2025-06-26 07:14:53'),
(2436, 'Teguh Nababan', '58', 'SD', 'true', 'WNA', '2025-06-26 07:14:53', '2025-06-26 07:14:53'),
(2437, 'Lukita Utama', '21', 'SMA', 'false', 'WNI', '2025-06-26 07:14:53', '2025-06-26 07:14:53'),
(2438, 'Rendy Hardi Habibi M.M.', '45', 'SMP', 'false', 'WNI', '2025-06-26 07:14:53', '2025-06-26 07:14:53'),
(2439, 'Bahuwarna Luwes Haryanto', '44', 'SMP', 'false', 'WNI', '2025-06-26 07:14:53', '2025-06-26 07:14:53'),
(2440, 'Marsudi Budiyanto', '19', 'Diploma', 'true', 'WNI', '2025-06-26 07:14:53', '2025-06-26 07:14:53'),
(2441, 'Elvin Pratama', '21', 'SD', 'true', 'WNI', '2025-06-26 07:14:53', '2025-06-26 07:14:53'),
(2442, 'Salman Marbun M.M.', '46', 'Magister', 'true', 'WNI', '2025-06-26 07:14:53', '2025-06-26 07:14:53'),
(2443, 'Najib Saragih', '29', 'Sarjana', 'true', 'WNA', '2025-06-26 07:14:53', '2025-06-26 07:14:53'),
(2444, 'Warsita Budiman', '36', 'SD', 'false', 'WNI', '2025-06-26 07:14:53', '2025-06-26 07:14:53'),
(2445, 'Cahyono Rajata M.Pd', '47', 'Sarjana', 'true', 'WNA', '2025-06-26 07:14:53', '2025-06-26 07:14:53'),
(2446, 'Jaiman Pradana', '30', 'Magister', 'true', 'WNI', '2025-06-26 07:14:53', '2025-06-26 07:14:53'),
(2447, 'Niyaga Rajasa', '19', 'SD', 'false', 'WNA', '2025-06-26 07:14:53', '2025-06-26 07:14:53'),
(2448, 'Kenari Tomi Wibisono', '34', 'Sarjana', 'false', 'WNA', '2025-06-26 07:14:53', '2025-06-26 07:14:53'),
(2449, 'Martana Bakti Saptono S.Ked', '48', 'SMP', 'true', 'WNA', '2025-06-26 07:14:53', '2025-06-26 07:14:53'),
(2450, 'Dartono Banawa Firgantoro S.Pt', '57', 'SMP', 'false', 'WNA', '2025-06-26 07:14:53', '2025-06-26 07:14:53'),
(2451, 'Kairav Cawisadi Wibowo', '19', 'Magister', 'false', 'WNA', '2025-06-26 07:14:53', '2025-06-26 07:14:53'),
(2452, 'Xanana Hutasoit', '32', 'SMA', 'false', 'WNI', '2025-06-26 07:14:53', '2025-06-26 07:14:53'),
(2453, 'Rosman Marbun', '44', 'Diploma', 'false', 'WNI', '2025-06-26 07:14:53', '2025-06-26 07:14:53'),
(2454, 'Ridwan Winarno', '26', 'Sarjana', 'true', 'WNI', '2025-06-26 07:14:53', '2025-06-26 07:14:53'),
(2455, 'Lurhur Eko Setiawan', '38', 'SMP', 'true', 'WNA', '2025-06-26 07:14:53', '2025-06-26 07:14:53'),
(2456, 'Caturangga Sitompul S.Ked', '42', 'SD', 'true', 'WNA', '2025-06-26 07:14:53', '2025-06-26 07:14:53'),
(2457, 'Yosef Dadap Rajata S.Gz', '44', 'Diploma', 'false', 'WNA', '2025-06-26 07:14:53', '2025-06-26 07:14:53'),
(2458, 'Warsita Hadi Putra', '34', 'SMA', 'true', 'WNI', '2025-06-26 07:14:53', '2025-06-26 07:14:53'),
(2459, 'Nugraha Hutagalung', '55', 'SMP', 'false', 'WNI', '2025-06-26 07:14:53', '2025-06-26 07:14:53'),
(2460, 'Irwan Sitorus', '19', 'Diploma', 'true', 'WNI', '2025-06-26 07:14:53', '2025-06-26 07:14:53'),
(2461, 'Hamzah Utama', '54', 'Magister', 'false', 'WNA', '2025-06-26 07:14:53', '2025-06-26 07:14:53'),
(2462, 'Sabri Hutasoit', '58', 'SMP', 'false', 'WNA', '2025-06-26 07:14:53', '2025-06-26 07:14:53'),
(2463, 'Adika Jagapati Damanik', '31', 'SMA', 'false', 'WNI', '2025-06-26 07:14:53', '2025-06-26 07:14:53'),
(2464, 'Malik Prayoga', '33', 'Sarjana', 'false', 'WNI', '2025-06-26 07:14:53', '2025-06-26 07:14:53'),
(2465, 'Saiful Gunarto', '60', 'Sarjana', 'false', 'WNA', '2025-06-26 07:14:53', '2025-06-26 07:14:53'),
(2466, 'Cawisadi Baktianto Sirait S.Ked', '36', 'Diploma', 'false', 'WNA', '2025-06-26 07:14:53', '2025-06-26 07:14:53'),
(2467, 'Carub Pradipta S.Kom', '39', 'SD', 'true', 'WNI', '2025-06-26 07:14:53', '2025-06-26 07:14:53'),
(2468, 'Umay Pradana', '56', 'Magister', 'true', 'WNA', '2025-06-26 07:14:53', '2025-06-26 07:14:53'),
(2469, 'Makara Waskita S.Kom', '30', 'Sarjana', 'false', 'WNA', '2025-06-26 07:14:53', '2025-06-26 07:14:53'),
(2470, 'Candrakanta Prasetya', '43', 'Diploma', 'true', 'WNA', '2025-06-26 07:14:53', '2025-06-26 07:14:53'),
(2471, 'Mahfud Firgantoro', '27', 'SD', 'false', 'WNI', '2025-06-26 07:14:53', '2025-06-26 07:14:53'),
(2472, 'Drajat Pradana M.Ak', '21', 'Sarjana', 'true', 'WNI', '2025-06-26 07:14:53', '2025-06-26 07:14:53'),
(2473, 'Sabri Saefullah', '23', 'SMP', 'false', 'WNI', '2025-06-26 07:14:53', '2025-06-26 07:14:53');
INSERT INTO `perempuans` (`id`, `nama`, `usia`, `pendidikan`, `sertif_sucatin`, `kewarganegaraan`, `created_at`, `updated_at`) VALUES
(2474, 'Prayogo Situmorang S.I.Kom', '51', 'Diploma', 'true', 'WNI', '2025-06-26 07:14:53', '2025-06-26 07:14:53'),
(2475, 'Limar Mahendra', '43', 'SMP', 'false', 'WNI', '2025-06-26 07:14:53', '2025-06-26 07:14:53'),
(2476, 'Garang Firgantoro', '34', 'Magister', 'false', 'WNI', '2025-06-26 07:14:54', '2025-06-26 07:14:54'),
(2477, 'Lembah Tamba', '48', 'SMP', 'false', 'WNA', '2025-06-26 07:14:54', '2025-06-26 07:14:54'),
(2478, 'Salman Zulkarnain', '20', 'Magister', 'false', 'WNA', '2025-06-26 07:14:54', '2025-06-26 07:14:54'),
(2479, 'Indra Budiman S.E.', '50', 'SMP', 'true', 'WNI', '2025-06-26 07:14:54', '2025-06-26 07:14:54'),
(2480, 'Jais Rajasa', '41', 'Sarjana', 'false', 'WNA', '2025-06-26 07:14:54', '2025-06-26 07:14:54'),
(2481, 'Danuja Baktiono Situmorang', '20', 'Diploma', 'true', 'WNI', '2025-06-26 07:14:54', '2025-06-26 07:14:54'),
(2482, 'Bagya Hasta Wasita', '38', 'SD', 'false', 'WNA', '2025-06-26 07:14:54', '2025-06-26 07:14:54'),
(2483, 'Edward Sirait', '29', 'SMA', 'true', 'WNA', '2025-06-26 07:14:54', '2025-06-26 07:14:54'),
(2484, 'Mursinin Suwarno', '44', 'Sarjana', 'false', 'WNI', '2025-06-26 07:14:54', '2025-06-26 07:14:54'),
(2485, 'Abyasa Mangunsong', '37', 'SMP', 'true', 'WNA', '2025-06-26 07:14:54', '2025-06-26 07:14:54'),
(2486, 'Praba Samosir', '51', 'SD', 'false', 'WNI', '2025-06-26 07:14:54', '2025-06-26 07:14:54'),
(2487, 'Asman Budiman', '34', 'SMP', 'false', 'WNI', '2025-06-26 07:14:54', '2025-06-26 07:14:54'),
(2488, 'Abyasa Kasiran Ramadan M.Ak', '52', 'SD', 'false', 'WNA', '2025-06-26 07:14:54', '2025-06-26 07:14:54'),
(2489, 'Galak Gamani Kurniawan', '40', 'Diploma', 'true', 'WNI', '2025-06-26 07:14:54', '2025-06-26 07:14:54'),
(2490, 'Jayeng Natsir', '39', 'Sarjana', 'false', 'WNA', '2025-06-26 07:14:54', '2025-06-26 07:14:54'),
(2491, 'Wisnu Pratama', '47', 'Sarjana', 'false', 'WNA', '2025-06-26 07:14:54', '2025-06-26 07:14:54'),
(2492, 'Gada Budiyanto', '58', 'SMP', 'false', 'WNI', '2025-06-26 07:14:54', '2025-06-26 07:14:54'),
(2493, 'Gamani Latupono M.M.', '43', 'Diploma', 'true', 'WNI', '2025-06-26 07:14:54', '2025-06-26 07:14:54'),
(2494, 'Kairav Sitorus M.TI.', '19', 'SMA', 'true', 'WNA', '2025-06-26 07:14:54', '2025-06-26 07:14:54'),
(2495, 'Hendri Gatra Sihotang M.Kom.', '55', 'Diploma', 'false', 'WNA', '2025-06-26 07:14:54', '2025-06-26 07:14:54'),
(2496, 'Dimaz Narpati', '56', 'Diploma', 'false', 'WNA', '2025-06-26 07:14:54', '2025-06-26 07:14:54'),
(2497, 'Kayun Pradipta', '36', 'Diploma', 'true', 'WNA', '2025-06-26 07:14:54', '2025-06-26 07:14:54'),
(2498, 'Nasab Wage Wahyudin S.Pd', '45', 'SD', 'true', 'WNI', '2025-06-26 07:14:54', '2025-06-26 07:14:54'),
(2499, 'Abyasa Prasetyo S.Farm', '54', 'SD', 'false', 'WNA', '2025-06-26 07:14:54', '2025-06-26 07:14:54'),
(2500, 'Atma Cahya Halim M.Kom.', '54', 'Diploma', 'true', 'WNI', '2025-06-26 07:14:54', '2025-06-26 07:14:54'),
(2501, 'Salman Nashiruddin', '19', 'Sarjana', 'false', 'WNI', '2025-06-26 07:14:54', '2025-06-26 07:14:54'),
(2502, 'Kenzie Narpati', '55', 'SD', 'true', 'WNA', '2025-06-26 07:14:54', '2025-06-26 07:14:54'),
(2503, 'Saiful Wahyudin S.Psi', '36', 'Magister', 'true', 'WNA', '2025-06-26 07:14:54', '2025-06-26 07:14:54'),
(2504, 'Cayadi Prasasta', '30', 'SMP', 'true', 'WNI', '2025-06-26 07:14:54', '2025-06-26 07:14:54'),
(2505, 'Dirja Putra M.Pd', '27', 'SMA', 'true', 'WNI', '2025-06-26 07:14:54', '2025-06-26 07:14:54'),
(2506, 'Joko Waskita', '53', 'SMA', 'true', 'WNA', '2025-06-26 07:14:54', '2025-06-26 07:14:54'),
(2507, 'Ismail Mahendra', '44', 'SMA', 'true', 'WNA', '2025-06-26 07:14:54', '2025-06-26 07:14:54'),
(2508, 'Reza Timbul Budiyanto S.E.', '49', 'SMP', 'false', 'WNI', '2025-06-26 07:14:54', '2025-06-26 07:14:54'),
(2509, 'Jagaraga Sitompul M.Pd', '45', 'SMP', 'false', 'WNA', '2025-06-26 07:14:54', '2025-06-26 07:14:54'),
(2510, 'Gambira Pratama', '50', 'Magister', 'false', 'WNA', '2025-06-26 07:14:54', '2025-06-26 07:14:54'),
(2511, 'Karma Kurniawan', '39', 'Sarjana', 'true', 'WNI', '2025-06-26 07:14:54', '2025-06-26 07:14:54'),
(2512, 'Empluk Mahendra', '43', 'SMP', 'false', 'WNA', '2025-06-26 07:14:54', '2025-06-26 07:14:54'),
(2513, 'Asmuni Wasita', '31', 'Sarjana', 'false', 'WNA', '2025-06-26 07:14:54', '2025-06-26 07:14:54'),
(2514, 'Surya Jagaraga Winarno M.TI.', '25', 'Magister', 'true', 'WNI', '2025-06-26 07:14:54', '2025-06-26 07:14:54'),
(2515, 'Purwanto Hutapea M.TI.', '38', 'SMA', 'false', 'WNA', '2025-06-26 07:14:54', '2025-06-26 07:14:54'),
(2516, 'Bakianto Sirait', '28', 'SMA', 'true', 'WNI', '2025-06-26 07:14:54', '2025-06-26 07:14:54'),
(2517, 'Satya Santoso M.Pd', '54', 'SMA', 'false', 'WNI', '2025-06-26 07:14:54', '2025-06-26 07:14:54'),
(2518, 'Najam Hardiansyah', '58', 'Diploma', 'false', 'WNI', '2025-06-26 07:14:54', '2025-06-26 07:14:54'),
(2519, 'Taufan Koko Nainggolan S.Farm', '57', 'Diploma', 'true', 'WNA', '2025-06-26 07:14:54', '2025-06-26 07:14:54'),
(2520, 'Balamantri Wawan Iswahyudi S.T.', '34', 'Sarjana', 'false', 'WNI', '2025-06-26 07:14:54', '2025-06-26 07:14:54'),
(2521, 'Abyasa Simbolon', '33', 'SMA', 'false', 'WNI', '2025-06-26 07:14:54', '2025-06-26 07:14:54'),
(2522, 'Galuh Lurhur Utama M.Farm', '55', 'SMP', 'false', 'WNA', '2025-06-26 07:14:54', '2025-06-26 07:14:54'),
(2523, 'Chandra Prayogo Hutasoit', '19', 'Diploma', 'true', 'WNA', '2025-06-26 07:14:54', '2025-06-26 07:14:54'),
(2524, 'Okto Mitra Wijaya S.Farm', '25', 'Sarjana', 'false', 'WNI', '2025-06-26 07:14:54', '2025-06-26 07:14:54'),
(2525, 'Kala Maulana', '20', 'Magister', 'false', 'WNI', '2025-06-26 07:14:54', '2025-06-26 07:14:54'),
(2526, 'Cahyono Hartana Maryadi M.Pd', '43', 'SD', 'true', 'WNI', '2025-06-26 07:14:54', '2025-06-26 07:14:54'),
(2527, 'Darman Mandala S.Pd', '49', 'Diploma', 'false', 'WNA', '2025-06-26 07:14:54', '2025-06-26 07:14:54'),
(2528, 'Hendra Marbun', '23', 'SD', 'true', 'WNI', '2025-06-26 07:14:54', '2025-06-26 07:14:54'),
(2529, 'Kamidin Luthfi Waluyo S.Ked', '47', 'Sarjana', 'true', 'WNA', '2025-06-26 07:14:54', '2025-06-26 07:14:54'),
(2530, 'Dodo Sitompul', '42', 'SMP', 'false', 'WNA', '2025-06-26 07:14:54', '2025-06-26 07:14:54'),
(2531, 'Vega Edison Marbun S.E.I', '45', 'SMP', 'true', 'WNI', '2025-06-26 07:14:54', '2025-06-26 07:14:54'),
(2532, 'Wakiman Mahdi Hutasoit', '29', 'SMP', 'false', 'WNA', '2025-06-26 07:14:54', '2025-06-26 07:14:54'),
(2533, 'Maryadi Waluyo', '56', 'Sarjana', 'true', 'WNA', '2025-06-26 07:14:54', '2025-06-26 07:14:54'),
(2534, 'Daryani Waskita', '49', 'SD', 'false', 'WNI', '2025-06-26 07:14:54', '2025-06-26 07:14:54'),
(2535, 'Wakiman Halim M.Ak', '40', 'SMA', 'false', 'WNA', '2025-06-26 07:14:54', '2025-06-26 07:14:54'),
(2536, 'Cahyono Suryono', '43', 'SMA', 'true', 'WNA', '2025-06-26 07:14:54', '2025-06-26 07:14:54'),
(2537, 'Bakijan Putra', '55', 'Diploma', 'false', 'WNI', '2025-06-26 07:14:54', '2025-06-26 07:14:54'),
(2538, 'Bagya Gunarto M.M.', '45', 'SMP', 'true', 'WNA', '2025-06-26 07:14:54', '2025-06-26 07:14:54'),
(2539, 'Putu Digdaya Kusumo S.Pd', '59', 'SD', 'true', 'WNA', '2025-06-26 07:14:54', '2025-06-26 07:14:54'),
(2540, 'Cager Heru Waskita', '48', 'SMA', 'false', 'WNA', '2025-06-26 07:14:54', '2025-06-26 07:14:54'),
(2541, 'Danang Tampubolon', '48', 'SMP', 'true', 'WNI', '2025-06-26 07:14:54', '2025-06-26 07:14:54'),
(2542, 'Ian Gamani Nainggolan', '25', 'SD', 'true', 'WNI', '2025-06-26 07:14:54', '2025-06-26 07:14:54'),
(2543, 'Hasim Ega Firmansyah', '35', 'Magister', 'true', 'WNI', '2025-06-26 07:14:54', '2025-06-26 07:14:54'),
(2544, 'Rudi Anggriawan', '53', 'SMP', 'true', 'WNA', '2025-06-26 07:14:54', '2025-06-26 07:14:54'),
(2545, 'Eka Iswahyudi', '25', 'SMA', 'true', 'WNA', '2025-06-26 07:14:54', '2025-06-26 07:14:54'),
(2546, 'Reksa Januar', '58', 'SMP', 'false', 'WNA', '2025-06-26 07:14:54', '2025-06-26 07:14:54'),
(2547, 'Legawa Reza Hardiansyah M.TI.', '40', 'Diploma', 'false', 'WNA', '2025-06-26 07:14:54', '2025-06-26 07:14:54'),
(2548, 'Jayadi Tarihoran', '54', 'Sarjana', 'true', 'WNA', '2025-06-26 07:14:54', '2025-06-26 07:14:54'),
(2549, 'Taswir Ardianto', '24', 'Diploma', 'true', 'WNA', '2025-06-26 07:14:54', '2025-06-26 07:14:54'),
(2550, 'Teddy Waskita', '55', 'Magister', 'false', 'WNI', '2025-06-26 07:14:54', '2025-06-26 07:14:54'),
(2551, 'Wage Zulkarnain M.Ak', '49', 'Diploma', 'false', 'WNI', '2025-06-26 07:14:54', '2025-06-26 07:14:54'),
(2552, 'Galar Elvin Marpaung', '56', 'Diploma', 'false', 'WNA', '2025-06-26 07:14:54', '2025-06-26 07:14:54'),
(2553, 'Karja Candrakanta Permadi M.Ak', '46', 'SMA', 'false', 'WNI', '2025-06-26 07:14:54', '2025-06-26 07:14:54'),
(2554, 'Dacin Siregar', '34', 'Diploma', 'false', 'WNI', '2025-06-26 07:14:54', '2025-06-26 07:14:54'),
(2555, 'Kawaya Hendra Wijaya', '40', 'Diploma', 'true', 'WNI', '2025-06-26 07:14:54', '2025-06-26 07:14:54'),
(2556, 'Harsaya Putra', '34', 'SMP', 'true', 'WNA', '2025-06-26 07:14:54', '2025-06-26 07:14:54'),
(2557, 'Karsana Hidayat', '46', 'Magister', 'false', 'WNA', '2025-06-26 07:14:54', '2025-06-26 07:14:54'),
(2558, 'Adika Hutasoit', '45', 'Magister', 'false', 'WNA', '2025-06-26 07:14:54', '2025-06-26 07:14:54'),
(2559, 'Tasdik Dabukke', '38', 'SD', 'false', 'WNA', '2025-06-26 07:14:54', '2025-06-26 07:14:54'),
(2560, 'Adika Maulana', '34', 'Magister', 'true', 'WNA', '2025-06-26 07:14:54', '2025-06-26 07:14:54'),
(2561, 'Karman Siregar', '21', 'SD', 'true', 'WNA', '2025-06-26 07:14:54', '2025-06-26 07:14:54'),
(2562, 'Samsul Siregar', '30', 'SMA', 'false', 'WNI', '2025-06-26 07:14:54', '2025-06-26 07:14:54'),
(2563, 'Laswi Permadi', '59', 'SMA', 'false', 'WNI', '2025-06-26 07:14:54', '2025-06-26 07:14:54'),
(2564, 'Dimas Catur Hutasoit', '39', 'Diploma', 'false', 'WNA', '2025-06-26 07:14:54', '2025-06-26 07:14:54'),
(2565, 'Dimaz Zulkarnain', '48', 'SD', 'false', 'WNI', '2025-06-26 07:14:54', '2025-06-26 07:14:54'),
(2566, 'Saka Mulyanto Siregar', '19', 'Sarjana', 'true', 'WNA', '2025-06-26 07:14:54', '2025-06-26 07:14:54'),
(2567, 'Karman Prasetyo', '48', 'SD', 'true', 'WNI', '2025-06-26 07:14:54', '2025-06-26 07:14:54'),
(2568, 'Eja Tarihoran', '27', 'Magister', 'false', 'WNA', '2025-06-26 07:14:54', '2025-06-26 07:14:54'),
(2569, 'Asirwanda Samosir', '36', 'SMA', 'false', 'WNA', '2025-06-26 07:14:54', '2025-06-26 07:14:54'),
(2570, 'Rosman Anggriawan S.Sos', '51', 'SD', 'true', 'WNA', '2025-06-26 07:14:54', '2025-06-26 07:14:54'),
(2571, 'Ian Budiman', '42', 'Magister', 'true', 'WNI', '2025-06-26 07:14:54', '2025-06-26 07:14:54'),
(2572, 'Baktianto Tamba', '38', 'SMA', 'true', 'WNA', '2025-06-26 07:14:54', '2025-06-26 07:14:54'),
(2573, 'Muni Prasasta', '24', 'SMP', 'false', 'WNI', '2025-06-26 07:14:54', '2025-06-26 07:14:54'),
(2574, 'Putu Dacin Saputra S.H.', '51', 'Diploma', 'false', 'WNA', '2025-06-26 07:14:54', '2025-06-26 07:14:54'),
(2575, 'Dacin Saputra', '47', 'SD', 'false', 'WNA', '2025-06-26 07:14:54', '2025-06-26 07:14:54'),
(2576, 'Harsaya Samosir', '30', 'SMA', 'true', 'WNI', '2025-06-26 07:14:54', '2025-06-26 07:14:54'),
(2577, 'Karya Taufan Santoso', '53', 'SMP', 'true', 'WNI', '2025-06-26 07:14:54', '2025-06-26 07:14:54'),
(2578, 'Rosman Nainggolan', '53', 'SMA', 'false', 'WNI', '2025-06-26 07:14:54', '2025-06-26 07:14:54'),
(2579, 'Ade Sihombing', '48', 'Diploma', 'true', 'WNA', '2025-06-26 07:14:54', '2025-06-26 07:14:54'),
(2580, 'Mursinin Raditya Tarihoran S.I.Kom', '44', 'Diploma', 'false', 'WNI', '2025-06-26 07:14:54', '2025-06-26 07:14:54'),
(2581, 'Kurnia Sihombing', '22', 'SMA', 'true', 'WNI', '2025-06-26 07:14:54', '2025-06-26 07:14:54'),
(2582, 'Jabal Marbun S.Sos', '30', 'SD', 'false', 'WNA', '2025-06-26 07:14:54', '2025-06-26 07:14:54'),
(2583, 'Ozy Gaiman Sitorus M.Ak', '37', 'SD', 'true', 'WNI', '2025-06-26 07:14:54', '2025-06-26 07:14:54'),
(2584, 'Harimurti Simbolon', '34', 'Diploma', 'false', 'WNA', '2025-06-26 07:14:54', '2025-06-26 07:14:54'),
(2585, 'Martaka Halim', '35', 'Sarjana', 'true', 'WNA', '2025-06-26 07:14:54', '2025-06-26 07:14:54'),
(2586, 'Jaga Najmudin', '49', 'SD', 'true', 'WNA', '2025-06-26 07:14:54', '2025-06-26 07:14:54'),
(2587, 'Kunthara Endra Narpati S.Gz', '55', 'SMP', 'true', 'WNI', '2025-06-26 07:14:54', '2025-06-26 07:14:54'),
(2588, 'Bagya Waluyo', '26', 'SD', 'false', 'WNI', '2025-06-26 07:14:54', '2025-06-26 07:14:54'),
(2589, 'Jefri Saputra', '39', 'Sarjana', 'false', 'WNI', '2025-06-26 07:14:54', '2025-06-26 07:14:54'),
(2590, 'Elon Dongoran', '32', 'Sarjana', 'false', 'WNA', '2025-06-26 07:14:54', '2025-06-26 07:14:54'),
(2591, 'Satya Najmudin', '25', 'SD', 'true', 'WNI', '2025-06-26 07:14:54', '2025-06-26 07:14:54'),
(2592, 'Edward Saputra', '20', 'SD', 'false', 'WNI', '2025-06-26 07:14:54', '2025-06-26 07:14:54'),
(2593, 'Cengkal Cemani Latupono', '58', 'Diploma', 'false', 'WNI', '2025-06-26 07:14:54', '2025-06-26 07:14:54'),
(2594, 'Dirja Sihombing S.Sos', '49', 'Magister', 'true', 'WNI', '2025-06-26 07:14:54', '2025-06-26 07:14:54'),
(2595, 'Eman Sihombing', '27', 'SMA', 'false', 'WNA', '2025-06-26 07:14:54', '2025-06-26 07:14:54'),
(2596, 'Gantar Jamil Prasetyo', '49', 'SD', 'false', 'WNA', '2025-06-26 07:14:54', '2025-06-26 07:14:54'),
(2597, 'Eluh Saptono', '42', 'SD', 'false', 'WNI', '2025-06-26 07:14:54', '2025-06-26 07:14:54'),
(2598, 'Arsipatra Firgantoro', '20', 'Sarjana', 'true', 'WNA', '2025-06-26 07:14:54', '2025-06-26 07:14:54'),
(2599, 'Opan Usman Suwarno', '28', 'Diploma', 'true', 'WNI', '2025-06-26 07:14:54', '2025-06-26 07:14:54'),
(2600, 'Galih Wacana', '33', 'Diploma', 'false', 'WNI', '2025-06-26 07:14:54', '2025-06-26 07:14:54'),
(2601, 'Warsita Laswi Firmansyah', '21', 'SMP', 'false', 'WNA', '2025-06-26 07:14:54', '2025-06-26 07:14:54'),
(2602, 'Cayadi Hutapea', '59', 'SMP', 'true', 'WNI', '2025-06-26 07:14:54', '2025-06-26 07:14:54'),
(2603, 'Lega Simbolon', '33', 'SMP', 'true', 'WNA', '2025-06-26 07:14:54', '2025-06-26 07:14:54'),
(2604, 'Jais Mansur', '55', 'Magister', 'false', 'WNA', '2025-06-26 07:14:54', '2025-06-26 07:14:54'),
(2605, 'Galih Bakijan Hidayanto', '32', 'SMA', 'true', 'WNI', '2025-06-26 07:14:54', '2025-06-26 07:14:54'),
(2606, 'Pangeran Kurniawan', '39', 'SMA', 'false', 'WNI', '2025-06-26 07:14:54', '2025-06-26 07:14:54'),
(2607, 'Ajiman Haryanto', '29', 'SMP', 'false', 'WNI', '2025-06-26 07:14:54', '2025-06-26 07:14:54'),
(2608, 'Edward Nasab Adriansyah', '23', 'SMA', 'false', 'WNA', '2025-06-26 07:14:54', '2025-06-26 07:14:54'),
(2609, 'Karta Harsana Prakasa', '31', 'SMP', 'false', 'WNA', '2025-06-26 07:14:54', '2025-06-26 07:14:54'),
(2610, 'Harsaya Muhammad Wibisono S.E.', '46', 'SMP', 'true', 'WNI', '2025-06-26 07:14:54', '2025-06-26 07:14:54'),
(2611, 'Wasis Hakim', '59', 'Magister', 'true', 'WNA', '2025-06-26 07:14:54', '2025-06-26 07:14:54'),
(2612, 'Irsad Kemal Rajata', '60', 'SMP', 'false', 'WNI', '2025-06-26 07:14:54', '2025-06-26 07:14:54'),
(2613, 'Dwi Aditya Kusumo', '31', 'Magister', 'false', 'WNA', '2025-06-26 07:14:54', '2025-06-26 07:14:54'),
(2614, 'Chandra Himawan Hutapea M.Ak', '60', 'Sarjana', 'true', 'WNA', '2025-06-26 07:14:54', '2025-06-26 07:14:54'),
(2615, 'Ian Januar', '23', 'SD', 'true', 'WNA', '2025-06-26 07:14:54', '2025-06-26 07:14:54'),
(2616, 'Teddy Anom Saefullah', '33', 'SMP', 'false', 'WNA', '2025-06-26 07:14:54', '2025-06-26 07:14:54'),
(2617, 'Wisnu Widodo', '34', 'Magister', 'false', 'WNA', '2025-06-26 07:14:54', '2025-06-26 07:14:54'),
(2618, 'Vega Hardiansyah S.Pt', '21', 'Sarjana', 'false', 'WNI', '2025-06-26 07:14:54', '2025-06-26 07:14:54'),
(2619, 'Ibun Prabowo Hutagalung S.Kom', '21', 'Magister', 'false', 'WNA', '2025-06-26 07:14:54', '2025-06-26 07:14:54'),
(2620, 'Bakda Zulkarnain', '22', 'SMA', 'true', 'WNA', '2025-06-26 07:14:54', '2025-06-26 07:14:54'),
(2621, 'Gangsar Dongoran', '23', 'SMA', 'true', 'WNI', '2025-06-26 07:14:54', '2025-06-26 07:14:54'),
(2622, 'Gilang Ajiono Wibisono S.Psi', '44', 'Magister', 'true', 'WNA', '2025-06-26 07:14:54', '2025-06-26 07:14:54'),
(2623, 'Cakrawangsa Sihombing', '39', 'SMA', 'true', 'WNA', '2025-06-26 07:14:54', '2025-06-26 07:14:54'),
(2624, 'Labuh Budiman', '35', 'SMP', 'false', 'WNI', '2025-06-26 07:14:54', '2025-06-26 07:14:54'),
(2625, 'Cakrabirawa Tamba S.T.', '19', 'Magister', 'false', 'WNA', '2025-06-26 07:14:54', '2025-06-26 07:14:54'),
(2626, 'Prayogo Samosir S.H.', '31', 'SD', 'true', 'WNA', '2025-06-26 07:14:54', '2025-06-26 07:14:54'),
(2627, 'Bagas Ozy Tampubolon', '35', 'Magister', 'false', 'WNI', '2025-06-26 07:14:54', '2025-06-26 07:14:54'),
(2628, 'Gara Manullang', '20', 'SMP', 'false', 'WNI', '2025-06-26 07:14:54', '2025-06-26 07:14:54'),
(2629, 'Mursita Tamba', '32', 'SMA', 'false', 'WNA', '2025-06-26 07:14:54', '2025-06-26 07:14:54'),
(2630, 'Saadat Nugroho S.Farm', '40', 'Sarjana', 'true', 'WNA', '2025-06-26 07:14:54', '2025-06-26 07:14:54'),
(2631, 'Labuh Saputra', '49', 'Diploma', 'false', 'WNA', '2025-06-26 07:14:54', '2025-06-26 07:14:54'),
(2632, 'Galih Makara Sinaga M.Pd', '51', 'SMP', 'false', 'WNA', '2025-06-26 07:14:54', '2025-06-26 07:14:54'),
(2633, 'Cakrabirawa Ibrani Saragih S.I.Kom', '46', 'Sarjana', 'true', 'WNI', '2025-06-26 07:14:54', '2025-06-26 07:14:54'),
(2634, 'Upik Hakim', '23', 'SMA', 'true', 'WNA', '2025-06-26 07:14:54', '2025-06-26 07:14:54'),
(2635, 'Muni Habibi', '29', 'SMA', 'false', 'WNI', '2025-06-26 07:14:54', '2025-06-26 07:14:54'),
(2636, 'Daryani Harjasa Mangunsong S.T.', '60', 'SMP', 'false', 'WNA', '2025-06-26 07:14:54', '2025-06-26 07:14:54'),
(2637, 'Jayeng Megantara', '40', 'SMP', 'false', 'WNI', '2025-06-26 07:14:54', '2025-06-26 07:14:54'),
(2638, 'Aris Mahendra M.Kom.', '41', 'Diploma', 'true', 'WNI', '2025-06-26 07:14:54', '2025-06-26 07:14:54'),
(2639, 'Ajiono Yoga Simbolon', '41', 'Diploma', 'false', 'WNI', '2025-06-26 07:14:54', '2025-06-26 07:14:54'),
(2640, 'Manah Samosir M.Kom.', '57', 'SMA', 'true', 'WNA', '2025-06-26 07:14:54', '2025-06-26 07:14:54'),
(2641, 'Jarwi Tarihoran', '33', 'SMA', 'true', 'WNI', '2025-06-26 07:14:54', '2025-06-26 07:14:54'),
(2642, 'Ibrahim Salahudin M.Kom.', '47', 'SD', 'true', 'WNA', '2025-06-26 07:14:54', '2025-06-26 07:14:54'),
(2643, 'Dartono Marbun', '30', 'SMA', 'true', 'WNA', '2025-06-26 07:14:54', '2025-06-26 07:14:54'),
(2644, 'Teddy Waluyo S.IP', '60', 'SD', 'false', 'WNA', '2025-06-26 07:14:54', '2025-06-26 07:14:54'),
(2645, 'Nasim Natsir', '45', 'SMA', 'true', 'WNI', '2025-06-26 07:14:54', '2025-06-26 07:14:54'),
(2646, 'Bakiadi Putra S.Farm', '30', 'Diploma', 'false', 'WNA', '2025-06-26 07:14:54', '2025-06-26 07:14:54'),
(2647, 'Edison Gunarto', '57', 'SMA', 'false', 'WNI', '2025-06-26 07:14:54', '2025-06-26 07:14:54'),
(2648, 'Lukman Situmorang', '38', 'SD', 'true', 'WNI', '2025-06-26 07:14:54', '2025-06-26 07:14:54'),
(2649, 'Aris Hutagalung S.Pt', '34', 'SMA', 'false', 'WNA', '2025-06-26 07:14:54', '2025-06-26 07:14:54'),
(2650, 'Lanjar Maryadi', '42', 'Diploma', 'false', 'WNA', '2025-06-26 07:14:54', '2025-06-26 07:14:54'),
(2651, 'Ivan Tarihoran', '50', 'Magister', 'true', 'WNI', '2025-06-26 07:14:54', '2025-06-26 07:14:54'),
(2652, 'Asmianto Tampubolon', '34', 'Diploma', 'false', 'WNI', '2025-06-26 07:14:54', '2025-06-26 07:14:54'),
(2653, 'Hartana Lazuardi S.Farm', '36', 'SD', 'false', 'WNA', '2025-06-26 07:14:54', '2025-06-26 07:14:54'),
(2654, 'Hairyanto Prasetyo', '34', 'Diploma', 'true', 'WNA', '2025-06-26 07:14:54', '2025-06-26 07:14:54'),
(2655, 'Nugraha Hidayanto S.E.I', '37', 'Diploma', 'false', 'WNI', '2025-06-26 07:14:54', '2025-06-26 07:14:54'),
(2656, 'Prayitna Najmudin', '58', 'SMA', 'true', 'WNA', '2025-06-26 07:14:54', '2025-06-26 07:14:54'),
(2657, 'Gaiman Saptono', '42', 'SMP', 'true', 'WNI', '2025-06-26 07:14:54', '2025-06-26 07:14:54'),
(2658, 'Hairyanto Daryani Nainggolan S.I.Kom', '19', 'Sarjana', 'false', 'WNA', '2025-06-26 07:14:54', '2025-06-26 07:14:54'),
(2659, 'Lega Hidayanto', '57', 'SD', 'false', 'WNA', '2025-06-26 07:14:54', '2025-06-26 07:14:54'),
(2660, 'Maryanto Maryadi', '30', 'SD', 'false', 'WNA', '2025-06-26 07:14:54', '2025-06-26 07:14:54'),
(2661, 'Gantar Hutagalung', '47', 'Sarjana', 'true', 'WNI', '2025-06-26 07:14:54', '2025-06-26 07:14:54'),
(2662, 'Gading Jefri Hutapea S.E.', '32', 'SMP', 'false', 'WNI', '2025-06-26 07:14:54', '2025-06-26 07:14:54'),
(2663, 'Kenes Latupono S.Pd', '20', 'Sarjana', 'true', 'WNA', '2025-06-26 07:14:54', '2025-06-26 07:14:54'),
(2664, 'Martani Megantara', '54', 'SMA', 'true', 'WNI', '2025-06-26 07:14:54', '2025-06-26 07:14:54'),
(2665, 'Cakrabirawa Rajata', '59', 'Sarjana', 'true', 'WNA', '2025-06-26 07:14:54', '2025-06-26 07:14:54'),
(2666, 'Karman Tampubolon', '35', 'Diploma', 'true', 'WNI', '2025-06-26 07:14:54', '2025-06-26 07:14:54'),
(2667, 'Kenari Firgantoro', '59', 'SMA', 'false', 'WNI', '2025-06-26 07:14:54', '2025-06-26 07:14:54'),
(2668, 'Rizki Sihombing', '51', 'SMP', 'true', 'WNI', '2025-06-26 07:14:54', '2025-06-26 07:14:54'),
(2669, 'Anggabaya Jailani', '29', 'Magister', 'false', 'WNI', '2025-06-26 07:14:54', '2025-06-26 07:14:54'),
(2670, 'Darmaji Sihombing M.Kom.', '50', 'Diploma', 'false', 'WNA', '2025-06-26 07:14:54', '2025-06-26 07:14:54'),
(2671, 'Oman Najam Iswahyudi', '22', 'SD', 'true', 'WNI', '2025-06-26 07:14:54', '2025-06-26 07:14:54'),
(2672, 'Heru Saputra', '32', 'SD', 'true', 'WNI', '2025-06-26 07:14:54', '2025-06-26 07:14:54'),
(2673, 'Hardana Laksana Pratama', '28', 'SMP', 'true', 'WNI', '2025-06-26 07:14:54', '2025-06-26 07:14:54'),
(2674, 'Jaeman Limar Wacana', '41', 'SMP', 'false', 'WNA', '2025-06-26 07:14:54', '2025-06-26 07:14:54'),
(2675, 'Asmadi Naradi Thamrin M.M.', '26', 'SD', 'true', 'WNI', '2025-06-26 07:14:54', '2025-06-26 07:14:54'),
(2676, 'Jarwadi Maheswara', '38', 'SMA', 'false', 'WNA', '2025-06-26 07:14:54', '2025-06-26 07:14:54'),
(2677, 'Elon Maulana S.Ked', '31', 'Diploma', 'true', 'WNA', '2025-06-26 07:14:54', '2025-06-26 07:14:54'),
(2678, 'Bajragin Pranowo S.Kom', '19', 'Sarjana', 'false', 'WNI', '2025-06-26 07:14:54', '2025-06-26 07:14:54'),
(2679, 'Edward Damar Simbolon', '47', 'SMA', 'true', 'WNI', '2025-06-26 07:14:54', '2025-06-26 07:14:54'),
(2680, 'Bancar Halim', '54', 'Diploma', 'true', 'WNA', '2025-06-26 07:14:54', '2025-06-26 07:14:54'),
(2681, 'Edi Kusumo', '37', 'SMP', 'true', 'WNI', '2025-06-26 07:14:54', '2025-06-26 07:14:54'),
(2682, 'Kajen Suryono', '28', 'SMP', 'false', 'WNI', '2025-06-26 07:14:54', '2025-06-26 07:14:54'),
(2683, 'Dariati Maman Saragih S.Farm', '46', 'SMA', 'true', 'WNI', '2025-06-26 07:14:54', '2025-06-26 07:14:54'),
(2684, 'Ajimat Irawan', '25', 'SD', 'false', 'WNA', '2025-06-26 07:14:54', '2025-06-26 07:14:54'),
(2685, 'Kuncara Sirait', '43', 'Sarjana', 'true', 'WNI', '2025-06-26 07:14:54', '2025-06-26 07:14:54'),
(2686, 'Muni Pangestu', '49', 'SMP', 'false', 'WNA', '2025-06-26 07:14:54', '2025-06-26 07:14:54'),
(2687, 'Raditya Irawan S.Kom', '44', 'Diploma', 'false', 'WNA', '2025-06-26 07:14:54', '2025-06-26 07:14:54'),
(2688, 'Cemani Megantara', '59', 'SD', 'false', 'WNA', '2025-06-26 07:14:54', '2025-06-26 07:14:54'),
(2689, 'Kalim Mariadi Pradana', '41', 'Diploma', 'false', 'WNA', '2025-06-26 07:14:54', '2025-06-26 07:14:54'),
(2690, 'Ganda Sinaga', '48', 'Magister', 'false', 'WNA', '2025-06-26 07:14:54', '2025-06-26 07:14:54'),
(2691, 'Hendri Najam Prasasta', '24', 'SMA', 'true', 'WNA', '2025-06-26 07:14:54', '2025-06-26 07:14:54'),
(2692, 'Kajen Natsir', '47', 'SMP', 'true', 'WNA', '2025-06-26 07:14:54', '2025-06-26 07:14:54'),
(2693, 'Asmianto Suwarno', '50', 'Magister', 'true', 'WNA', '2025-06-26 07:14:54', '2025-06-26 07:14:54'),
(2694, 'Kasiran Prasetya', '34', 'Diploma', 'false', 'WNA', '2025-06-26 07:14:54', '2025-06-26 07:14:54'),
(2695, 'Panji Anggriawan', '55', 'Sarjana', 'false', 'WNA', '2025-06-26 07:14:54', '2025-06-26 07:14:54'),
(2696, 'Maras Winarno', '36', 'Diploma', 'false', 'WNI', '2025-06-26 07:14:54', '2025-06-26 07:14:54'),
(2697, 'Jaga Kamidin Prayoga M.M.', '40', 'Magister', 'false', 'WNA', '2025-06-26 07:14:54', '2025-06-26 07:14:54'),
(2698, 'Ibrahim Santoso', '56', 'SMA', 'true', 'WNA', '2025-06-26 07:14:54', '2025-06-26 07:14:54'),
(2699, 'Eluh Ridwan Hutasoit', '31', 'Magister', 'true', 'WNA', '2025-06-26 07:14:54', '2025-06-26 07:14:54'),
(2700, 'Galih Dongoran', '42', 'Diploma', 'true', 'WNA', '2025-06-26 07:14:54', '2025-06-26 07:14:54'),
(2701, 'Balapati Marpaung S.I.Kom', '41', 'Diploma', 'false', 'WNI', '2025-06-26 07:14:54', '2025-06-26 07:14:54'),
(2702, 'Digdaya Hidayat', '48', 'SMA', 'false', 'WNA', '2025-06-26 07:14:54', '2025-06-26 07:14:54'),
(2703, 'Langgeng Pangestu', '54', 'SMP', 'true', 'WNA', '2025-06-26 07:14:54', '2025-06-26 07:14:54'),
(2704, 'Kardi Darmanto Tarihoran S.Ked', '37', 'SMP', 'true', 'WNA', '2025-06-26 07:14:54', '2025-06-26 07:14:54'),
(2705, 'Candrakanta Pratama', '49', 'SD', 'false', 'WNI', '2025-06-26 07:14:54', '2025-06-26 07:14:54'),
(2706, 'Malik Dabukke S.IP', '47', 'SD', 'false', 'WNI', '2025-06-26 07:14:54', '2025-06-26 07:14:54'),
(2707, 'Ian Nugroho', '34', 'SMP', 'false', 'WNA', '2025-06-26 07:14:54', '2025-06-26 07:14:54'),
(2708, 'Lutfan Dabukke', '46', 'Magister', 'true', 'WNI', '2025-06-26 07:14:54', '2025-06-26 07:14:54'),
(2709, 'Daruna Tarihoran', '45', 'SMA', 'false', 'WNI', '2025-06-26 07:14:54', '2025-06-26 07:14:54'),
(2710, 'Argono Pradipta M.Pd', '39', 'Sarjana', 'false', 'WNI', '2025-06-26 07:14:54', '2025-06-26 07:14:54'),
(2711, 'Dimas Prasetyo', '51', 'SD', 'false', 'WNI', '2025-06-26 07:14:54', '2025-06-26 07:14:54'),
(2712, 'Usman Wijaya', '40', 'Sarjana', 'true', 'WNI', '2025-06-26 07:14:54', '2025-06-26 07:14:54'),
(2713, 'Daru Setiawan S.Ked', '59', 'Magister', 'false', 'WNA', '2025-06-26 07:14:54', '2025-06-26 07:14:54'),
(2714, 'Damar Thamrin S.H.', '47', 'SMP', 'false', 'WNI', '2025-06-26 07:14:54', '2025-06-26 07:14:54'),
(2715, 'Nalar Uwais', '24', 'SMP', 'true', 'WNI', '2025-06-26 07:14:54', '2025-06-26 07:14:54'),
(2716, 'Jabal Salahudin', '45', 'SD', 'true', 'WNI', '2025-06-26 07:14:54', '2025-06-26 07:14:54'),
(2717, 'Reksa Yusuf Januar', '60', 'SMP', 'false', 'WNI', '2025-06-26 07:14:54', '2025-06-26 07:14:54'),
(2718, 'Mursinin Maulana', '37', 'SMP', 'false', 'WNI', '2025-06-26 07:14:54', '2025-06-26 07:14:54'),
(2719, 'Rahman Mandala', '23', 'Diploma', 'false', 'WNI', '2025-06-26 07:14:54', '2025-06-26 07:14:54'),
(2720, 'Mitra Wahyudin', '53', 'Magister', 'false', 'WNA', '2025-06-26 07:14:54', '2025-06-26 07:14:54'),
(2721, 'Ajimin Sihotang S.Farm', '26', 'Magister', 'true', 'WNA', '2025-06-26 07:14:54', '2025-06-26 07:14:54'),
(2722, 'Mustika Simbolon', '42', 'Magister', 'false', 'WNA', '2025-06-26 07:14:54', '2025-06-26 07:14:54'),
(2723, 'Prabowo Megantara', '44', 'Magister', 'false', 'WNI', '2025-06-26 07:14:54', '2025-06-26 07:14:54'),
(2724, 'Pranawa Mulya Prasasta', '32', 'Magister', 'true', 'WNA', '2025-06-26 07:14:54', '2025-06-26 07:14:54'),
(2725, 'Chandra Mandala', '21', 'SMP', 'true', 'WNI', '2025-06-26 07:14:54', '2025-06-26 07:14:54'),
(2726, 'Pandu Mandala', '33', 'SMP', 'true', 'WNI', '2025-06-26 07:14:54', '2025-06-26 07:14:54'),
(2727, 'Atma Dabukke', '31', 'SMP', 'true', 'WNA', '2025-06-26 07:14:54', '2025-06-26 07:14:54'),
(2728, 'Cawisono Gantar Rajata S.E.I', '55', 'SMA', 'false', 'WNI', '2025-06-26 07:14:54', '2025-06-26 07:14:54'),
(2729, 'Usman Saefullah M.Farm', '19', 'Magister', 'false', 'WNA', '2025-06-26 07:14:54', '2025-06-26 07:14:54'),
(2730, 'Dono Hardiansyah', '56', 'SMP', 'false', 'WNI', '2025-06-26 07:14:54', '2025-06-26 07:14:54'),
(2731, 'Panji Cakrawangsa Siregar S.Kom', '43', 'SMA', 'false', 'WNA', '2025-06-26 07:14:54', '2025-06-26 07:14:54'),
(2732, 'Jagaraga Hakim', '55', 'SD', 'true', 'WNI', '2025-06-26 07:14:54', '2025-06-26 07:14:54'),
(2733, 'Lurhur Saefullah', '56', 'SD', 'false', 'WNI', '2025-06-26 07:14:54', '2025-06-26 07:14:54'),
(2734, 'Jaka Tedi Gunarto', '42', 'Sarjana', 'false', 'WNA', '2025-06-26 07:14:54', '2025-06-26 07:14:54'),
(2735, 'Maras Mahendra', '32', 'SD', 'false', 'WNI', '2025-06-26 07:14:54', '2025-06-26 07:14:54'),
(2736, 'Galak Kamidin Wahyudin', '40', 'SD', 'false', 'WNA', '2025-06-26 07:14:54', '2025-06-26 07:14:54'),
(2737, 'Mustika Sihombing', '39', 'Sarjana', 'false', 'WNI', '2025-06-26 07:14:54', '2025-06-26 07:14:54'),
(2738, 'Ajiono Umaya Saragih S.Gz', '28', 'Diploma', 'false', 'WNI', '2025-06-26 07:14:54', '2025-06-26 07:14:54'),
(2739, 'Kairav Wacana M.Kom.', '37', 'SD', 'true', 'WNA', '2025-06-26 07:14:54', '2025-06-26 07:14:54'),
(2740, 'Harimurti Sirait', '19', 'Sarjana', 'true', 'WNI', '2025-06-26 07:14:54', '2025-06-26 07:14:54'),
(2741, 'Taswir Maryadi', '20', 'Magister', 'false', 'WNI', '2025-06-26 07:14:54', '2025-06-26 07:14:54'),
(2742, 'Gandewa Emong Samosir M.Kom.', '32', 'SMP', 'false', 'WNA', '2025-06-26 07:14:54', '2025-06-26 07:14:54'),
(2743, 'Prayitna Siregar', '53', 'SD', 'true', 'WNI', '2025-06-26 07:14:54', '2025-06-26 07:14:54'),
(2744, 'Ilyas Sihombing M.M.', '52', 'Diploma', 'true', 'WNI', '2025-06-26 07:14:54', '2025-06-26 07:14:54'),
(2745, 'Harjasa Banawa Maryadi', '19', 'SD', 'false', 'WNI', '2025-06-26 07:14:54', '2025-06-26 07:14:54'),
(2746, 'Sabri Tampubolon', '56', 'Diploma', 'false', 'WNI', '2025-06-26 07:14:54', '2025-06-26 07:14:54'),
(2747, 'Harsaya Tarihoran', '56', 'Sarjana', 'false', 'WNI', '2025-06-26 07:14:54', '2025-06-26 07:14:54'),
(2748, 'Aslijan Maheswara', '29', 'SD', 'false', 'WNA', '2025-06-26 07:14:54', '2025-06-26 07:14:54'),
(2749, 'Marsito Natsir', '28', 'SMP', 'false', 'WNA', '2025-06-26 07:14:54', '2025-06-26 07:14:54'),
(2750, 'Lukita Akarsana Haryanto', '37', 'Diploma', 'true', 'WNA', '2025-06-26 07:14:54', '2025-06-26 07:14:54'),
(2751, 'Jayeng Cawisadi Hidayat S.Ked', '45', 'SMA', 'true', 'WNA', '2025-06-26 07:14:54', '2025-06-26 07:14:54'),
(2752, 'Jamil Pradana', '22', 'SMP', 'false', 'WNA', '2025-06-26 07:14:54', '2025-06-26 07:14:54'),
(2753, 'Ibrahim Prabowo', '25', 'Diploma', 'false', 'WNA', '2025-06-26 07:14:54', '2025-06-26 07:14:54'),
(2754, 'Darijan Hutapea', '29', 'SMP', 'true', 'WNI', '2025-06-26 07:14:54', '2025-06-26 07:14:54'),
(2755, 'Dipa Aswani Hakim M.TI.', '25', 'Sarjana', 'false', 'WNI', '2025-06-26 07:14:54', '2025-06-26 07:14:54'),
(2756, 'Tri Megantara', '41', 'Diploma', 'true', 'WNI', '2025-06-26 07:14:54', '2025-06-26 07:14:54'),
(2757, 'Imam Hidayanto S.Psi', '38', 'Sarjana', 'false', 'WNA', '2025-06-26 07:14:54', '2025-06-26 07:14:54'),
(2758, 'Malik Prayoga', '19', 'SMP', 'true', 'WNI', '2025-06-26 07:14:54', '2025-06-26 07:14:54'),
(2759, 'Laksana Manullang M.Farm', '49', 'SMA', 'true', 'WNI', '2025-06-26 07:14:54', '2025-06-26 07:14:54'),
(2760, 'Cawuk Narpati', '41', 'Sarjana', 'false', 'WNI', '2025-06-26 07:14:54', '2025-06-26 07:14:54'),
(2761, 'Marsudi Tarihoran M.Kom.', '53', 'Diploma', 'true', 'WNA', '2025-06-26 07:14:54', '2025-06-26 07:14:54'),
(2762, 'Lasmanto Surya Hutasoit', '41', 'Diploma', 'true', 'WNA', '2025-06-26 07:14:54', '2025-06-26 07:14:54'),
(2763, 'Teguh Waluyo S.Ked', '40', 'SMA', 'true', 'WNI', '2025-06-26 07:14:54', '2025-06-26 07:14:54'),
(2764, 'Heryanto Wijaya S.T.', '29', 'Sarjana', 'true', 'WNA', '2025-06-26 07:14:54', '2025-06-26 07:14:54'),
(2765, 'Dagel Lamar Megantara S.Pd', '40', 'SMP', 'false', 'WNI', '2025-06-26 07:14:54', '2025-06-26 07:14:54'),
(2766, 'Prabu Firgantoro', '56', 'Diploma', 'true', 'WNI', '2025-06-26 07:14:54', '2025-06-26 07:14:54'),
(2767, 'Kenes Galang Samosir', '48', 'Sarjana', 'true', 'WNI', '2025-06-26 07:14:54', '2025-06-26 07:14:54'),
(2768, 'Indra Hidayanto', '49', 'Sarjana', 'false', 'WNA', '2025-06-26 07:14:54', '2025-06-26 07:14:54'),
(2769, 'Cakrabuana Budiman', '26', 'Diploma', 'true', 'WNA', '2025-06-26 07:14:54', '2025-06-26 07:14:54'),
(2770, 'Nasab Adriansyah S.Pd', '40', 'Diploma', 'true', 'WNA', '2025-06-26 07:14:54', '2025-06-26 07:14:54'),
(2771, 'Gatra Luis Simanjuntak S.Ked', '56', 'Sarjana', 'true', 'WNA', '2025-06-26 07:14:54', '2025-06-26 07:14:54'),
(2772, 'Chandra Wawan Mahendra', '47', 'Diploma', 'false', 'WNI', '2025-06-26 07:14:54', '2025-06-26 07:14:54'),
(2773, 'Sabar Sirait', '38', 'SMA', 'false', 'WNI', '2025-06-26 07:14:54', '2025-06-26 07:14:54'),
(2774, 'Gandewa Megantara', '26', 'SMP', 'false', 'WNA', '2025-06-26 07:14:54', '2025-06-26 07:14:54'),
(2775, 'Ajimin Wacana S.E.I', '19', 'Sarjana', 'true', 'WNA', '2025-06-26 07:14:54', '2025-06-26 07:14:54'),
(2776, 'Cakrajiya Hutasoit', '28', 'SMA', 'false', 'WNI', '2025-06-26 07:14:54', '2025-06-26 07:14:54'),
(2777, 'Luwes Cahyanto Jailani', '32', 'SMA', 'true', 'WNI', '2025-06-26 07:14:54', '2025-06-26 07:14:54'),
(2778, 'Marsudi Rajasa', '31', 'SMA', 'false', 'WNA', '2025-06-26 07:14:54', '2025-06-26 07:14:54'),
(2779, 'Wardaya Uwais', '28', 'SMP', 'false', 'WNA', '2025-06-26 07:14:54', '2025-06-26 07:14:54'),
(2780, 'Hartaka Hutagalung', '43', 'SMP', 'false', 'WNA', '2025-06-26 07:14:54', '2025-06-26 07:14:54'),
(2781, 'Gada Najmudin M.Farm', '24', 'SMA', 'false', 'WNI', '2025-06-26 07:14:54', '2025-06-26 07:14:54'),
(2782, 'Raditya Maryadi Saptono', '31', 'Sarjana', 'true', 'WNI', '2025-06-26 07:14:54', '2025-06-26 07:14:54'),
(2783, 'Kasim Damanik', '19', 'Sarjana', 'true', 'WNA', '2025-06-26 07:14:54', '2025-06-26 07:14:54'),
(2784, 'Lukman Wijaya', '54', 'SMP', 'false', 'WNI', '2025-06-26 07:14:54', '2025-06-26 07:14:54'),
(2785, 'Baktianto Suwarno S.Farm', '36', 'SMP', 'true', 'WNA', '2025-06-26 07:14:54', '2025-06-26 07:14:54'),
(2786, 'Cawuk Gaiman Damanik S.Ked', '27', 'Sarjana', 'false', 'WNA', '2025-06-26 07:14:54', '2025-06-26 07:14:54'),
(2787, 'Alambana Cecep Winarno S.Kom', '25', 'SMP', 'true', 'WNA', '2025-06-26 07:14:54', '2025-06-26 07:14:54'),
(2788, 'Putu Adiarja Maulana M.TI.', '39', 'SMA', 'true', 'WNA', '2025-06-26 07:14:54', '2025-06-26 07:14:54'),
(2789, 'Rafi Umay Prayoga', '34', 'SMP', 'false', 'WNI', '2025-06-26 07:14:54', '2025-06-26 07:14:54'),
(2790, 'Laksana Latupono', '41', 'Magister', 'true', 'WNI', '2025-06-26 07:14:54', '2025-06-26 07:14:54'),
(2791, 'Irwan Hakim', '44', 'SMA', 'true', 'WNA', '2025-06-26 07:14:54', '2025-06-26 07:14:54'),
(2792, 'Atmaja Wahyudin M.Ak', '41', 'SMA', 'false', 'WNI', '2025-06-26 07:14:54', '2025-06-26 07:14:54'),
(2793, 'Danu Rajasa S.IP', '34', 'SMP', 'false', 'WNA', '2025-06-26 07:14:54', '2025-06-26 07:14:54'),
(2794, 'Jumari Harimurti Sihotang S.Kom', '46', 'SMA', 'true', 'WNA', '2025-06-26 07:14:54', '2025-06-26 07:14:54'),
(2795, 'Yahya Prasasta', '26', 'SMP', 'false', 'WNI', '2025-06-26 07:14:54', '2025-06-26 07:14:54'),
(2796, 'Luhung Embuh Hutagalung', '52', 'SMP', 'false', 'WNA', '2025-06-26 07:14:54', '2025-06-26 07:14:54'),
(2797, 'Asman Wasita S.Pt', '57', 'SMP', 'false', 'WNI', '2025-06-26 07:14:54', '2025-06-26 07:14:54'),
(2798, 'Dimaz Nashiruddin M.Ak', '31', 'Sarjana', 'false', 'WNA', '2025-06-26 07:14:54', '2025-06-26 07:14:54'),
(2799, 'Tirtayasa Ramadan', '59', 'Sarjana', 'true', 'WNA', '2025-06-26 07:14:54', '2025-06-26 07:14:54'),
(2800, 'Kusuma Pranowo', '23', 'Sarjana', 'true', 'WNA', '2025-06-26 07:14:54', '2025-06-26 07:14:54'),
(2801, 'Hartaka Maheswara', '34', 'SMP', 'false', 'WNA', '2025-06-26 07:14:54', '2025-06-26 07:14:54'),
(2802, 'Embuh Setiawan S.E.', '20', 'Diploma', 'true', 'WNI', '2025-06-26 07:14:54', '2025-06-26 07:14:54'),
(2803, 'Edi Galak Ardianto S.E.', '19', 'Sarjana', 'true', 'WNI', '2025-06-26 07:14:54', '2025-06-26 07:14:54'),
(2804, 'Asman Darman Maulana S.Farm', '59', 'Sarjana', 'false', 'WNA', '2025-06-26 07:14:54', '2025-06-26 07:14:54'),
(2805, 'Imam Waluyo', '42', 'Diploma', 'true', 'WNI', '2025-06-26 07:14:54', '2025-06-26 07:14:54'),
(2806, 'Waluyo Sihotang', '43', 'Diploma', 'false', 'WNI', '2025-06-26 07:14:54', '2025-06-26 07:14:54'),
(2807, 'Muni Pangestu', '56', 'SD', 'true', 'WNI', '2025-06-26 07:14:54', '2025-06-26 07:14:54'),
(2808, 'Ibrahim Tamba', '36', 'SMP', 'true', 'WNA', '2025-06-26 07:14:54', '2025-06-26 07:14:54'),
(2809, 'Pranata Hartana Prabowo S.E.', '27', 'SMP', 'true', 'WNI', '2025-06-26 07:14:54', '2025-06-26 07:14:54'),
(2810, 'Kemal Lamar Damanik S.Sos', '57', 'SMP', 'true', 'WNI', '2025-06-26 07:14:54', '2025-06-26 07:14:54'),
(2811, 'Parman Jailani', '55', 'SMA', 'true', 'WNI', '2025-06-26 07:14:54', '2025-06-26 07:14:54'),
(2812, 'Balamantri Mustofa', '38', 'Sarjana', 'true', 'WNA', '2025-06-26 07:14:54', '2025-06-26 07:14:54'),
(2813, 'Cahyanto Lasmono Firgantoro S.Pt', '37', 'Sarjana', 'false', 'WNI', '2025-06-26 07:14:54', '2025-06-26 07:14:54'),
(2814, 'Kanda Nasim Permadi', '60', 'Magister', 'false', 'WNI', '2025-06-26 07:14:54', '2025-06-26 07:14:54'),
(2815, 'Asirwada Ramadan M.TI.', '40', 'Diploma', 'false', 'WNI', '2025-06-26 07:14:54', '2025-06-26 07:14:54'),
(2816, 'Vega Siregar', '59', 'Magister', 'true', 'WNA', '2025-06-26 07:14:54', '2025-06-26 07:14:54'),
(2817, 'Yosef Mansur', '41', 'SMP', 'false', 'WNI', '2025-06-26 07:14:54', '2025-06-26 07:14:54'),
(2818, 'Kuncara Cayadi Adriansyah S.Ked', '59', 'SMA', 'true', 'WNI', '2025-06-26 07:14:54', '2025-06-26 07:14:54'),
(2819, 'Johan Wibisono', '36', 'Diploma', 'false', 'WNA', '2025-06-26 07:14:54', '2025-06-26 07:14:54'),
(2820, 'Edi Manullang', '32', 'Sarjana', 'false', 'WNA', '2025-06-26 07:14:54', '2025-06-26 07:14:54'),
(2821, 'Mahmud Thamrin', '41', 'Diploma', 'true', 'WNI', '2025-06-26 07:14:54', '2025-06-26 07:14:54'),
(2822, 'Edi Candrakanta Simanjuntak S.Sos', '42', 'SMA', 'false', 'WNI', '2025-06-26 07:14:54', '2025-06-26 07:14:54'),
(2823, 'Elvin Kala Prasetya M.Pd', '48', 'Sarjana', 'false', 'WNI', '2025-06-26 07:14:54', '2025-06-26 07:14:54'),
(2824, 'Eman Sihombing', '27', 'Magister', 'true', 'WNI', '2025-06-26 07:14:54', '2025-06-26 07:14:54'),
(2825, 'Gandi Rajata', '21', 'SMA', 'true', 'WNA', '2025-06-26 07:14:54', '2025-06-26 07:14:54'),
(2826, 'Samsul Saputra', '25', 'Diploma', 'true', 'WNI', '2025-06-26 07:14:54', '2025-06-26 07:14:54'),
(2827, 'Mumpuni Prasetyo', '53', 'SMA', 'true', 'WNI', '2025-06-26 07:14:54', '2025-06-26 07:14:54'),
(2828, 'Estiawan Wibisono', '29', 'Diploma', 'true', 'WNA', '2025-06-26 07:14:54', '2025-06-26 07:14:54'),
(2829, 'Sidiq Zulkarnain S.H.', '27', 'SMA', 'true', 'WNI', '2025-06-26 07:14:54', '2025-06-26 07:14:54'),
(2830, 'Putu Napitupulu S.Ked', '31', 'Magister', 'true', 'WNA', '2025-06-26 07:14:54', '2025-06-26 07:14:54'),
(2831, 'Tri Maulana', '58', 'Sarjana', 'false', 'WNI', '2025-06-26 07:14:54', '2025-06-26 07:14:54'),
(2832, 'Ganjaran Galak Januar', '29', 'Diploma', 'false', 'WNA', '2025-06-26 07:14:54', '2025-06-26 07:14:54'),
(2833, 'Gamani Ardianto', '50', 'Sarjana', 'true', 'WNA', '2025-06-26 07:14:54', '2025-06-26 07:14:54'),
(2834, 'Halim Natsir', '44', 'Sarjana', 'false', 'WNI', '2025-06-26 07:14:54', '2025-06-26 07:14:54'),
(2835, 'Bala Salahudin', '57', 'SMA', 'true', 'WNA', '2025-06-26 07:14:54', '2025-06-26 07:14:54'),
(2836, 'Ade Natsir', '32', 'Magister', 'false', 'WNI', '2025-06-26 07:14:54', '2025-06-26 07:14:54'),
(2837, 'Luluh Waskita', '39', 'Magister', 'false', 'WNI', '2025-06-26 07:14:54', '2025-06-26 07:14:54'),
(2838, 'Tasnim Simbolon', '21', 'SD', 'false', 'WNI', '2025-06-26 07:14:54', '2025-06-26 07:14:54'),
(2839, 'Maras Adinata Maheswara S.T.', '55', 'SD', 'true', 'WNI', '2025-06-26 07:14:54', '2025-06-26 07:14:54'),
(2840, 'Alambana Cecep Haryanto S.E.', '23', 'SMA', 'false', 'WNI', '2025-06-26 07:14:54', '2025-06-26 07:14:54'),
(2841, 'Vega Kenes Lazuardi', '29', 'Diploma', 'false', 'WNI', '2025-06-26 07:14:54', '2025-06-26 07:14:54'),
(2842, 'Bakiman Jais Simanjuntak S.Psi', '19', 'Sarjana', 'true', 'WNI', '2025-06-26 07:14:54', '2025-06-26 07:14:54'),
(2843, 'Artawan Mumpuni Hidayanto S.IP', '35', 'Magister', 'false', 'WNI', '2025-06-26 07:14:54', '2025-06-26 07:14:54'),
(2844, 'Bakianto Purwa Lazuardi', '30', 'Sarjana', 'true', 'WNA', '2025-06-26 07:14:54', '2025-06-26 07:14:54'),
(2845, 'Gadang Nugroho', '21', 'SD', 'true', 'WNI', '2025-06-26 07:14:54', '2025-06-26 07:14:54'),
(2846, 'Nasab Maman Siregar S.H.', '21', 'SMP', 'true', 'WNI', '2025-06-26 07:14:54', '2025-06-26 07:14:54'),
(2847, 'Wardaya Wibisono', '52', 'SMA', 'false', 'WNI', '2025-06-26 07:14:54', '2025-06-26 07:14:54'),
(2848, 'Harsanto Maheswara S.Ked', '60', 'Magister', 'false', 'WNI', '2025-06-26 07:14:54', '2025-06-26 07:14:54'),
(2849, 'Utama Mahendra', '30', 'SMA', 'true', 'WNI', '2025-06-26 07:14:54', '2025-06-26 07:14:54'),
(2850, 'Jaiman Simbolon', '42', 'SD', 'true', 'WNA', '2025-06-26 07:14:54', '2025-06-26 07:14:54'),
(2851, 'Darimin Mandala', '51', 'Magister', 'false', 'WNI', '2025-06-26 07:14:55', '2025-06-26 07:14:55'),
(2852, 'Mitra Liman Situmorang', '47', 'Diploma', 'true', 'WNI', '2025-06-26 07:14:55', '2025-06-26 07:14:55'),
(2853, 'Nyoman Siregar', '38', 'Diploma', 'false', 'WNI', '2025-06-26 07:14:55', '2025-06-26 07:14:55'),
(2854, 'Garang Pradana', '59', 'Magister', 'false', 'WNA', '2025-06-26 07:14:55', '2025-06-26 07:14:55'),
(2855, 'Darijan Nashiruddin', '37', 'Magister', 'false', 'WNI', '2025-06-26 07:14:55', '2025-06-26 07:14:55'),
(2856, 'Bakiadi Hardiansyah', '26', 'SMA', 'false', 'WNA', '2025-06-26 07:14:55', '2025-06-26 07:14:55'),
(2857, 'Mujur Danang Nugroho M.Ak', '44', 'SMP', 'false', 'WNI', '2025-06-26 07:14:55', '2025-06-26 07:14:55'),
(2858, 'Embuh Haryanto', '55', 'SMA', 'true', 'WNA', '2025-06-26 07:14:55', '2025-06-26 07:14:55'),
(2859, 'Jabal Maulana', '48', 'SMP', 'true', 'WNA', '2025-06-26 07:14:55', '2025-06-26 07:14:55'),
(2860, 'Raditya Jabal Gunarto', '20', 'Sarjana', 'false', 'WNA', '2025-06-26 07:14:55', '2025-06-26 07:14:55'),
(2861, 'Rahman Asmianto Kurniawan S.T.', '51', 'Sarjana', 'false', 'WNI', '2025-06-26 07:14:55', '2025-06-26 07:14:55'),
(2862, 'Bakda Galar Mandala', '28', 'SD', 'false', 'WNA', '2025-06-26 07:14:55', '2025-06-26 07:14:55'),
(2863, 'Lurhur Marpaung', '30', 'Sarjana', 'true', 'WNI', '2025-06-26 07:14:55', '2025-06-26 07:14:55'),
(2864, 'Harjaya Vega Latupono', '34', 'Sarjana', 'false', 'WNA', '2025-06-26 07:14:55', '2025-06-26 07:14:55'),
(2865, 'Lurhur Elvin Hutagalung M.Farm', '44', 'Magister', 'true', 'WNA', '2025-06-26 07:14:55', '2025-06-26 07:14:55'),
(2866, 'Luwes Gading Maryadi S.T.', '39', 'SMP', 'false', 'WNI', '2025-06-26 07:14:55', '2025-06-26 07:14:55'),
(2867, 'Baktiono Hutapea', '43', 'SMP', 'true', 'WNI', '2025-06-26 07:14:55', '2025-06-26 07:14:55'),
(2868, 'Wira Baktianto Pratama', '35', 'Diploma', 'true', 'WNA', '2025-06-26 07:14:55', '2025-06-26 07:14:55'),
(2869, 'Taswir Luluh Najmudin S.Pt', '38', 'Sarjana', 'true', 'WNA', '2025-06-26 07:14:55', '2025-06-26 07:14:55'),
(2870, 'Utama Sinaga', '20', 'Diploma', 'false', 'WNA', '2025-06-26 07:14:55', '2025-06-26 07:14:55'),
(2871, 'Indra Siregar', '59', 'SMA', 'true', 'WNI', '2025-06-26 07:14:55', '2025-06-26 07:14:55'),
(2872, 'Hadi Samosir', '51', 'SMP', 'true', 'WNI', '2025-06-26 07:14:55', '2025-06-26 07:14:55'),
(2873, 'Cayadi Emong Prayoga S.Pt', '48', 'Magister', 'true', 'WNI', '2025-06-26 07:14:55', '2025-06-26 07:14:55'),
(2874, 'Prabu Haryanto', '20', 'Diploma', 'false', 'WNI', '2025-06-26 07:14:55', '2025-06-26 07:14:55'),
(2875, 'Gatra Mansur M.Ak', '57', 'Diploma', 'true', 'WNI', '2025-06-26 07:14:55', '2025-06-26 07:14:55'),
(2876, 'Galih Sitorus', '52', 'SMP', 'false', 'WNI', '2025-06-26 07:14:55', '2025-06-26 07:14:55'),
(2877, 'Vega Adriansyah', '23', 'Magister', 'false', 'WNI', '2025-06-26 07:14:55', '2025-06-26 07:14:55'),
(2878, 'Utama Pratama', '43', 'SMA', 'false', 'WNA', '2025-06-26 07:14:55', '2025-06-26 07:14:55'),
(2879, 'Gaman Suryono', '25', 'Diploma', 'false', 'WNA', '2025-06-26 07:14:55', '2025-06-26 07:14:55'),
(2880, 'Maryanto Megantara', '29', 'Diploma', 'false', 'WNA', '2025-06-26 07:14:55', '2025-06-26 07:14:55'),
(2881, 'Elon Kurniawan S.Psi', '53', 'SMA', 'false', 'WNA', '2025-06-26 07:14:55', '2025-06-26 07:14:55'),
(2882, 'Kayun Hutagalung', '55', 'Magister', 'false', 'WNA', '2025-06-26 07:14:55', '2025-06-26 07:14:55'),
(2883, 'Artawan Hutasoit', '45', 'SMA', 'false', 'WNI', '2025-06-26 07:14:55', '2025-06-26 07:14:55'),
(2884, 'Vino Kamal Simbolon S.E.I', '39', 'Magister', 'true', 'WNI', '2025-06-26 07:14:55', '2025-06-26 07:14:55'),
(2885, 'Rusman Cengkir Samosir S.IP', '33', 'SMA', 'true', 'WNI', '2025-06-26 07:14:55', '2025-06-26 07:14:55'),
(2886, 'Cahyanto Jasmani Prayoga', '19', 'Magister', 'false', 'WNA', '2025-06-26 07:14:55', '2025-06-26 07:14:55'),
(2887, 'Erik Hutasoit M.Kom.', '49', 'SMA', 'true', 'WNA', '2025-06-26 07:14:55', '2025-06-26 07:14:55'),
(2888, 'Edi Nugroho', '46', 'Magister', 'false', 'WNI', '2025-06-26 07:14:55', '2025-06-26 07:14:55'),
(2889, 'Wardi Siregar S.IP', '57', 'SMA', 'false', 'WNI', '2025-06-26 07:14:55', '2025-06-26 07:14:55'),
(2890, 'Purwa Suryono S.Psi', '53', 'SMP', 'false', 'WNI', '2025-06-26 07:14:55', '2025-06-26 07:14:55'),
(2891, 'Heru Dadap Anggriawan', '37', 'SD', 'true', 'WNA', '2025-06-26 07:14:55', '2025-06-26 07:14:55'),
(2892, 'Pranata Megantara', '23', 'SD', 'true', 'WNI', '2025-06-26 07:14:55', '2025-06-26 07:14:55'),
(2893, 'Nasrullah Siregar S.Farm', '58', 'Sarjana', 'true', 'WNA', '2025-06-26 07:14:55', '2025-06-26 07:14:55'),
(2894, 'Prabawa Rama Narpati', '48', 'SMA', 'false', 'WNI', '2025-06-26 07:14:55', '2025-06-26 07:14:55'),
(2895, 'Galih Irawan', '41', 'SMP', 'true', 'WNA', '2025-06-26 07:14:55', '2025-06-26 07:14:55'),
(2896, 'Najam Garda Sitorus S.Pd', '60', 'Magister', 'true', 'WNA', '2025-06-26 07:14:55', '2025-06-26 07:14:55'),
(2897, 'Johan Daniswara Mahendra S.Pd', '57', 'Magister', 'false', 'WNA', '2025-06-26 07:14:55', '2025-06-26 07:14:55'),
(2898, 'Praba Natsir M.Pd', '30', 'SMA', 'true', 'WNI', '2025-06-26 07:14:55', '2025-06-26 07:14:55'),
(2899, 'Kairav Mangunsong S.Pd', '23', 'SMA', 'false', 'WNI', '2025-06-26 07:14:55', '2025-06-26 07:14:55'),
(2900, 'Galak Wibowo S.Kom', '23', 'SD', 'true', 'WNI', '2025-06-26 07:14:55', '2025-06-26 07:14:55'),
(2901, 'Vega Firgantoro M.TI.', '44', 'SD', 'true', 'WNI', '2025-06-26 07:14:55', '2025-06-26 07:14:55'),
(2902, 'Galak Samosir S.Ked', '46', 'SMA', 'false', 'WNI', '2025-06-26 07:14:55', '2025-06-26 07:14:55'),
(2903, 'Darsirah Mangunsong S.E.', '53', 'SMA', 'false', 'WNA', '2025-06-26 07:14:55', '2025-06-26 07:14:55'),
(2904, 'Dono Wadi Sitompul', '33', 'SD', 'false', 'WNI', '2025-06-26 07:14:55', '2025-06-26 07:14:55'),
(2905, 'Kairav Gunawan S.Gz', '43', 'Diploma', 'false', 'WNA', '2025-06-26 07:14:55', '2025-06-26 07:14:55'),
(2906, 'Radika Waluyo M.Kom.', '32', 'SMA', 'true', 'WNI', '2025-06-26 07:14:55', '2025-06-26 07:14:55'),
(2907, 'Jabal Sinaga M.Farm', '43', 'SMA', 'true', 'WNI', '2025-06-26 07:14:55', '2025-06-26 07:14:55'),
(2908, 'Taufik Prima Hutagalung', '42', 'Magister', 'true', 'WNA', '2025-06-26 07:14:55', '2025-06-26 07:14:55'),
(2909, 'Bahuwarna Putra', '45', 'Diploma', 'false', 'WNI', '2025-06-26 07:14:55', '2025-06-26 07:14:55'),
(2910, 'Cahyanto Halim', '23', 'SD', 'false', 'WNI', '2025-06-26 07:14:55', '2025-06-26 07:14:55'),
(2911, 'Aslijan Megantara S.Kom', '53', 'SMP', 'false', 'WNA', '2025-06-26 07:14:55', '2025-06-26 07:14:55'),
(2912, 'Ganep Mahendra', '44', 'SMP', 'false', 'WNA', '2025-06-26 07:14:55', '2025-06-26 07:14:55'),
(2913, 'Balijan Suwarno', '60', 'Diploma', 'false', 'WNI', '2025-06-26 07:14:55', '2025-06-26 07:14:55'),
(2914, 'Hardana Marbun', '60', 'Magister', 'false', 'WNA', '2025-06-26 07:14:55', '2025-06-26 07:14:55'),
(2915, 'Halim Karman Hutapea S.Kom', '36', 'Magister', 'false', 'WNI', '2025-06-26 07:14:55', '2025-06-26 07:14:55'),
(2916, 'Baktiadi Kurniawan', '53', 'SD', 'false', 'WNI', '2025-06-26 07:14:55', '2025-06-26 07:14:55'),
(2917, 'Asirwanda Vero Winarno', '56', 'SMP', 'false', 'WNI', '2025-06-26 07:14:55', '2025-06-26 07:14:55'),
(2918, 'Mahmud Siregar', '38', 'Diploma', 'false', 'WNA', '2025-06-26 07:14:55', '2025-06-26 07:14:55'),
(2919, 'Eman Pangestu', '19', 'SD', 'false', 'WNI', '2025-06-26 07:14:55', '2025-06-26 07:14:55'),
(2920, 'Endra Banawa Narpati S.Sos', '32', 'SD', 'false', 'WNI', '2025-06-26 07:14:55', '2025-06-26 07:14:55'),
(2921, 'Ade Nababan', '46', 'Sarjana', 'false', 'WNI', '2025-06-26 07:14:55', '2025-06-26 07:14:55'),
(2922, 'Hasim Anggabaya Simbolon', '29', 'Magister', 'true', 'WNA', '2025-06-26 07:14:55', '2025-06-26 07:14:55'),
(2923, 'Pandu Dadi Mandala S.T.', '52', 'SD', 'false', 'WNA', '2025-06-26 07:14:55', '2025-06-26 07:14:55'),
(2924, 'Radika Sinaga', '54', 'SMP', 'false', 'WNA', '2025-06-26 07:14:55', '2025-06-26 07:14:55'),
(2925, 'Prima Habibi', '38', 'SD', 'false', 'WNI', '2025-06-26 07:14:55', '2025-06-26 07:14:55'),
(2926, 'Artanto Nainggolan', '30', 'Magister', 'false', 'WNA', '2025-06-26 07:14:55', '2025-06-26 07:14:55'),
(2927, 'Kayun Firmansyah S.Psi', '44', 'SMA', 'false', 'WNI', '2025-06-26 07:14:55', '2025-06-26 07:14:55'),
(2928, 'Lutfan Yosef Nashiruddin', '58', 'SD', 'true', 'WNI', '2025-06-26 07:14:55', '2025-06-26 07:14:55'),
(2929, 'Kasim Gaiman Mangunsong M.M.', '41', 'Sarjana', 'false', 'WNA', '2025-06-26 07:14:55', '2025-06-26 07:14:55'),
(2930, 'Lasmono Adhiarja Maulana M.Pd', '56', 'SMP', 'false', 'WNA', '2025-06-26 07:14:55', '2025-06-26 07:14:55'),
(2931, 'Ilyas Ganep Ardianto', '43', 'Magister', 'true', 'WNA', '2025-06-26 07:14:55', '2025-06-26 07:14:55'),
(2932, 'Mariadi Paiman Iswahyudi S.Gz', '28', 'SD', 'false', 'WNI', '2025-06-26 07:14:55', '2025-06-26 07:14:55'),
(2933, 'Raden Gadang Gunawan', '34', 'SMP', 'true', 'WNI', '2025-06-26 07:14:55', '2025-06-26 07:14:55'),
(2934, 'Drajat Panca Nainggolan S.IP', '60', 'Sarjana', 'true', 'WNI', '2025-06-26 07:14:55', '2025-06-26 07:14:55'),
(2935, 'Galih Oman Pranowo M.Kom.', '40', 'SMP', 'false', 'WNI', '2025-06-26 07:14:55', '2025-06-26 07:14:55'),
(2936, 'Pangeran Salahudin', '32', 'SMP', 'true', 'WNA', '2025-06-26 07:14:55', '2025-06-26 07:14:55'),
(2937, 'Wardaya Pradana', '40', 'SD', 'false', 'WNI', '2025-06-26 07:14:55', '2025-06-26 07:14:55'),
(2938, 'Edi Marbun', '37', 'Diploma', 'true', 'WNA', '2025-06-26 07:14:55', '2025-06-26 07:14:55'),
(2939, 'Koko Marbun', '29', 'Diploma', 'false', 'WNI', '2025-06-26 07:14:55', '2025-06-26 07:14:55'),
(2940, 'Jono Jinawi Pradipta S.Sos', '23', 'SD', 'false', 'WNI', '2025-06-26 07:14:55', '2025-06-26 07:14:55'),
(2941, 'Marwata Nashiruddin', '37', 'Diploma', 'true', 'WNA', '2025-06-26 07:14:55', '2025-06-26 07:14:55'),
(2942, 'Maman Saefullah', '41', 'Sarjana', 'false', 'WNI', '2025-06-26 07:14:55', '2025-06-26 07:14:55'),
(2943, 'Virman Napitupulu S.Farm', '46', 'SMP', 'false', 'WNA', '2025-06-26 07:14:55', '2025-06-26 07:14:55'),
(2944, 'Kuncara Waskita M.M.', '30', 'SD', 'true', 'WNI', '2025-06-26 07:14:55', '2025-06-26 07:14:55'),
(2945, 'Ganjaran Bahuraksa Nashiruddin S.Kom', '39', 'SMA', 'true', 'WNI', '2025-06-26 07:14:55', '2025-06-26 07:14:55'),
(2946, 'Taufan Siregar', '24', 'SMA', 'true', 'WNA', '2025-06-26 07:14:55', '2025-06-26 07:14:55'),
(2947, 'Baktiadi Dagel Sihombing S.Ked', '25', 'Sarjana', 'false', 'WNA', '2025-06-26 07:14:55', '2025-06-26 07:14:55'),
(2948, 'Gamani Prakasa', '46', 'SD', 'true', 'WNA', '2025-06-26 07:14:55', '2025-06-26 07:14:55');
INSERT INTO `perempuans` (`id`, `nama`, `usia`, `pendidikan`, `sertif_sucatin`, `kewarganegaraan`, `created_at`, `updated_at`) VALUES
(2949, 'Gamblang Anggriawan', '54', 'Magister', 'false', 'WNI', '2025-06-26 07:14:55', '2025-06-26 07:14:55'),
(2950, 'Najib Prayoga S.T.', '43', 'Sarjana', 'false', 'WNA', '2025-06-26 07:14:55', '2025-06-26 07:14:55'),
(2951, 'Waluyo Sihombing', '58', 'Sarjana', 'true', 'WNI', '2025-06-26 07:14:55', '2025-06-26 07:14:55'),
(2952, 'Bagiya Waskita', '38', 'SMA', 'false', 'WNA', '2025-06-26 07:14:55', '2025-06-26 07:14:55'),
(2953, 'Garan Sirait', '22', 'Sarjana', 'true', 'WNI', '2025-06-26 07:14:55', '2025-06-26 07:14:55'),
(2954, 'Luhung Habibi', '19', 'SMP', 'true', 'WNI', '2025-06-26 07:14:55', '2025-06-26 07:14:55'),
(2955, 'Nalar Lazuardi', '50', 'SMP', 'false', 'WNI', '2025-06-26 07:14:55', '2025-06-26 07:14:55'),
(2956, 'Balidin Rajasa', '48', 'SMP', 'false', 'WNI', '2025-06-26 07:14:55', '2025-06-26 07:14:55'),
(2957, 'Hasim Darmanto Saefullah S.Farm', '41', 'SD', 'false', 'WNA', '2025-06-26 07:14:55', '2025-06-26 07:14:55'),
(2958, 'Saiful Saptono', '23', 'SMA', 'false', 'WNI', '2025-06-26 07:14:55', '2025-06-26 07:14:55'),
(2959, 'Ganep Bakiono Lazuardi S.Gz', '44', 'Magister', 'true', 'WNI', '2025-06-26 07:14:55', '2025-06-26 07:14:55'),
(2960, 'Marwata Jail Ardianto', '55', 'SD', 'false', 'WNI', '2025-06-26 07:14:55', '2025-06-26 07:14:55'),
(2961, 'Atmaja Firmansyah', '32', 'SD', 'false', 'WNA', '2025-06-26 07:14:55', '2025-06-26 07:14:55'),
(2962, 'Dadi Wahyudin', '20', 'SD', 'false', 'WNI', '2025-06-26 07:14:55', '2025-06-26 07:14:55'),
(2963, 'Gatra Cakrawala Marpaung S.E.I', '34', 'SMP', 'false', 'WNA', '2025-06-26 07:14:55', '2025-06-26 07:14:55'),
(2964, 'Gangsar Uwais', '23', 'SD', 'true', 'WNA', '2025-06-26 07:14:55', '2025-06-26 07:14:55'),
(2965, 'Asirwanda Sihombing', '25', 'SMA', 'false', 'WNA', '2025-06-26 07:14:55', '2025-06-26 07:14:55'),
(2966, 'Jaiman Kurniawan', '28', 'SD', 'true', 'WNA', '2025-06-26 07:14:55', '2025-06-26 07:14:55'),
(2967, 'Aswani Bakiadi Wahyudin S.E.', '33', 'Magister', 'true', 'WNA', '2025-06-26 07:14:55', '2025-06-26 07:14:55'),
(2968, 'Radit Viman Prasetya S.Ked', '32', 'Sarjana', 'false', 'WNI', '2025-06-26 07:14:55', '2025-06-26 07:14:55'),
(2969, 'Alambana Lamar Firmansyah M.M.', '26', 'Diploma', 'true', 'WNA', '2025-06-26 07:14:55', '2025-06-26 07:14:55'),
(2970, 'Harsaya Saptono', '53', 'SMA', 'true', 'WNA', '2025-06-26 07:14:55', '2025-06-26 07:14:55'),
(2971, 'Aris Adriansyah S.Ked', '53', 'Magister', 'true', 'WNI', '2025-06-26 07:14:55', '2025-06-26 07:14:55'),
(2972, 'Karsa Megantara', '46', 'Magister', 'false', 'WNI', '2025-06-26 07:14:55', '2025-06-26 07:14:55'),
(2973, 'Cakrabirawa Sihotang', '49', 'Magister', 'true', 'WNI', '2025-06-26 07:14:55', '2025-06-26 07:14:55'),
(2974, 'Cecep Saka Najmudin S.T.', '55', 'Sarjana', 'true', 'WNI', '2025-06-26 07:14:55', '2025-06-26 07:14:55'),
(2975, 'Asmuni Gilang Lazuardi', '41', 'Magister', 'false', 'WNI', '2025-06-26 07:14:55', '2025-06-26 07:14:55'),
(2976, 'Prabowo Prayitna Mandala M.Ak', '32', 'Magister', 'true', 'WNA', '2025-06-26 07:14:55', '2025-06-26 07:14:55'),
(2977, 'Yahya Saputra S.Pd', '23', 'SD', 'false', 'WNA', '2025-06-26 07:14:55', '2025-06-26 07:14:55'),
(2978, 'Gangsa Thamrin', '37', 'Magister', 'false', 'WNA', '2025-06-26 07:14:55', '2025-06-26 07:14:55'),
(2979, 'Ikin Pratama', '28', 'Diploma', 'true', 'WNI', '2025-06-26 07:14:55', '2025-06-26 07:14:55'),
(2980, 'Martana Pangestu', '51', 'SD', 'true', 'WNA', '2025-06-26 07:14:55', '2025-06-26 07:14:55'),
(2981, 'Raihan Paiman Sihotang', '37', 'SD', 'false', 'WNA', '2025-06-26 07:14:55', '2025-06-26 07:14:55'),
(2982, 'Candrakanta Narpati', '25', 'Diploma', 'false', 'WNI', '2025-06-26 07:14:55', '2025-06-26 07:14:55'),
(2983, 'Bakiman Tampubolon', '38', 'SMP', 'true', 'WNI', '2025-06-26 07:14:55', '2025-06-26 07:14:55'),
(2984, 'Wahyu Zulkarnain S.Sos', '55', 'SD', 'false', 'WNI', '2025-06-26 07:14:55', '2025-06-26 07:14:55'),
(2985, 'Gandewa Putra', '28', 'SD', 'true', 'WNI', '2025-06-26 07:14:55', '2025-06-26 07:14:55'),
(2986, 'Warsa Irawan', '27', 'SMA', 'false', 'WNI', '2025-06-26 07:14:55', '2025-06-26 07:14:55'),
(2987, 'Opung Natsir S.IP', '45', 'Magister', 'false', 'WNA', '2025-06-26 07:14:55', '2025-06-26 07:14:55'),
(2988, 'Bahuwarna Kurnia Iswahyudi', '52', 'SMP', 'true', 'WNA', '2025-06-26 07:14:55', '2025-06-26 07:14:55'),
(2989, 'Candra Damar Wahyudin S.Pd', '47', 'SMA', 'false', 'WNA', '2025-06-26 07:14:55', '2025-06-26 07:14:55'),
(2990, 'Praba Embuh Zulkarnain S.H.', '30', 'Sarjana', 'true', 'WNI', '2025-06-26 07:14:55', '2025-06-26 07:14:55'),
(2991, 'Ajimin Pangeran Ramadan', '47', 'Magister', 'true', 'WNI', '2025-06-26 07:14:55', '2025-06-26 07:14:55'),
(2992, 'Daniswara Makara Adriansyah', '55', 'SD', 'false', 'WNA', '2025-06-26 07:14:55', '2025-06-26 07:14:55'),
(2993, 'Soleh Gangsa Salahudin S.Pt', '42', 'SD', 'true', 'WNI', '2025-06-26 07:14:55', '2025-06-26 07:14:55'),
(2994, 'Irwan Mustofa', '42', 'Diploma', 'false', 'WNI', '2025-06-26 07:14:55', '2025-06-26 07:14:55'),
(2995, 'Najam Candrakanta Wijaya M.Kom.', '31', 'SMA', 'true', 'WNI', '2025-06-26 07:14:55', '2025-06-26 07:14:55'),
(2996, 'Cagak Najmudin', '60', 'SMA', 'true', 'WNI', '2025-06-26 07:14:55', '2025-06-26 07:14:55'),
(2997, 'Panji Gatra Natsir S.Farm', '49', 'Diploma', 'true', 'WNI', '2025-06-26 07:14:55', '2025-06-26 07:14:55'),
(2998, 'Mulyanto Latupono', '41', 'SMA', 'true', 'WNA', '2025-06-26 07:14:55', '2025-06-26 07:14:55'),
(2999, 'Prabowo Zulkarnain', '25', 'Magister', 'false', 'WNI', '2025-06-26 07:14:55', '2025-06-26 07:14:55'),
(3000, 'Opan Nababan', '34', 'SD', 'false', 'WNI', '2025-06-26 07:14:55', '2025-06-26 07:14:55');

-- --------------------------------------------------------

--
-- Table structure for table `peristiwa_perkawinan`
--

CREATE TABLE `peristiwa_perkawinan` (
  `id` bigint UNSIGNED NOT NULL,
  `perkawinan_id` bigint UNSIGNED NOT NULL,
  `kantor` int NOT NULL DEFAULT '0',
  `luar_kantor` int NOT NULL DEFAULT '0',
  `perkawinan_campuran_laki` int NOT NULL DEFAULT '0',
  `perkawinan_campuran_perempuan` int NOT NULL DEFAULT '0',
  `rujuk` int NOT NULL DEFAULT '0',
  `file` varchar(255) COLLATE utf8mb4_unicode_ci DEFAULT NULL,
  `created_at` timestamp NULL DEFAULT NULL,
  `updated_at` timestamp NULL DEFAULT NULL
) ENGINE=InnoDB DEFAULT CHARSET=utf8mb4 COLLATE=utf8mb4_unicode_ci;

-- --------------------------------------------------------

--
-- Table structure for table `perkawinan`
--

CREATE TABLE `perkawinan` (
  `id` bigint UNSIGNED NOT NULL,
  `laporan_id` bigint UNSIGNED NOT NULL,
  `kelurahan_id` bigint UNSIGNED NOT NULL,
  `jumlah_perkawinan` int NOT NULL DEFAULT '0',
  `created_at` timestamp NULL DEFAULT NULL,
  `updated_at` timestamp NULL DEFAULT NULL
) ENGINE=InnoDB DEFAULT CHARSET=utf8mb4 COLLATE=utf8mb4_unicode_ci;

-- --------------------------------------------------------

--
-- Table structure for table `pernikahans`
--

CREATE TABLE `pernikahans` (
  `id` bigint UNSIGNED NOT NULL,
  `id_pria` bigint UNSIGNED NOT NULL,
  `id_perempuan` bigint UNSIGNED NOT NULL,
  `id_user` bigint UNSIGNED NOT NULL,
  `id_kelurahan` bigint UNSIGNED NOT NULL,
  `tanggal_pernikahan` date NOT NULL,
  `hasil_rujukan` enum('ya','tidak') COLLATE utf8mb4_unicode_ci NOT NULL DEFAULT 'tidak',
  `created_at` timestamp NULL DEFAULT NULL,
  `updated_at` timestamp NULL DEFAULT NULL
) ENGINE=InnoDB DEFAULT CHARSET=utf8mb4 COLLATE=utf8mb4_unicode_ci;

--
-- Dumping data for table `pernikahans`
--

INSERT INTO `pernikahans` (`id`, `id_pria`, `id_perempuan`, `id_user`, `id_kelurahan`, `tanggal_pernikahan`, `hasil_rujukan`, `created_at`, `updated_at`) VALUES
(2, 2906, 2285, 17, 17, '2023-10-21', 'ya', '2025-06-26 07:14:55', '2025-06-26 07:14:55'),
(3, 2868, 2294, 14, 7, '2025-03-31', 'tidak', '2025-06-26 07:14:55', '2025-06-26 07:14:55'),
(4, 2054, 2975, 16, 3, '2023-10-20', 'tidak', '2025-06-26 07:14:55', '2025-06-26 07:14:55'),
(5, 2039, 2280, 17, 18, '2025-04-03', 'ya', '2025-06-26 07:14:55', '2025-06-26 07:14:55'),
(6, 2872, 2283, 16, 1, '2025-03-29', 'tidak', '2025-06-26 07:14:55', '2025-06-26 07:14:55'),
(7, 2332, 2183, 16, 1, '2023-07-23', 'tidak', '2025-06-26 07:14:55', '2025-06-26 07:14:55'),
(8, 2255, 2701, 11, 5, '2023-10-21', 'tidak', '2025-06-26 07:14:55', '2025-06-26 07:14:55'),
(9, 2342, 2110, 11, 8, '2025-02-19', 'ya', '2025-06-26 07:14:55', '2025-06-26 07:14:55'),
(10, 2291, 2896, 13, 3, '2024-05-06', 'tidak', '2025-06-26 07:14:55', '2025-06-26 07:14:55'),
(11, 2685, 2255, 11, 13, '2023-08-21', 'ya', '2025-06-26 07:14:55', '2025-06-26 07:14:55'),
(12, 2589, 2588, 17, 14, '2023-09-18', 'tidak', '2025-06-26 07:14:55', '2025-06-26 07:14:55'),
(13, 2715, 2371, 14, 19, '2025-03-21', 'tidak', '2025-06-26 07:14:55', '2025-06-26 07:14:55'),
(14, 2087, 2401, 16, 7, '2024-12-23', 'tidak', '2025-06-26 07:14:55', '2025-06-26 07:14:55'),
(15, 2065, 2890, 14, 14, '2024-02-28', 'ya', '2025-06-26 07:14:55', '2025-06-26 07:14:55'),
(16, 2266, 2515, 12, 4, '2024-06-11', 'ya', '2025-06-26 07:14:55', '2025-06-26 07:14:55'),
(17, 2595, 2031, 16, 16, '2024-03-03', 'tidak', '2025-06-26 07:14:55', '2025-06-26 07:14:55'),
(18, 2941, 2941, 13, 10, '2024-01-16', 'tidak', '2025-06-26 07:14:55', '2025-06-26 07:14:55'),
(19, 2400, 2261, 12, 9, '2024-07-26', 'ya', '2025-06-26 07:14:55', '2025-06-26 07:14:55'),
(20, 2463, 2884, 15, 3, '2025-03-16', 'ya', '2025-06-26 07:14:55', '2025-06-26 07:14:55'),
(21, 2259, 2197, 14, 13, '2023-11-26', 'ya', '2025-06-26 07:14:55', '2025-06-26 07:14:55'),
(22, 2012, 2442, 17, 16, '2024-10-07', 'tidak', '2025-06-26 07:14:55', '2025-06-26 07:14:55'),
(23, 2390, 2028, 15, 18, '2024-09-29', 'tidak', '2025-06-26 07:14:55', '2025-06-26 07:14:55'),
(24, 2693, 2403, 11, 16, '2025-06-25', 'ya', '2025-06-26 07:14:55', '2025-06-26 07:14:55'),
(25, 2946, 2705, 12, 14, '2024-07-28', 'tidak', '2025-06-26 07:14:55', '2025-06-26 07:14:55'),
(26, 2397, 2325, 13, 17, '2025-05-21', 'ya', '2025-06-26 07:14:55', '2025-06-26 07:14:55'),
(27, 2278, 2603, 13, 6, '2023-08-23', 'ya', '2025-06-26 07:14:55', '2025-06-26 07:14:55'),
(28, 2915, 2613, 11, 5, '2023-08-22', 'tidak', '2025-06-26 07:14:55', '2025-06-26 07:14:55'),
(29, 2090, 2616, 13, 12, '2024-04-19', 'tidak', '2025-06-26 07:14:55', '2025-06-26 07:14:55'),
(30, 2318, 2430, 14, 8, '2024-07-05', 'tidak', '2025-06-26 07:14:55', '2025-06-26 07:14:55'),
(31, 2833, 2777, 12, 1, '2024-08-02', 'ya', '2025-06-26 07:14:55', '2025-06-26 07:14:55'),
(32, 2611, 2226, 12, 8, '2024-10-25', 'ya', '2025-06-26 07:14:55', '2025-06-26 07:14:55'),
(33, 2542, 2648, 14, 7, '2024-05-06', 'tidak', '2025-06-26 07:14:55', '2025-06-26 07:14:55'),
(34, 2224, 2528, 17, 19, '2023-09-04', 'ya', '2025-06-26 07:14:55', '2025-06-26 07:14:55'),
(35, 2520, 2838, 12, 4, '2024-06-19', 'tidak', '2025-06-26 07:14:55', '2025-06-26 07:14:55'),
(36, 2899, 2663, 11, 14, '2023-09-10', 'ya', '2025-06-26 07:14:55', '2025-06-26 07:14:55'),
(37, 2227, 2770, 14, 11, '2024-02-07', 'ya', '2025-06-26 07:14:55', '2025-06-26 07:14:55'),
(38, 2451, 2212, 12, 10, '2024-09-22', 'ya', '2025-06-26 07:14:55', '2025-06-26 07:14:55'),
(39, 2752, 2920, 16, 17, '2024-12-01', 'tidak', '2025-06-26 07:14:55', '2025-06-26 07:14:55'),
(40, 2133, 2410, 16, 13, '2023-09-17', 'tidak', '2025-06-26 07:14:55', '2025-06-26 07:14:55'),
(41, 2705, 2626, 15, 13, '2024-03-10', 'ya', '2025-06-26 07:14:55', '2025-06-26 07:14:55'),
(42, 2499, 2858, 13, 8, '2024-10-12', 'tidak', '2025-06-26 07:14:55', '2025-06-26 07:14:55'),
(43, 2143, 2592, 11, 3, '2023-10-27', 'ya', '2025-06-26 07:14:55', '2025-06-26 07:14:55'),
(44, 2157, 2224, 16, 6, '2024-01-27', 'ya', '2025-06-26 07:14:55', '2025-06-26 07:14:55'),
(45, 2835, 2300, 12, 15, '2024-04-23', 'ya', '2025-06-26 07:14:55', '2025-06-26 07:14:55'),
(46, 2921, 2156, 14, 1, '2025-02-22', 'ya', '2025-06-26 07:14:55', '2025-06-26 07:14:55'),
(47, 2290, 2914, 16, 17, '2025-02-13', 'tidak', '2025-06-26 07:14:55', '2025-06-26 07:14:55'),
(48, 2675, 2284, 14, 1, '2025-05-24', 'ya', '2025-06-26 07:14:55', '2025-06-26 07:14:55'),
(49, 2608, 2891, 15, 3, '2024-10-13', 'ya', '2025-06-26 07:14:55', '2025-06-26 07:14:55'),
(50, 2665, 2820, 16, 18, '2023-12-02', 'tidak', '2025-06-26 07:14:55', '2025-06-26 07:14:55'),
(51, 2372, 2801, 11, 15, '2025-06-17', 'ya', '2025-06-26 07:14:55', '2025-06-26 07:14:55'),
(52, 2432, 2426, 11, 6, '2024-12-22', 'ya', '2025-06-26 07:14:55', '2025-06-26 07:14:55'),
(53, 2517, 2334, 14, 11, '2024-06-01', 'tidak', '2025-06-26 07:14:55', '2025-06-26 07:14:55'),
(54, 2924, 2418, 14, 10, '2023-08-06', 'ya', '2025-06-26 07:14:55', '2025-06-26 07:14:55'),
(55, 2870, 2507, 15, 14, '2024-12-23', 'ya', '2025-06-26 07:14:55', '2025-06-26 07:14:55'),
(56, 2174, 2840, 12, 1, '2025-01-16', 'ya', '2025-06-26 07:14:55', '2025-06-26 07:14:55'),
(57, 2289, 2861, 17, 9, '2024-09-01', 'ya', '2025-06-26 07:14:55', '2025-06-26 07:14:55'),
(58, 2070, 2280, 11, 11, '2024-05-08', 'ya', '2025-06-26 07:14:55', '2025-06-26 07:14:55'),
(59, 2365, 2330, 17, 19, '2024-08-28', 'tidak', '2025-06-26 07:14:55', '2025-06-26 07:14:55'),
(60, 2541, 2639, 13, 18, '2024-08-09', 'ya', '2025-06-26 07:14:55', '2025-06-26 07:14:55'),
(61, 2715, 2656, 15, 17, '2024-05-23', 'ya', '2025-06-26 07:14:55', '2025-06-26 07:14:55'),
(62, 2673, 2234, 11, 1, '2024-07-18', 'ya', '2025-06-26 07:14:55', '2025-06-26 07:14:55'),
(63, 2971, 2706, 16, 12, '2024-04-06', 'tidak', '2025-06-26 07:14:55', '2025-06-26 07:14:55'),
(64, 2445, 2052, 16, 3, '2024-06-08', 'ya', '2025-06-26 07:14:55', '2025-06-26 07:14:55'),
(65, 2646, 2025, 15, 13, '2024-09-07', 'tidak', '2025-06-26 07:14:55', '2025-06-26 07:14:55'),
(66, 2537, 2492, 12, 15, '2024-10-08', 'tidak', '2025-06-26 07:14:55', '2025-06-26 07:14:55'),
(67, 2020, 2229, 15, 13, '2024-10-22', 'ya', '2025-06-26 07:14:55', '2025-06-26 07:14:55'),
(68, 2768, 2653, 17, 6, '2023-11-14', 'ya', '2025-06-26 07:14:55', '2025-06-26 07:14:55'),
(69, 2045, 2840, 13, 4, '2024-11-27', 'tidak', '2025-06-26 07:14:55', '2025-06-26 07:14:55'),
(70, 2097, 2419, 17, 3, '2024-08-31', 'ya', '2025-06-26 07:14:55', '2025-06-26 07:14:55'),
(71, 2157, 2761, 12, 19, '2023-12-04', 'tidak', '2025-06-26 07:14:55', '2025-06-26 07:14:55'),
(72, 2422, 2729, 12, 9, '2024-11-27', 'ya', '2025-06-26 07:14:55', '2025-06-26 07:14:55'),
(73, 2333, 2539, 16, 18, '2024-05-22', 'tidak', '2025-06-26 07:14:55', '2025-06-26 07:14:55'),
(74, 2804, 2116, 11, 6, '2025-03-21', 'ya', '2025-06-26 07:14:55', '2025-06-26 07:14:55'),
(75, 2301, 2100, 15, 1, '2024-05-22', 'ya', '2025-06-26 07:14:55', '2025-06-26 07:14:55'),
(76, 2172, 2146, 15, 2, '2023-12-12', 'ya', '2025-06-26 07:14:55', '2025-06-26 07:14:55'),
(77, 2044, 2131, 11, 16, '2024-03-26', 'ya', '2025-06-26 07:14:55', '2025-06-26 07:14:55'),
(78, 2363, 2818, 15, 17, '2024-09-29', 'ya', '2025-06-26 07:14:55', '2025-06-26 07:14:55'),
(79, 2608, 2719, 11, 11, '2024-04-08', 'tidak', '2025-06-26 07:14:55', '2025-06-26 07:14:55'),
(80, 2715, 2973, 17, 2, '2025-04-25', 'ya', '2025-06-26 07:14:55', '2025-06-26 07:14:55'),
(81, 2246, 2334, 15, 7, '2023-08-04', 'ya', '2025-06-26 07:14:55', '2025-06-26 07:14:55'),
(82, 2483, 2195, 12, 1, '2023-10-12', 'ya', '2025-06-26 07:14:55', '2025-06-26 07:14:55'),
(83, 2107, 2366, 15, 2, '2024-02-11', 'ya', '2025-06-26 07:14:55', '2025-06-26 07:14:55'),
(84, 2822, 2460, 17, 5, '2025-03-29', 'tidak', '2025-06-26 07:14:55', '2025-06-26 07:14:55'),
(85, 2873, 2356, 16, 6, '2024-11-06', 'ya', '2025-06-26 07:14:55', '2025-06-26 07:14:55'),
(86, 2777, 2801, 16, 2, '2024-11-03', 'tidak', '2025-06-26 07:14:55', '2025-06-26 07:14:55'),
(87, 2879, 2090, 15, 7, '2025-04-28', 'ya', '2025-06-26 07:14:55', '2025-06-26 07:14:55'),
(88, 2291, 2373, 13, 6, '2025-06-07', 'tidak', '2025-06-26 07:14:55', '2025-06-26 07:14:55'),
(89, 2127, 2680, 12, 3, '2024-04-24', 'ya', '2025-06-26 07:14:55', '2025-06-26 07:14:55'),
(90, 2148, 2329, 13, 3, '2025-03-13', 'ya', '2025-06-26 07:14:55', '2025-06-26 07:14:55'),
(91, 2748, 2150, 11, 18, '2024-06-26', 'tidak', '2025-06-26 07:14:55', '2025-06-26 07:14:55'),
(92, 2370, 2600, 13, 13, '2024-02-18', 'ya', '2025-06-26 07:14:55', '2025-06-26 07:14:55'),
(93, 2988, 2935, 16, 8, '2024-08-02', 'ya', '2025-06-26 07:14:55', '2025-06-26 07:14:55'),
(94, 2503, 2564, 17, 2, '2025-01-17', 'tidak', '2025-06-26 07:14:55', '2025-06-26 07:14:55'),
(95, 2321, 2704, 16, 17, '2024-11-24', 'ya', '2025-06-26 07:14:55', '2025-06-26 07:14:55'),
(96, 2695, 2767, 13, 13, '2024-03-17', 'tidak', '2025-06-26 07:14:55', '2025-06-26 07:14:55'),
(97, 2530, 2458, 14, 8, '2023-10-29', 'tidak', '2025-06-26 07:14:55', '2025-06-26 07:14:55'),
(98, 2318, 2148, 12, 14, '2024-01-10', 'ya', '2025-06-26 07:14:55', '2025-06-26 07:14:55'),
(99, 2718, 2729, 15, 4, '2025-01-30', 'tidak', '2025-06-26 07:14:55', '2025-06-26 07:14:55'),
(100, 2831, 2447, 11, 12, '2025-03-05', 'ya', '2025-06-26 07:14:55', '2025-06-26 07:14:55'),
(101, 2136, 2267, 12, 2, '2024-09-06', 'tidak', '2025-06-26 07:14:55', '2025-06-26 07:14:55'),
(102, 2343, 2114, 16, 15, '2023-10-16', 'tidak', '2025-06-26 07:14:55', '2025-06-26 07:14:55'),
(103, 2643, 2509, 15, 7, '2023-10-01', 'tidak', '2025-06-26 07:14:55', '2025-06-26 07:14:55'),
(104, 2293, 2718, 15, 17, '2025-03-22', 'ya', '2025-06-26 07:14:55', '2025-06-26 07:14:55'),
(105, 2080, 2081, 11, 8, '2025-03-06', 'tidak', '2025-06-26 07:14:55', '2025-06-26 07:14:55'),
(106, 2557, 2603, 13, 10, '2024-08-18', 'ya', '2025-06-26 07:14:55', '2025-06-26 07:14:55'),
(107, 2249, 2874, 11, 14, '2025-06-18', 'ya', '2025-06-26 07:14:55', '2025-06-26 07:14:55'),
(108, 2215, 2001, 14, 10, '2023-12-12', 'tidak', '2025-06-26 07:14:55', '2025-06-26 07:14:55'),
(109, 2817, 2332, 15, 4, '2025-04-23', 'tidak', '2025-06-26 07:14:55', '2025-06-26 07:14:55'),
(110, 2252, 2286, 11, 8, '2025-06-21', 'tidak', '2025-06-26 07:14:55', '2025-06-26 07:14:55'),
(111, 2160, 2540, 16, 12, '2025-06-19', 'tidak', '2025-06-26 07:14:55', '2025-06-26 07:14:55'),
(112, 2522, 2812, 13, 17, '2024-04-29', 'ya', '2025-06-26 07:14:55', '2025-06-26 07:14:55'),
(113, 2813, 2128, 16, 20, '2023-07-12', 'ya', '2025-06-26 07:14:55', '2025-06-26 07:14:55'),
(114, 2791, 2388, 15, 20, '2023-11-06', 'tidak', '2025-06-26 07:14:55', '2025-06-26 07:14:55'),
(115, 2134, 2419, 14, 11, '2025-01-01', 'ya', '2025-06-26 07:14:55', '2025-06-26 07:14:55'),
(116, 2146, 2797, 13, 10, '2024-01-20', 'tidak', '2025-06-26 07:14:55', '2025-06-26 07:14:55'),
(117, 2889, 2009, 16, 15, '2025-02-17', 'ya', '2025-06-26 07:14:55', '2025-06-26 07:14:55'),
(118, 2612, 2678, 11, 19, '2025-03-15', 'ya', '2025-06-26 07:14:55', '2025-06-26 07:14:55'),
(119, 2604, 2917, 11, 2, '2025-02-01', 'ya', '2025-06-26 07:14:55', '2025-06-26 07:14:55'),
(120, 2110, 2644, 16, 5, '2023-07-17', 'tidak', '2025-06-26 07:14:55', '2025-06-26 07:14:55'),
(121, 2037, 2842, 17, 6, '2024-07-20', 'ya', '2025-06-26 07:14:55', '2025-06-26 07:14:55'),
(122, 2148, 2219, 15, 19, '2025-04-28', 'tidak', '2025-06-26 07:14:55', '2025-06-26 07:14:55'),
(123, 2089, 2840, 17, 11, '2024-05-23', 'tidak', '2025-06-26 07:14:55', '2025-06-26 07:14:55'),
(124, 2706, 2838, 14, 10, '2024-09-09', 'tidak', '2025-06-26 07:14:55', '2025-06-26 07:14:55'),
(125, 2150, 2022, 13, 17, '2024-11-27', 'ya', '2025-06-26 07:14:55', '2025-06-26 07:14:55'),
(126, 2661, 2477, 16, 17, '2023-07-01', 'ya', '2025-06-26 07:14:55', '2025-06-26 07:14:55'),
(127, 2798, 2006, 11, 14, '2023-08-15', 'tidak', '2025-06-26 07:14:55', '2025-06-26 07:14:55'),
(128, 2846, 2361, 17, 5, '2024-09-24', 'tidak', '2025-06-26 07:14:55', '2025-06-26 07:14:55'),
(129, 2436, 2838, 15, 6, '2023-12-19', 'tidak', '2025-06-26 07:14:55', '2025-06-26 07:14:55'),
(130, 2772, 2531, 17, 5, '2023-10-14', 'tidak', '2025-06-26 07:14:55', '2025-06-26 07:14:55'),
(131, 2944, 2196, 16, 5, '2025-05-30', 'tidak', '2025-06-26 07:14:55', '2025-06-26 07:14:55'),
(132, 2810, 2803, 11, 19, '2024-12-25', 'tidak', '2025-06-26 07:14:55', '2025-06-26 07:14:55'),
(133, 2362, 2031, 12, 6, '2024-02-29', 'ya', '2025-06-26 07:14:55', '2025-06-26 07:14:55'),
(134, 2989, 2235, 16, 18, '2024-03-25', 'tidak', '2025-06-26 07:14:55', '2025-06-26 07:14:55'),
(135, 2113, 2050, 16, 2, '2025-05-29', 'tidak', '2025-06-26 07:14:55', '2025-06-26 07:14:55'),
(136, 2282, 2312, 16, 16, '2024-05-28', 'tidak', '2025-06-26 07:14:55', '2025-06-26 07:14:55'),
(137, 2479, 2466, 16, 15, '2023-10-14', 'tidak', '2025-06-26 07:14:55', '2025-06-26 07:14:55'),
(138, 2517, 2064, 14, 8, '2025-01-17', 'ya', '2025-06-26 07:14:55', '2025-06-26 07:14:55'),
(139, 2624, 2954, 14, 5, '2024-03-03', 'tidak', '2025-06-26 07:14:55', '2025-06-26 07:14:55'),
(140, 2865, 2272, 13, 4, '2024-07-20', 'tidak', '2025-06-26 07:14:55', '2025-06-26 07:14:55'),
(141, 2165, 2453, 11, 1, '2024-10-11', 'tidak', '2025-06-26 07:14:55', '2025-06-26 07:14:55'),
(142, 2651, 2975, 11, 15, '2024-08-14', 'tidak', '2025-06-26 07:14:55', '2025-06-26 07:14:55'),
(143, 2459, 2178, 13, 1, '2023-10-18', 'ya', '2025-06-26 07:14:55', '2025-06-26 07:14:55'),
(144, 2509, 2656, 17, 8, '2024-09-06', 'ya', '2025-06-26 07:14:55', '2025-06-26 07:14:55'),
(145, 2499, 2372, 11, 18, '2023-11-19', 'tidak', '2025-06-26 07:14:55', '2025-06-26 07:14:55'),
(146, 2272, 2736, 13, 17, '2023-08-22', 'tidak', '2025-06-26 07:14:55', '2025-06-26 07:14:55'),
(147, 2318, 2398, 11, 7, '2025-06-08', 'ya', '2025-06-26 07:14:55', '2025-06-26 07:14:55'),
(148, 2578, 2947, 15, 18, '2023-12-15', 'ya', '2025-06-26 07:14:55', '2025-06-26 07:14:55'),
(149, 2983, 2156, 13, 3, '2024-07-18', 'tidak', '2025-06-26 07:14:55', '2025-06-26 07:14:55'),
(150, 2533, 2713, 17, 3, '2024-06-13', 'tidak', '2025-06-26 07:14:55', '2025-06-26 07:14:55'),
(151, 2285, 2017, 16, 3, '2025-06-08', 'ya', '2025-06-26 07:14:55', '2025-06-26 07:14:55'),
(152, 2092, 2241, 13, 19, '2023-08-02', 'tidak', '2025-06-26 07:14:55', '2025-06-26 07:14:55'),
(153, 2272, 2264, 11, 20, '2024-03-22', 'tidak', '2025-06-26 07:14:55', '2025-06-26 07:14:55'),
(154, 2805, 2464, 15, 19, '2024-05-31', 'tidak', '2025-06-26 07:14:55', '2025-06-26 07:14:55'),
(155, 2269, 2736, 16, 7, '2024-10-12', 'tidak', '2025-06-26 07:14:55', '2025-06-26 07:14:55'),
(156, 2039, 2820, 12, 11, '2023-10-01', 'ya', '2025-06-26 07:14:55', '2025-06-26 07:14:55'),
(157, 2929, 2153, 12, 15, '2023-11-28', 'ya', '2025-06-26 07:14:55', '2025-06-26 07:14:55'),
(158, 2150, 2283, 17, 18, '2023-10-16', 'tidak', '2025-06-26 07:14:55', '2025-06-26 07:14:55'),
(159, 2787, 2428, 11, 10, '2023-09-12', 'ya', '2025-06-26 07:14:55', '2025-06-26 07:14:55'),
(160, 2563, 2330, 12, 2, '2025-01-05', 'tidak', '2025-06-26 07:14:55', '2025-06-26 07:14:55'),
(161, 2268, 2421, 14, 2, '2023-07-28', 'ya', '2025-06-26 07:14:55', '2025-06-26 07:14:55'),
(162, 2691, 2127, 15, 14, '2025-01-03', 'ya', '2025-06-26 07:14:55', '2025-06-26 07:14:55'),
(163, 2273, 2783, 15, 11, '2024-07-11', 'ya', '2025-06-26 07:14:55', '2025-06-26 07:14:55'),
(164, 2216, 2162, 16, 10, '2024-05-07', 'ya', '2025-06-26 07:14:55', '2025-06-26 07:14:55'),
(165, 2674, 2140, 16, 5, '2025-01-22', 'ya', '2025-06-26 07:14:55', '2025-06-26 07:14:55'),
(166, 2662, 2514, 16, 19, '2024-08-29', 'tidak', '2025-06-26 07:14:55', '2025-06-26 07:14:55'),
(167, 2530, 2550, 15, 15, '2024-02-04', 'ya', '2025-06-26 07:14:55', '2025-06-26 07:14:55'),
(168, 2384, 2899, 12, 20, '2024-05-06', 'tidak', '2025-06-26 07:14:55', '2025-06-26 07:14:55'),
(169, 2963, 2230, 12, 10, '2025-03-29', 'tidak', '2025-06-26 07:14:55', '2025-06-26 07:14:55'),
(170, 2568, 2724, 13, 18, '2025-01-17', 'ya', '2025-06-26 07:14:55', '2025-06-26 07:14:55'),
(171, 2076, 2900, 11, 4, '2024-03-18', 'ya', '2025-06-26 07:14:55', '2025-06-26 07:14:55'),
(172, 2222, 2701, 12, 12, '2024-10-07', 'ya', '2025-06-26 07:14:55', '2025-06-26 07:14:55'),
(173, 2874, 2273, 16, 14, '2023-09-06', 'tidak', '2025-06-26 07:14:55', '2025-06-26 07:14:55'),
(174, 2903, 2699, 14, 8, '2024-02-15', 'ya', '2025-06-26 07:14:55', '2025-06-26 07:14:55'),
(175, 2828, 2092, 13, 7, '2025-01-04', 'ya', '2025-06-26 07:14:55', '2025-06-26 07:14:55'),
(176, 2217, 2038, 17, 7, '2025-01-22', 'tidak', '2025-06-26 07:14:55', '2025-06-26 07:14:55'),
(177, 2592, 2019, 13, 14, '2024-11-15', 'tidak', '2025-06-26 07:14:55', '2025-06-26 07:14:55'),
(178, 2124, 2723, 13, 10, '2023-07-21', 'tidak', '2025-06-26 07:14:55', '2025-06-26 07:14:55'),
(179, 2240, 2771, 11, 19, '2024-02-23', 'tidak', '2025-06-26 07:14:55', '2025-06-26 07:14:55'),
(180, 2055, 2327, 15, 6, '2023-08-08', 'tidak', '2025-06-26 07:14:55', '2025-06-26 07:14:55'),
(181, 2039, 2764, 15, 20, '2023-10-26', 'ya', '2025-06-26 07:14:55', '2025-06-26 07:14:55'),
(182, 2835, 2557, 13, 5, '2024-11-11', 'tidak', '2025-06-26 07:14:55', '2025-06-26 07:14:55'),
(183, 2136, 2199, 15, 7, '2023-12-16', 'tidak', '2025-06-26 07:14:55', '2025-06-26 07:14:55'),
(184, 2799, 2167, 15, 15, '2024-01-09', 'ya', '2025-06-26 07:14:55', '2025-06-26 07:14:55'),
(185, 2751, 2318, 14, 3, '2025-01-23', 'tidak', '2025-06-26 07:14:55', '2025-06-26 07:14:55'),
(186, 2465, 2613, 15, 17, '2025-03-01', 'ya', '2025-06-26 07:14:55', '2025-06-26 07:14:55'),
(187, 2063, 2286, 15, 8, '2024-08-08', 'tidak', '2025-06-26 07:14:55', '2025-06-26 07:14:55'),
(188, 2268, 2667, 13, 10, '2023-09-17', 'tidak', '2025-06-26 07:14:55', '2025-06-26 07:14:55'),
(189, 2463, 2425, 14, 17, '2023-11-06', 'ya', '2025-06-26 07:14:55', '2025-06-26 07:14:55'),
(190, 2640, 2851, 17, 5, '2024-03-13', 'ya', '2025-06-26 07:14:55', '2025-06-26 07:14:55'),
(191, 2351, 2543, 13, 9, '2025-06-22', 'tidak', '2025-06-26 07:14:55', '2025-06-26 07:14:55'),
(192, 2259, 2334, 17, 17, '2024-02-24', 'ya', '2025-06-26 07:14:55', '2025-06-26 07:14:55'),
(193, 2872, 2840, 15, 12, '2024-06-28', 'tidak', '2025-06-26 07:14:55', '2025-06-26 07:14:55'),
(194, 2473, 2412, 12, 6, '2024-06-10', 'tidak', '2025-06-26 07:14:55', '2025-06-26 07:14:55'),
(195, 2171, 2690, 17, 7, '2023-08-07', 'ya', '2025-06-26 07:14:55', '2025-06-26 07:14:55'),
(196, 2900, 2171, 17, 3, '2023-08-19', 'ya', '2025-06-26 07:14:55', '2025-06-26 07:14:55'),
(197, 2579, 2912, 17, 18, '2024-06-18', 'tidak', '2025-06-26 07:14:55', '2025-06-26 07:14:55'),
(198, 2912, 2426, 13, 1, '2024-07-23', 'ya', '2025-06-26 07:14:55', '2025-06-26 07:14:55'),
(199, 2839, 2314, 14, 15, '2025-05-06', 'ya', '2025-06-26 07:14:55', '2025-06-26 07:14:55'),
(200, 2146, 2662, 12, 20, '2024-03-07', 'tidak', '2025-06-26 07:14:55', '2025-06-26 07:14:55'),
(201, 2954, 2733, 14, 13, '2024-01-31', 'ya', '2025-06-26 07:14:55', '2025-06-26 07:14:55'),
(202, 2870, 2374, 17, 1, '2024-12-18', 'ya', '2025-06-26 07:14:55', '2025-06-26 07:14:55'),
(203, 2805, 2236, 17, 13, '2024-01-23', 'ya', '2025-06-26 07:14:55', '2025-06-26 07:14:55'),
(204, 2170, 2572, 11, 8, '2023-08-05', 'ya', '2025-06-26 07:14:55', '2025-06-26 07:14:55'),
(205, 2718, 2824, 13, 18, '2023-09-21', 'tidak', '2025-06-26 07:14:55', '2025-06-26 07:14:55'),
(206, 2932, 2759, 14, 6, '2024-11-26', 'tidak', '2025-06-26 07:14:55', '2025-06-26 07:14:55'),
(207, 2462, 2380, 15, 20, '2024-09-13', 'tidak', '2025-06-26 07:14:55', '2025-06-26 07:14:55'),
(208, 2698, 2651, 13, 20, '2025-02-13', 'ya', '2025-06-26 07:14:55', '2025-06-26 07:14:55'),
(209, 2075, 2944, 12, 13, '2023-10-14', 'ya', '2025-06-26 07:14:55', '2025-06-26 07:14:55'),
(210, 2144, 2639, 12, 2, '2025-04-12', 'tidak', '2025-06-26 07:14:55', '2025-06-26 07:14:55'),
(211, 2486, 2779, 12, 9, '2024-10-25', 'tidak', '2025-06-26 07:14:55', '2025-06-26 07:14:55'),
(212, 2852, 2978, 17, 9, '2024-05-08', 'ya', '2025-06-26 07:14:55', '2025-06-26 07:14:55'),
(213, 2702, 2240, 13, 6, '2024-02-18', 'tidak', '2025-06-26 07:14:55', '2025-06-26 07:14:55'),
(214, 2065, 2361, 16, 12, '2023-12-18', 'ya', '2025-06-26 07:14:55', '2025-06-26 07:14:55'),
(215, 2635, 2162, 16, 16, '2025-03-04', 'ya', '2025-06-26 07:14:55', '2025-06-26 07:14:55'),
(216, 2416, 2395, 13, 6, '2023-08-06', 'tidak', '2025-06-26 07:14:55', '2025-06-26 07:14:55'),
(217, 2076, 2145, 16, 20, '2024-02-29', 'tidak', '2025-06-26 07:14:55', '2025-06-26 07:14:55'),
(218, 2964, 2395, 11, 7, '2024-12-23', 'tidak', '2025-06-26 07:14:55', '2025-06-26 07:14:55'),
(219, 2189, 2828, 17, 3, '2025-06-11', 'ya', '2025-06-26 07:14:55', '2025-06-26 07:14:55'),
(220, 2792, 2330, 14, 13, '2025-04-13', 'tidak', '2025-06-26 07:14:55', '2025-06-26 07:14:55'),
(221, 2321, 2994, 17, 4, '2024-11-24', 'ya', '2025-06-26 07:14:55', '2025-06-26 07:14:55'),
(222, 2239, 2737, 11, 12, '2025-04-09', 'ya', '2025-06-26 07:14:55', '2025-06-26 07:14:55'),
(223, 2877, 2110, 11, 6, '2024-08-10', 'ya', '2025-06-26 07:14:55', '2025-06-26 07:14:55'),
(224, 2315, 2885, 16, 2, '2025-06-01', 'tidak', '2025-06-26 07:14:56', '2025-06-26 07:14:56'),
(225, 2424, 2398, 13, 19, '2023-08-20', 'ya', '2025-06-26 07:14:56', '2025-06-26 07:14:56'),
(226, 2891, 2986, 15, 9, '2023-07-23', 'ya', '2025-06-26 07:14:56', '2025-06-26 07:14:56'),
(227, 2975, 2555, 15, 18, '2023-09-28', 'ya', '2025-06-26 07:14:56', '2025-06-26 07:14:56'),
(228, 2944, 2069, 14, 15, '2023-10-23', 'tidak', '2025-06-26 07:14:56', '2025-06-26 07:14:56'),
(229, 2701, 2688, 11, 4, '2025-06-17', 'ya', '2025-06-26 07:14:56', '2025-06-26 07:14:56'),
(230, 2557, 2453, 16, 16, '2025-06-13', 'ya', '2025-06-26 07:14:56', '2025-06-26 07:14:56'),
(231, 2051, 2461, 14, 12, '2025-05-02', 'tidak', '2025-06-26 07:14:56', '2025-06-26 07:14:56'),
(232, 2854, 2707, 16, 8, '2024-03-21', 'ya', '2025-06-26 07:14:56', '2025-06-26 07:14:56'),
(233, 2949, 2625, 14, 10, '2024-04-28', 'tidak', '2025-06-26 07:14:56', '2025-06-26 07:14:56'),
(234, 2565, 2990, 13, 4, '2023-11-08', 'ya', '2025-06-26 07:14:56', '2025-06-26 07:14:56'),
(235, 2130, 2619, 17, 6, '2023-11-14', 'ya', '2025-06-26 07:14:56', '2025-06-26 07:14:56'),
(236, 2774, 2291, 17, 12, '2023-12-20', 'ya', '2025-06-26 07:14:56', '2025-06-26 07:14:56'),
(237, 2722, 2495, 17, 10, '2024-12-21', 'tidak', '2025-06-26 07:14:56', '2025-06-26 07:14:56'),
(238, 2416, 2532, 16, 1, '2025-04-19', 'tidak', '2025-06-26 07:14:56', '2025-06-26 07:14:56'),
(239, 2128, 2092, 11, 1, '2023-09-24', 'tidak', '2025-06-26 07:14:56', '2025-06-26 07:14:56'),
(240, 2956, 2474, 12, 6, '2023-11-17', 'tidak', '2025-06-26 07:14:56', '2025-06-26 07:14:56'),
(241, 2588, 3000, 15, 6, '2024-07-01', 'ya', '2025-06-26 07:14:56', '2025-06-26 07:14:56'),
(242, 2261, 2977, 17, 18, '2024-09-16', 'tidak', '2025-06-26 07:14:56', '2025-06-26 07:14:56'),
(243, 2861, 2659, 12, 11, '2024-04-04', 'ya', '2025-06-26 07:14:56', '2025-06-26 07:14:56'),
(244, 2496, 2593, 12, 7, '2025-05-21', 'tidak', '2025-06-26 07:14:56', '2025-06-26 07:14:56'),
(245, 2682, 2275, 17, 13, '2023-11-05', 'tidak', '2025-06-26 07:14:56', '2025-06-26 07:14:56'),
(246, 2229, 2016, 12, 17, '2023-10-09', 'ya', '2025-06-26 07:14:56', '2025-06-26 07:14:56'),
(247, 2026, 2717, 11, 9, '2023-10-10', 'tidak', '2025-06-26 07:14:56', '2025-06-26 07:14:56'),
(248, 2264, 2603, 16, 11, '2025-03-07', 'tidak', '2025-06-26 07:14:56', '2025-06-26 07:14:56'),
(249, 2816, 2721, 12, 18, '2024-05-01', 'tidak', '2025-06-26 07:14:56', '2025-06-26 07:14:56'),
(250, 2098, 2782, 11, 2, '2025-01-13', 'ya', '2025-06-26 07:14:56', '2025-06-26 07:14:56'),
(251, 2700, 2154, 15, 10, '2025-01-06', 'ya', '2025-06-26 07:14:56', '2025-06-26 07:14:56'),
(252, 2346, 2365, 17, 10, '2024-11-29', 'ya', '2025-06-26 07:14:56', '2025-06-26 07:14:56'),
(253, 2095, 2697, 13, 2, '2024-03-07', 'tidak', '2025-06-26 07:14:56', '2025-06-26 07:14:56'),
(254, 2772, 2242, 13, 15, '2024-08-21', 'ya', '2025-06-26 07:14:56', '2025-06-26 07:14:56'),
(255, 2455, 2911, 12, 4, '2024-11-14', 'tidak', '2025-06-26 07:14:56', '2025-06-26 07:14:56'),
(256, 2032, 2453, 11, 13, '2025-01-03', 'ya', '2025-06-26 07:14:56', '2025-06-26 07:14:56'),
(257, 2316, 2496, 12, 6, '2024-08-10', 'tidak', '2025-06-26 07:14:56', '2025-06-26 07:14:56'),
(258, 2253, 2272, 15, 20, '2025-05-10', 'tidak', '2025-06-26 07:14:56', '2025-06-26 07:14:56'),
(259, 2002, 2058, 12, 10, '2025-05-16', 'ya', '2025-06-26 07:14:56', '2025-06-26 07:14:56'),
(260, 2376, 2634, 11, 3, '2023-10-16', 'tidak', '2025-06-26 07:14:56', '2025-06-26 07:14:56'),
(261, 2269, 2511, 13, 3, '2025-03-16', 'tidak', '2025-06-26 07:14:56', '2025-06-26 07:14:56'),
(262, 2390, 2927, 17, 9, '2025-05-28', 'tidak', '2025-06-26 07:14:56', '2025-06-26 07:14:56'),
(263, 2882, 2536, 12, 19, '2024-10-30', 'ya', '2025-06-26 07:14:56', '2025-06-26 07:14:56'),
(264, 2328, 2256, 14, 13, '2025-06-01', 'tidak', '2025-06-26 07:14:56', '2025-06-26 07:14:56'),
(265, 2247, 2376, 17, 3, '2025-03-09', 'ya', '2025-06-26 07:14:56', '2025-06-26 07:14:56'),
(266, 2745, 2448, 12, 18, '2024-04-28', 'tidak', '2025-06-26 07:14:56', '2025-06-26 07:14:56'),
(267, 2155, 2105, 15, 4, '2023-12-25', 'ya', '2025-06-26 07:14:56', '2025-06-26 07:14:56'),
(268, 2833, 2901, 13, 12, '2025-02-18', 'ya', '2025-06-26 07:14:56', '2025-06-26 07:14:56'),
(269, 2446, 2404, 12, 18, '2025-05-11', 'tidak', '2025-06-26 07:14:56', '2025-06-26 07:14:56'),
(270, 2730, 2929, 12, 10, '2024-12-11', 'ya', '2025-06-26 07:14:56', '2025-06-26 07:14:56'),
(271, 2646, 2205, 12, 11, '2025-05-17', 'ya', '2025-06-26 07:14:56', '2025-06-26 07:14:56'),
(272, 2991, 2084, 15, 10, '2024-01-10', 'ya', '2025-06-26 07:14:56', '2025-06-26 07:14:56'),
(273, 2672, 2190, 11, 14, '2024-02-27', 'ya', '2025-06-26 07:14:56', '2025-06-26 07:14:56'),
(274, 2756, 2859, 15, 11, '2024-04-02', 'tidak', '2025-06-26 07:14:56', '2025-06-26 07:14:56'),
(275, 3000, 2268, 15, 11, '2025-03-03', 'tidak', '2025-06-26 07:14:56', '2025-06-26 07:14:56'),
(276, 2646, 2582, 11, 15, '2024-01-23', 'tidak', '2025-06-26 07:14:56', '2025-06-26 07:14:56'),
(277, 2907, 2864, 14, 6, '2023-12-19', 'tidak', '2025-06-26 07:14:56', '2025-06-26 07:14:56'),
(278, 2134, 2198, 13, 6, '2024-10-30', 'tidak', '2025-06-26 07:14:56', '2025-06-26 07:14:56'),
(279, 2539, 2194, 12, 12, '2023-07-05', 'tidak', '2025-06-26 07:14:56', '2025-06-26 07:14:56'),
(280, 2747, 2208, 15, 18, '2025-05-01', 'ya', '2025-06-26 07:14:56', '2025-06-26 07:14:56'),
(281, 2867, 2702, 17, 2, '2024-11-10', 'ya', '2025-06-26 07:14:56', '2025-06-26 07:14:56'),
(282, 2756, 2824, 12, 9, '2025-04-04', 'tidak', '2025-06-26 07:14:56', '2025-06-26 07:14:56'),
(283, 2689, 2077, 16, 2, '2025-06-11', 'ya', '2025-06-26 07:14:56', '2025-06-26 07:14:56'),
(284, 2062, 2589, 13, 14, '2025-01-04', 'tidak', '2025-06-26 07:14:56', '2025-06-26 07:14:56'),
(285, 2499, 2573, 12, 12, '2024-03-19', 'tidak', '2025-06-26 07:14:56', '2025-06-26 07:14:56'),
(286, 2744, 2479, 11, 12, '2023-11-24', 'ya', '2025-06-26 07:14:56', '2025-06-26 07:14:56'),
(287, 2867, 2792, 14, 10, '2023-09-11', 'ya', '2025-06-26 07:14:56', '2025-06-26 07:14:56'),
(288, 2317, 2791, 16, 7, '2024-10-30', 'ya', '2025-06-26 07:14:56', '2025-06-26 07:14:56'),
(289, 2871, 2312, 17, 9, '2024-07-30', 'tidak', '2025-06-26 07:14:56', '2025-06-26 07:14:56'),
(290, 2578, 2707, 11, 11, '2025-04-30', 'ya', '2025-06-26 07:14:56', '2025-06-26 07:14:56'),
(291, 2563, 2058, 16, 7, '2024-11-20', 'tidak', '2025-06-26 07:14:56', '2025-06-26 07:14:56'),
(292, 2995, 2219, 11, 10, '2023-10-01', 'tidak', '2025-06-26 07:14:56', '2025-06-26 07:14:56'),
(293, 2107, 2943, 17, 17, '2024-09-08', 'ya', '2025-06-26 07:14:56', '2025-06-26 07:14:56'),
(294, 2511, 2492, 17, 3, '2024-05-27', 'tidak', '2025-06-26 07:14:56', '2025-06-26 07:14:56'),
(295, 2813, 2986, 15, 5, '2025-03-13', 'tidak', '2025-06-26 07:14:56', '2025-06-26 07:14:56'),
(296, 2445, 2736, 16, 8, '2025-03-22', 'ya', '2025-06-26 07:14:56', '2025-06-26 07:14:56'),
(297, 2271, 2734, 12, 10, '2024-05-08', 'tidak', '2025-06-26 07:14:56', '2025-06-26 07:14:56'),
(298, 2415, 2022, 14, 20, '2024-12-03', 'ya', '2025-06-26 07:14:56', '2025-06-26 07:14:56'),
(299, 2901, 2777, 15, 4, '2023-10-20', 'ya', '2025-06-26 07:14:56', '2025-06-26 07:14:56'),
(300, 2110, 2422, 16, 13, '2025-05-06', 'ya', '2025-06-26 07:14:56', '2025-06-26 07:14:56'),
(301, 2742, 2104, 11, 20, '2023-07-11', 'tidak', '2025-06-26 07:14:56', '2025-06-26 07:14:56'),
(302, 2941, 2366, 16, 9, '2024-07-25', 'tidak', '2025-06-26 07:14:56', '2025-06-26 07:14:56'),
(303, 2944, 2799, 16, 14, '2023-07-29', 'tidak', '2025-06-26 07:14:56', '2025-06-26 07:14:56'),
(304, 2809, 2840, 17, 6, '2024-06-04', 'tidak', '2025-06-26 07:14:56', '2025-06-26 07:14:56'),
(305, 2841, 2233, 14, 5, '2024-09-20', 'tidak', '2025-06-26 07:14:56', '2025-06-26 07:14:56'),
(306, 2931, 2380, 12, 8, '2024-09-26', 'ya', '2025-06-26 07:14:56', '2025-06-26 07:14:56'),
(307, 2145, 2636, 11, 3, '2024-02-04', 'tidak', '2025-06-26 07:14:56', '2025-06-26 07:14:56'),
(308, 2099, 2333, 15, 14, '2025-05-16', 'ya', '2025-06-26 07:14:56', '2025-06-26 07:14:56'),
(309, 2131, 2430, 16, 11, '2024-07-28', 'ya', '2025-06-26 07:14:56', '2025-06-26 07:14:56'),
(310, 2367, 2301, 13, 17, '2024-04-18', 'tidak', '2025-06-26 07:14:56', '2025-06-26 07:14:56'),
(311, 2782, 2673, 12, 18, '2024-08-22', 'ya', '2025-06-26 07:14:56', '2025-06-26 07:14:56'),
(312, 2985, 2776, 12, 12, '2024-07-17', 'ya', '2025-06-26 07:14:56', '2025-06-26 07:14:56'),
(313, 2254, 2775, 16, 13, '2024-12-06', 'ya', '2025-06-26 07:14:56', '2025-06-26 07:14:56'),
(314, 2932, 2455, 13, 8, '2025-06-16', 'tidak', '2025-06-26 07:14:56', '2025-06-26 07:14:56'),
(315, 2074, 2716, 17, 12, '2024-12-09', 'ya', '2025-06-26 07:14:56', '2025-06-26 07:14:56'),
(316, 2644, 2242, 11, 16, '2023-11-16', 'ya', '2025-06-26 07:14:56', '2025-06-26 07:14:56'),
(317, 2861, 2381, 11, 14, '2024-11-25', 'ya', '2025-06-26 07:14:56', '2025-06-26 07:14:56'),
(318, 2921, 2496, 16, 20, '2023-10-06', 'tidak', '2025-06-26 07:14:56', '2025-06-26 07:14:56'),
(319, 2212, 2652, 15, 10, '2025-06-05', 'tidak', '2025-06-26 07:14:56', '2025-06-26 07:14:56'),
(320, 2883, 2710, 12, 3, '2024-08-02', 'tidak', '2025-06-26 07:14:56', '2025-06-26 07:14:56'),
(321, 2881, 2311, 15, 13, '2024-02-22', 'tidak', '2025-06-26 07:14:56', '2025-06-26 07:14:56'),
(322, 2754, 2985, 13, 5, '2025-01-13', 'tidak', '2025-06-26 07:14:56', '2025-06-26 07:14:56'),
(323, 2621, 2641, 11, 5, '2024-10-01', 'ya', '2025-06-26 07:14:56', '2025-06-26 07:14:56'),
(324, 2291, 2549, 17, 20, '2024-06-24', 'tidak', '2025-06-26 07:14:56', '2025-06-26 07:14:56'),
(325, 2914, 2206, 17, 1, '2023-12-02', 'tidak', '2025-06-26 07:14:56', '2025-06-26 07:14:56'),
(326, 2120, 2767, 11, 8, '2024-10-21', 'ya', '2025-06-26 07:14:56', '2025-06-26 07:14:56'),
(327, 2221, 2644, 12, 11, '2024-02-12', 'tidak', '2025-06-26 07:14:56', '2025-06-26 07:14:56'),
(328, 2207, 2725, 16, 11, '2024-04-04', 'ya', '2025-06-26 07:14:56', '2025-06-26 07:14:56'),
(329, 2613, 2293, 11, 1, '2024-11-11', 'tidak', '2025-06-26 07:14:56', '2025-06-26 07:14:56'),
(330, 2105, 2838, 15, 15, '2023-08-05', 'tidak', '2025-06-26 07:14:56', '2025-06-26 07:14:56'),
(331, 2022, 2162, 15, 8, '2025-06-22', 'ya', '2025-06-26 07:14:56', '2025-06-26 07:14:56'),
(332, 2220, 2135, 16, 15, '2023-11-25', 'ya', '2025-06-26 07:14:56', '2025-06-26 07:14:56'),
(333, 2419, 2327, 17, 8, '2023-10-07', 'tidak', '2025-06-26 07:14:56', '2025-06-26 07:14:56'),
(334, 2809, 2644, 17, 16, '2025-05-16', 'ya', '2025-06-26 07:14:56', '2025-06-26 07:14:56'),
(335, 2523, 2054, 14, 1, '2025-05-07', 'ya', '2025-06-26 07:14:56', '2025-06-26 07:14:56'),
(336, 2026, 2626, 13, 1, '2023-07-16', 'tidak', '2025-06-26 07:14:56', '2025-06-26 07:14:56'),
(337, 2136, 2856, 12, 4, '2023-11-19', 'ya', '2025-06-26 07:14:56', '2025-06-26 07:14:56'),
(338, 2894, 2349, 13, 17, '2025-05-05', 'tidak', '2025-06-26 07:14:56', '2025-06-26 07:14:56'),
(339, 2285, 2659, 13, 16, '2023-07-15', 'tidak', '2025-06-26 07:14:56', '2025-06-26 07:14:56'),
(340, 2239, 2475, 11, 11, '2025-02-04', 'ya', '2025-06-26 07:14:56', '2025-06-26 07:14:56'),
(341, 2484, 2209, 15, 15, '2024-12-15', 'ya', '2025-06-26 07:14:56', '2025-06-26 07:14:56'),
(342, 2001, 2204, 16, 5, '2024-06-04', 'ya', '2025-06-26 07:14:56', '2025-06-26 07:14:56'),
(343, 2444, 2712, 17, 18, '2025-06-05', 'tidak', '2025-06-26 07:14:56', '2025-06-26 07:14:56'),
(344, 2964, 2321, 11, 12, '2023-08-27', 'ya', '2025-06-26 07:14:56', '2025-06-26 07:14:56'),
(345, 2445, 2167, 12, 15, '2024-09-30', 'ya', '2025-06-26 07:14:56', '2025-06-26 07:14:56'),
(346, 2762, 2945, 16, 12, '2024-11-20', 'ya', '2025-06-26 07:14:56', '2025-06-26 07:14:56'),
(347, 2324, 2977, 13, 9, '2024-03-09', 'ya', '2025-06-26 07:14:56', '2025-06-26 07:14:56'),
(348, 2564, 2930, 14, 8, '2025-03-27', 'tidak', '2025-06-26 07:14:56', '2025-06-26 07:14:56'),
(349, 2761, 2154, 11, 11, '2024-09-03', 'ya', '2025-06-26 07:14:56', '2025-06-26 07:14:56'),
(350, 2358, 2311, 16, 14, '2024-07-03', 'tidak', '2025-06-26 07:14:56', '2025-06-26 07:14:56'),
(351, 2988, 2317, 12, 4, '2023-12-31', 'ya', '2025-06-26 07:14:56', '2025-06-26 07:14:56'),
(352, 2386, 2692, 13, 18, '2024-09-23', 'ya', '2025-06-26 07:14:56', '2025-06-26 07:14:56'),
(353, 2395, 2745, 14, 20, '2025-04-29', 'tidak', '2025-06-26 07:14:56', '2025-06-26 07:14:56'),
(354, 2855, 2257, 16, 1, '2023-07-22', 'ya', '2025-06-26 07:14:56', '2025-06-26 07:14:56'),
(355, 2139, 2557, 15, 3, '2024-04-05', 'ya', '2025-06-26 07:14:56', '2025-06-26 07:14:56'),
(356, 2397, 2904, 16, 2, '2024-07-08', 'tidak', '2025-06-26 07:14:56', '2025-06-26 07:14:56'),
(357, 2698, 2051, 15, 18, '2025-05-16', 'ya', '2025-06-26 07:14:56', '2025-06-26 07:14:56'),
(358, 2498, 2852, 13, 8, '2024-04-19', 'ya', '2025-06-26 07:14:56', '2025-06-26 07:14:56'),
(359, 2456, 2171, 12, 4, '2023-08-13', 'tidak', '2025-06-26 07:14:56', '2025-06-26 07:14:56'),
(360, 2692, 2139, 15, 17, '2023-10-15', 'ya', '2025-06-26 07:14:56', '2025-06-26 07:14:56'),
(361, 2767, 2747, 14, 13, '2025-01-15', 'ya', '2025-06-26 07:14:56', '2025-06-26 07:14:56'),
(362, 2733, 2121, 13, 14, '2024-09-12', 'ya', '2025-06-26 07:14:56', '2025-06-26 07:14:56'),
(363, 2347, 2711, 13, 20, '2023-07-13', 'ya', '2025-06-26 07:14:56', '2025-06-26 07:14:56'),
(364, 2901, 2759, 14, 15, '2023-08-12', 'ya', '2025-06-26 07:14:56', '2025-06-26 07:14:56'),
(365, 2728, 2242, 11, 14, '2024-08-27', 'ya', '2025-06-26 07:14:56', '2025-06-26 07:14:56'),
(366, 2863, 2192, 17, 5, '2024-11-27', 'ya', '2025-06-26 07:14:56', '2025-06-26 07:14:56'),
(367, 2817, 2608, 11, 20, '2024-12-12', 'tidak', '2025-06-26 07:14:56', '2025-06-26 07:14:56'),
(368, 2003, 2985, 17, 10, '2024-12-01', 'ya', '2025-06-26 07:14:56', '2025-06-26 07:14:56'),
(369, 2200, 2378, 16, 1, '2024-07-06', 'tidak', '2025-06-26 07:14:56', '2025-06-26 07:14:56'),
(370, 2843, 2493, 13, 4, '2024-08-29', 'ya', '2025-06-26 07:14:56', '2025-06-26 07:14:56'),
(371, 2143, 2428, 15, 11, '2025-02-03', 'ya', '2025-06-26 07:14:56', '2025-06-26 07:14:56'),
(372, 2992, 2543, 12, 18, '2024-03-06', 'ya', '2025-06-26 07:14:56', '2025-06-26 07:14:56'),
(373, 2156, 2699, 13, 13, '2024-05-13', 'ya', '2025-06-26 07:14:56', '2025-06-26 07:14:56'),
(374, 2284, 2591, 17, 6, '2024-02-09', 'ya', '2025-06-26 07:14:56', '2025-06-26 07:14:56'),
(375, 2232, 2221, 13, 13, '2025-02-10', 'tidak', '2025-06-26 07:14:56', '2025-06-26 07:14:56'),
(376, 2699, 2588, 14, 8, '2025-01-31', 'ya', '2025-06-26 07:14:56', '2025-06-26 07:14:56'),
(377, 2670, 2875, 11, 1, '2025-01-04', 'tidak', '2025-06-26 07:14:56', '2025-06-26 07:14:56'),
(378, 2413, 2672, 15, 9, '2024-10-10', 'tidak', '2025-06-26 07:14:56', '2025-06-26 07:14:56'),
(379, 2201, 2683, 15, 4, '2024-02-03', 'ya', '2025-06-26 07:14:56', '2025-06-26 07:14:56'),
(380, 2594, 2127, 14, 3, '2024-08-14', 'tidak', '2025-06-26 07:14:56', '2025-06-26 07:14:56'),
(381, 2470, 2374, 12, 5, '2024-10-17', 'ya', '2025-06-26 07:14:56', '2025-06-26 07:14:56'),
(382, 2430, 2284, 14, 5, '2023-12-29', 'ya', '2025-06-26 07:14:56', '2025-06-26 07:14:56'),
(383, 2926, 2472, 12, 10, '2024-01-28', 'tidak', '2025-06-26 07:14:56', '2025-06-26 07:14:56'),
(384, 2701, 2234, 15, 5, '2024-09-27', 'tidak', '2025-06-26 07:14:56', '2025-06-26 07:14:56'),
(385, 2241, 2487, 15, 19, '2024-09-25', 'ya', '2025-06-26 07:14:56', '2025-06-26 07:14:56'),
(386, 2842, 2439, 12, 5, '2023-08-08', 'ya', '2025-06-26 07:14:56', '2025-06-26 07:14:56'),
(387, 2884, 2016, 11, 10, '2024-08-15', 'ya', '2025-06-26 07:14:56', '2025-06-26 07:14:56'),
(388, 2484, 2389, 17, 16, '2023-09-20', 'ya', '2025-06-26 07:14:56', '2025-06-26 07:14:56'),
(389, 2888, 2471, 17, 10, '2023-10-10', 'tidak', '2025-06-26 07:14:56', '2025-06-26 07:14:56'),
(390, 2605, 2792, 11, 14, '2024-11-25', 'ya', '2025-06-26 07:14:56', '2025-06-26 07:14:56'),
(391, 2858, 2322, 16, 4, '2024-03-15', 'tidak', '2025-06-26 07:14:56', '2025-06-26 07:14:56'),
(392, 2896, 2719, 16, 5, '2023-11-05', 'ya', '2025-06-26 07:14:56', '2025-06-26 07:14:56'),
(393, 2247, 2251, 13, 9, '2024-05-29', 'tidak', '2025-06-26 07:14:56', '2025-06-26 07:14:56'),
(394, 2908, 2412, 17, 9, '2024-04-11', 'tidak', '2025-06-26 07:14:56', '2025-06-26 07:14:56'),
(395, 2835, 2964, 11, 11, '2024-10-24', 'tidak', '2025-06-26 07:14:56', '2025-06-26 07:14:56'),
(396, 2621, 2328, 12, 11, '2023-09-14', 'tidak', '2025-06-26 07:14:56', '2025-06-26 07:14:56'),
(397, 2427, 2831, 12, 7, '2025-05-01', 'ya', '2025-06-26 07:14:56', '2025-06-26 07:14:56'),
(398, 2191, 2001, 13, 2, '2023-10-28', 'ya', '2025-06-26 07:14:56', '2025-06-26 07:14:56'),
(399, 2743, 2540, 16, 19, '2024-06-14', 'ya', '2025-06-26 07:14:56', '2025-06-26 07:14:56'),
(400, 2818, 2216, 17, 15, '2024-10-11', 'ya', '2025-06-26 07:14:56', '2025-06-26 07:14:56'),
(401, 2084, 2765, 17, 19, '2024-10-24', 'ya', '2025-06-26 07:14:56', '2025-06-26 07:14:56'),
(402, 2385, 2179, 15, 18, '2024-01-04', 'tidak', '2025-06-26 07:14:56', '2025-06-26 07:14:56'),
(403, 2663, 2499, 14, 7, '2024-09-26', 'tidak', '2025-06-26 07:14:56', '2025-06-26 07:14:56'),
(404, 2988, 2012, 16, 11, '2023-08-20', 'tidak', '2025-06-26 07:14:56', '2025-06-26 07:14:56'),
(405, 2567, 2593, 11, 3, '2024-11-12', 'ya', '2025-06-26 07:14:56', '2025-06-26 07:14:56'),
(406, 2435, 2035, 12, 13, '2023-11-15', 'tidak', '2025-06-26 07:14:56', '2025-06-26 07:14:56'),
(407, 2170, 2129, 15, 8, '2025-03-13', 'ya', '2025-06-26 07:14:56', '2025-06-26 07:14:56'),
(408, 2873, 2910, 12, 10, '2024-01-09', 'ya', '2025-06-26 07:14:56', '2025-06-26 07:14:56'),
(409, 2584, 2329, 15, 16, '2024-04-07', 'ya', '2025-06-26 07:14:56', '2025-06-26 07:14:56'),
(410, 2731, 2226, 11, 1, '2023-12-19', 'ya', '2025-06-26 07:14:56', '2025-06-26 07:14:56'),
(411, 2207, 2352, 17, 12, '2024-12-22', 'tidak', '2025-06-26 07:14:56', '2025-06-26 07:14:56'),
(412, 2498, 2018, 17, 6, '2024-02-19', 'ya', '2025-06-26 07:14:56', '2025-06-26 07:14:56'),
(413, 2121, 2985, 17, 17, '2024-10-30', 'tidak', '2025-06-26 07:14:56', '2025-06-26 07:14:56'),
(414, 2637, 2728, 16, 3, '2024-05-09', 'tidak', '2025-06-26 07:14:56', '2025-06-26 07:14:56'),
(415, 2157, 2074, 12, 7, '2025-03-24', 'tidak', '2025-06-26 07:14:56', '2025-06-26 07:14:56'),
(416, 2397, 2382, 11, 17, '2023-09-10', 'tidak', '2025-06-26 07:14:56', '2025-06-26 07:14:56'),
(417, 2141, 2732, 16, 5, '2025-01-22', 'tidak', '2025-06-26 07:14:56', '2025-06-26 07:14:56'),
(418, 2598, 2633, 15, 8, '2025-02-01', 'ya', '2025-06-26 07:14:56', '2025-06-26 07:14:56'),
(419, 2755, 2537, 15, 17, '2024-05-12', 'ya', '2025-06-26 07:14:56', '2025-06-26 07:14:56'),
(420, 2839, 2602, 15, 20, '2025-01-30', 'tidak', '2025-06-26 07:14:56', '2025-06-26 07:14:56'),
(421, 2879, 2128, 14, 9, '2025-02-15', 'tidak', '2025-06-26 07:14:56', '2025-06-26 07:14:56'),
(422, 2108, 2244, 12, 3, '2025-01-09', 'tidak', '2025-06-26 07:14:56', '2025-06-26 07:14:56'),
(423, 2608, 2150, 12, 9, '2024-05-23', 'tidak', '2025-06-26 07:14:56', '2025-06-26 07:14:56'),
(424, 2903, 2861, 13, 19, '2024-05-14', 'ya', '2025-06-26 07:14:56', '2025-06-26 07:14:56'),
(425, 2331, 2589, 11, 9, '2025-04-29', 'tidak', '2025-06-26 07:14:56', '2025-06-26 07:14:56'),
(426, 2583, 2708, 12, 9, '2023-09-03', 'tidak', '2025-06-26 07:14:56', '2025-06-26 07:14:56'),
(427, 2893, 2635, 13, 5, '2023-12-15', 'tidak', '2025-06-26 07:14:56', '2025-06-26 07:14:56'),
(428, 2530, 2936, 13, 14, '2023-09-25', 'ya', '2025-06-26 07:14:56', '2025-06-26 07:14:56'),
(429, 2219, 2480, 14, 3, '2024-04-10', 'ya', '2025-06-26 07:14:56', '2025-06-26 07:14:56'),
(430, 2105, 2589, 15, 4, '2024-09-11', 'tidak', '2025-06-26 07:14:56', '2025-06-26 07:14:56'),
(431, 2763, 2952, 12, 3, '2025-03-27', 'ya', '2025-06-26 07:14:56', '2025-06-26 07:14:56'),
(432, 2790, 2677, 17, 3, '2023-08-19', 'ya', '2025-06-26 07:14:56', '2025-06-26 07:14:56'),
(433, 2117, 2110, 14, 18, '2025-01-09', 'tidak', '2025-06-26 07:14:56', '2025-06-26 07:14:56'),
(434, 2758, 2655, 13, 18, '2024-07-30', 'ya', '2025-06-26 07:14:56', '2025-06-26 07:14:56'),
(435, 2019, 2422, 11, 13, '2023-08-30', 'ya', '2025-06-26 07:14:56', '2025-06-26 07:14:56'),
(436, 2392, 2245, 12, 11, '2024-05-30', 'ya', '2025-06-26 07:14:56', '2025-06-26 07:14:56'),
(437, 2843, 2915, 11, 9, '2023-08-18', 'ya', '2025-06-26 07:14:56', '2025-06-26 07:14:56'),
(438, 2186, 2420, 12, 14, '2023-10-29', 'tidak', '2025-06-26 07:14:56', '2025-06-26 07:14:56'),
(439, 2672, 2203, 12, 20, '2024-02-17', 'ya', '2025-06-26 07:14:56', '2025-06-26 07:14:56'),
(440, 2769, 2776, 14, 18, '2024-07-11', 'ya', '2025-06-26 07:14:56', '2025-06-26 07:14:56'),
(441, 2269, 2091, 11, 3, '2024-11-04', 'tidak', '2025-06-26 07:14:56', '2025-06-26 07:14:56'),
(442, 2469, 2807, 12, 19, '2024-10-04', 'ya', '2025-06-26 07:14:56', '2025-06-26 07:14:56'),
(443, 2993, 2439, 11, 8, '2025-03-22', 'tidak', '2025-06-26 07:14:56', '2025-06-26 07:14:56'),
(444, 2814, 2374, 13, 9, '2023-12-15', 'ya', '2025-06-26 07:14:56', '2025-06-26 07:14:56'),
(445, 2859, 2023, 17, 19, '2024-12-28', 'ya', '2025-06-26 07:14:56', '2025-06-26 07:14:56'),
(446, 2311, 2379, 17, 6, '2023-10-25', 'tidak', '2025-06-26 07:14:56', '2025-06-26 07:14:56'),
(447, 2388, 2613, 14, 11, '2025-05-22', 'tidak', '2025-06-26 07:14:56', '2025-06-26 07:14:56'),
(448, 2935, 2272, 17, 13, '2023-12-11', 'ya', '2025-06-26 07:14:56', '2025-06-26 07:14:56'),
(449, 2836, 2604, 15, 2, '2024-02-16', 'ya', '2025-06-26 07:14:56', '2025-06-26 07:14:56'),
(450, 2203, 2056, 16, 8, '2024-01-06', 'tidak', '2025-06-26 07:14:56', '2025-06-26 07:14:56'),
(451, 2702, 2641, 11, 6, '2025-01-04', 'ya', '2025-06-26 07:14:56', '2025-06-26 07:14:56'),
(452, 2967, 2290, 14, 9, '2023-08-13', 'ya', '2025-06-26 07:14:56', '2025-06-26 07:14:56'),
(453, 2240, 2564, 13, 4, '2024-08-14', 'tidak', '2025-06-26 07:14:56', '2025-06-26 07:14:56'),
(454, 2343, 2498, 11, 3, '2023-12-14', 'ya', '2025-06-26 07:14:56', '2025-06-26 07:14:56'),
(455, 2881, 2335, 14, 18, '2025-01-01', 'tidak', '2025-06-26 07:14:56', '2025-06-26 07:14:56'),
(456, 2305, 2502, 13, 19, '2025-03-21', 'tidak', '2025-06-26 07:14:56', '2025-06-26 07:14:56'),
(457, 2847, 2333, 11, 6, '2024-01-03', 'tidak', '2025-06-26 07:14:56', '2025-06-26 07:14:56'),
(458, 2140, 2416, 14, 2, '2024-08-14', 'ya', '2025-06-26 07:14:56', '2025-06-26 07:14:56'),
(459, 2934, 2446, 11, 13, '2025-06-19', 'ya', '2025-06-26 07:14:56', '2025-06-26 07:14:56'),
(460, 2737, 2734, 17, 18, '2025-04-08', 'ya', '2025-06-26 07:14:56', '2025-06-26 07:14:56'),
(461, 2932, 2083, 15, 7, '2025-04-27', 'ya', '2025-06-26 07:14:56', '2025-06-26 07:14:56'),
(462, 2179, 2712, 12, 11, '2024-08-21', 'tidak', '2025-06-26 07:14:56', '2025-06-26 07:14:56'),
(463, 2847, 2615, 17, 16, '2024-12-30', 'ya', '2025-06-26 07:14:56', '2025-06-26 07:14:56'),
(464, 2487, 2343, 16, 9, '2023-07-08', 'ya', '2025-06-26 07:14:56', '2025-06-26 07:14:56'),
(465, 2872, 2896, 15, 19, '2023-09-12', 'ya', '2025-06-26 07:14:56', '2025-06-26 07:14:56'),
(466, 2225, 2380, 17, 11, '2023-12-24', 'ya', '2025-06-26 07:14:56', '2025-06-26 07:14:56'),
(467, 2436, 2964, 14, 8, '2024-02-05', 'ya', '2025-06-26 07:14:56', '2025-06-26 07:14:56'),
(468, 2157, 2486, 15, 8, '2024-05-30', 'tidak', '2025-06-26 07:14:56', '2025-06-26 07:14:56'),
(469, 2240, 2724, 15, 2, '2024-05-13', 'tidak', '2025-06-26 07:14:56', '2025-06-26 07:14:56'),
(470, 2065, 2497, 14, 8, '2025-04-08', 'tidak', '2025-06-26 07:14:56', '2025-06-26 07:14:56'),
(471, 2532, 2338, 11, 20, '2023-09-28', 'ya', '2025-06-26 07:14:56', '2025-06-26 07:14:56'),
(472, 2336, 2477, 13, 5, '2024-02-27', 'tidak', '2025-06-26 07:14:56', '2025-06-26 07:14:56'),
(473, 2225, 2526, 17, 17, '2023-09-01', 'ya', '2025-06-26 07:14:56', '2025-06-26 07:14:56'),
(474, 2229, 2963, 14, 19, '2024-11-07', 'ya', '2025-06-26 07:14:56', '2025-06-26 07:14:56'),
(475, 2399, 2731, 16, 16, '2024-11-14', 'ya', '2025-06-26 07:14:56', '2025-06-26 07:14:56'),
(476, 2178, 2199, 12, 16, '2023-10-02', 'tidak', '2025-06-26 07:14:56', '2025-06-26 07:14:56'),
(477, 2826, 2317, 16, 1, '2025-04-27', 'ya', '2025-06-26 07:14:56', '2025-06-26 07:14:56'),
(478, 2874, 2090, 11, 12, '2024-04-16', 'ya', '2025-06-26 07:14:56', '2025-06-26 07:14:56'),
(479, 2298, 2675, 13, 17, '2023-11-18', 'tidak', '2025-06-26 07:14:56', '2025-06-26 07:14:56'),
(480, 2351, 2137, 16, 13, '2025-04-05', 'ya', '2025-06-26 07:14:56', '2025-06-26 07:14:56'),
(481, 2430, 2971, 13, 4, '2024-02-25', 'ya', '2025-06-26 07:14:56', '2025-06-26 07:14:56'),
(482, 2318, 2810, 15, 1, '2025-05-25', 'tidak', '2025-06-26 07:14:56', '2025-06-26 07:14:56'),
(483, 2731, 2589, 11, 2, '2024-05-29', 'ya', '2025-06-26 07:14:56', '2025-06-26 07:14:56'),
(484, 2512, 2891, 12, 15, '2024-06-29', 'tidak', '2025-06-26 07:14:56', '2025-06-26 07:14:56'),
(485, 2645, 2363, 15, 19, '2023-11-15', 'tidak', '2025-06-26 07:14:56', '2025-06-26 07:14:56'),
(486, 2383, 2158, 12, 2, '2024-10-26', 'ya', '2025-06-26 07:14:56', '2025-06-26 07:14:56'),
(487, 2127, 2381, 13, 2, '2024-10-23', 'ya', '2025-06-26 07:14:56', '2025-06-26 07:14:56'),
(488, 2632, 2393, 14, 18, '2024-02-15', 'tidak', '2025-06-26 07:14:56', '2025-06-26 07:14:56'),
(489, 2766, 2841, 14, 1, '2024-05-19', 'tidak', '2025-06-26 07:14:56', '2025-06-26 07:14:56'),
(490, 2822, 2912, 13, 18, '2024-04-11', 'ya', '2025-06-26 07:14:56', '2025-06-26 07:14:56'),
(491, 2540, 2071, 11, 20, '2024-02-16', 'tidak', '2025-06-26 07:14:56', '2025-06-26 07:14:56'),
(492, 2625, 2742, 16, 6, '2023-09-17', 'tidak', '2025-06-26 07:14:56', '2025-06-26 07:14:56'),
(493, 2598, 2229, 17, 12, '2024-05-10', 'ya', '2025-06-26 07:14:56', '2025-06-26 07:14:56'),
(494, 2504, 2289, 15, 1, '2025-05-24', 'ya', '2025-06-26 07:14:56', '2025-06-26 07:14:56'),
(495, 2795, 2073, 13, 11, '2023-08-07', 'tidak', '2025-06-26 07:14:56', '2025-06-26 07:14:56'),
(496, 2370, 2486, 17, 15, '2024-12-08', 'tidak', '2025-06-26 07:14:56', '2025-06-26 07:14:56'),
(497, 2704, 2287, 13, 5, '2024-10-08', 'tidak', '2025-06-26 07:14:56', '2025-06-26 07:14:56'),
(498, 2942, 2981, 16, 12, '2025-02-09', 'tidak', '2025-06-26 07:14:56', '2025-06-26 07:14:56'),
(499, 2672, 2807, 13, 14, '2024-10-10', 'tidak', '2025-06-26 07:14:56', '2025-06-26 07:14:56'),
(500, 2015, 2995, 17, 6, '2024-11-25', 'ya', '2025-06-26 07:14:56', '2025-06-26 07:14:56'),
(501, 2092, 2390, 14, 1, '2024-11-24', 'tidak', '2025-06-26 07:14:56', '2025-06-26 07:14:56'),
(502, 2480, 2045, 15, 3, '2023-11-12', 'tidak', '2025-06-26 07:14:56', '2025-06-26 07:14:56'),
(503, 2666, 2089, 11, 2, '2024-06-28', 'tidak', '2025-06-26 07:14:56', '2025-06-26 07:14:56'),
(504, 2615, 2874, 13, 3, '2025-01-10', 'ya', '2025-06-26 07:14:56', '2025-06-26 07:14:56'),
(505, 2956, 2720, 16, 17, '2023-09-18', 'tidak', '2025-06-26 07:14:56', '2025-06-26 07:14:56'),
(506, 2088, 2068, 11, 8, '2025-06-23', 'tidak', '2025-06-26 07:14:56', '2025-06-26 07:14:56'),
(507, 2532, 2012, 13, 14, '2025-04-26', 'tidak', '2025-06-26 07:14:56', '2025-06-26 07:14:56'),
(508, 2886, 2356, 11, 1, '2024-07-25', 'ya', '2025-06-26 07:14:56', '2025-06-26 07:14:56'),
(509, 2287, 2657, 16, 14, '2023-06-30', 'tidak', '2025-06-26 07:14:56', '2025-06-26 07:14:56'),
(510, 2331, 2239, 17, 13, '2024-11-03', 'tidak', '2025-06-26 07:14:56', '2025-06-26 07:14:56'),
(511, 2101, 2636, 17, 14, '2024-10-22', 'ya', '2025-06-26 07:14:56', '2025-06-26 07:14:56'),
(512, 2895, 2248, 17, 4, '2024-06-04', 'tidak', '2025-06-26 07:14:56', '2025-06-26 07:14:56'),
(513, 2681, 2689, 16, 18, '2024-09-21', 'tidak', '2025-06-26 07:14:56', '2025-06-26 07:14:56'),
(514, 2335, 2885, 15, 9, '2025-04-11', 'tidak', '2025-06-26 07:14:56', '2025-06-26 07:14:56'),
(515, 2209, 2466, 13, 19, '2024-11-21', 'ya', '2025-06-26 07:14:56', '2025-06-26 07:14:56'),
(516, 2676, 2154, 13, 4, '2025-06-16', 'ya', '2025-06-26 07:14:56', '2025-06-26 07:14:56'),
(517, 2608, 2746, 12, 20, '2025-06-02', 'tidak', '2025-06-26 07:14:56', '2025-06-26 07:14:56'),
(518, 2919, 2702, 14, 8, '2025-06-06', 'tidak', '2025-06-26 07:14:56', '2025-06-26 07:14:56'),
(519, 2552, 2356, 14, 18, '2023-11-19', 'tidak', '2025-06-26 07:14:56', '2025-06-26 07:14:56'),
(520, 2315, 2076, 16, 19, '2023-12-09', 'ya', '2025-06-26 07:14:56', '2025-06-26 07:14:56'),
(521, 2619, 2715, 17, 6, '2024-12-25', 'ya', '2025-06-26 07:14:56', '2025-06-26 07:14:56'),
(522, 2092, 2377, 17, 2, '2024-08-28', 'ya', '2025-06-26 07:14:56', '2025-06-26 07:14:56'),
(523, 2689, 2342, 17, 4, '2023-11-19', 'tidak', '2025-06-26 07:14:56', '2025-06-26 07:14:56'),
(524, 2749, 2234, 11, 4, '2024-01-11', 'ya', '2025-06-26 07:14:56', '2025-06-26 07:14:56'),
(525, 2953, 2054, 16, 19, '2023-09-18', 'ya', '2025-06-26 07:14:56', '2025-06-26 07:14:56'),
(526, 2890, 2066, 11, 20, '2023-10-12', 'ya', '2025-06-26 07:14:56', '2025-06-26 07:14:56'),
(527, 2228, 2587, 12, 19, '2024-07-14', 'tidak', '2025-06-26 07:14:56', '2025-06-26 07:14:56'),
(528, 2472, 2258, 15, 15, '2024-01-23', 'ya', '2025-06-26 07:14:56', '2025-06-26 07:14:56'),
(529, 2928, 2976, 11, 15, '2024-04-24', 'ya', '2025-06-26 07:14:56', '2025-06-26 07:14:56'),
(530, 2630, 2147, 15, 18, '2024-04-08', 'ya', '2025-06-26 07:14:56', '2025-06-26 07:14:56'),
(531, 2138, 2752, 17, 9, '2024-02-05', 'ya', '2025-06-26 07:14:56', '2025-06-26 07:14:56'),
(532, 2400, 2875, 13, 13, '2024-12-12', 'tidak', '2025-06-26 07:14:56', '2025-06-26 07:14:56'),
(533, 2263, 2597, 13, 12, '2024-01-02', 'tidak', '2025-06-26 07:14:56', '2025-06-26 07:14:56'),
(534, 2682, 2876, 12, 5, '2024-05-21', 'tidak', '2025-06-26 07:14:56', '2025-06-26 07:14:56'),
(535, 2697, 2979, 13, 2, '2023-12-23', 'ya', '2025-06-26 07:14:56', '2025-06-26 07:14:56'),
(536, 2195, 2189, 13, 3, '2023-10-12', 'tidak', '2025-06-26 07:14:56', '2025-06-26 07:14:56'),
(537, 2966, 2852, 12, 7, '2023-08-27', 'tidak', '2025-06-26 07:14:56', '2025-06-26 07:14:56'),
(538, 2851, 2529, 12, 20, '2024-04-09', 'tidak', '2025-06-26 07:14:56', '2025-06-26 07:14:56'),
(539, 2451, 2735, 12, 1, '2025-03-25', 'ya', '2025-06-26 07:14:56', '2025-06-26 07:14:56'),
(540, 2699, 2614, 11, 13, '2024-01-02', 'ya', '2025-06-26 07:14:56', '2025-06-26 07:14:56'),
(541, 2272, 2310, 14, 13, '2024-01-03', 'ya', '2025-06-26 07:14:56', '2025-06-26 07:14:56'),
(542, 2611, 2959, 12, 18, '2024-04-02', 'ya', '2025-06-26 07:14:56', '2025-06-26 07:14:56'),
(543, 2578, 2199, 16, 16, '2024-06-13', 'ya', '2025-06-26 07:14:56', '2025-06-26 07:14:56'),
(544, 2402, 2073, 14, 17, '2024-10-17', 'ya', '2025-06-26 07:14:56', '2025-06-26 07:14:56');
INSERT INTO `pernikahans` (`id`, `id_pria`, `id_perempuan`, `id_user`, `id_kelurahan`, `tanggal_pernikahan`, `hasil_rujukan`, `created_at`, `updated_at`) VALUES
(545, 2118, 2738, 13, 12, '2024-07-22', 'ya', '2025-06-26 07:14:56', '2025-06-26 07:14:56'),
(546, 2390, 2820, 14, 8, '2024-07-12', 'tidak', '2025-06-26 07:14:56', '2025-06-26 07:14:56'),
(547, 2188, 2374, 11, 10, '2025-02-03', 'tidak', '2025-06-26 07:14:56', '2025-06-26 07:14:56'),
(548, 2512, 2150, 13, 18, '2024-10-29', 'tidak', '2025-06-26 07:14:56', '2025-06-26 07:14:56'),
(549, 2477, 2328, 17, 12, '2024-12-11', 'ya', '2025-06-26 07:14:56', '2025-06-26 07:14:56'),
(550, 2396, 2184, 15, 10, '2023-08-20', 'tidak', '2025-06-26 07:14:56', '2025-06-26 07:14:56'),
(551, 2188, 2917, 14, 8, '2025-04-20', 'tidak', '2025-06-26 07:14:56', '2025-06-26 07:14:56'),
(552, 2726, 2639, 11, 17, '2025-02-12', 'tidak', '2025-06-26 07:14:56', '2025-06-26 07:14:56'),
(553, 2566, 2990, 15, 6, '2024-07-27', 'ya', '2025-06-26 07:14:56', '2025-06-26 07:14:56'),
(554, 2170, 2498, 16, 5, '2025-04-16', 'tidak', '2025-06-26 07:14:56', '2025-06-26 07:14:56'),
(555, 2188, 2322, 14, 4, '2024-11-13', 'ya', '2025-06-26 07:14:56', '2025-06-26 07:14:56'),
(556, 2592, 2640, 14, 4, '2024-08-15', 'tidak', '2025-06-26 07:14:56', '2025-06-26 07:14:56'),
(557, 2445, 2624, 16, 3, '2023-08-23', 'ya', '2025-06-26 07:14:56', '2025-06-26 07:14:56'),
(558, 2327, 2758, 12, 13, '2024-04-20', 'ya', '2025-06-26 07:14:56', '2025-06-26 07:14:56'),
(559, 2862, 2860, 17, 8, '2025-02-13', 'ya', '2025-06-26 07:14:56', '2025-06-26 07:14:56'),
(560, 2629, 2708, 16, 17, '2024-04-30', 'ya', '2025-06-26 07:14:56', '2025-06-26 07:14:56'),
(561, 2083, 2603, 14, 14, '2023-11-06', 'ya', '2025-06-26 07:14:56', '2025-06-26 07:14:56'),
(562, 2173, 2234, 15, 10, '2024-02-14', 'tidak', '2025-06-26 07:14:56', '2025-06-26 07:14:56'),
(563, 2558, 2796, 11, 10, '2025-05-31', 'ya', '2025-06-26 07:14:56', '2025-06-26 07:14:56'),
(564, 2372, 2202, 13, 14, '2024-06-08', 'tidak', '2025-06-26 07:14:56', '2025-06-26 07:14:56'),
(565, 2744, 2870, 11, 8, '2023-11-14', 'tidak', '2025-06-26 07:14:57', '2025-06-26 07:14:57'),
(566, 2649, 2083, 17, 7, '2023-12-21', 'ya', '2025-06-26 07:14:57', '2025-06-26 07:14:57'),
(567, 2954, 2713, 14, 2, '2023-12-06', 'tidak', '2025-06-26 07:14:57', '2025-06-26 07:14:57'),
(568, 2931, 2484, 11, 11, '2025-06-08', 'tidak', '2025-06-26 07:14:57', '2025-06-26 07:14:57'),
(569, 2532, 2610, 14, 5, '2023-07-02', 'tidak', '2025-06-26 07:14:57', '2025-06-26 07:14:57'),
(570, 2634, 2894, 14, 15, '2024-10-11', 'tidak', '2025-06-26 07:14:57', '2025-06-26 07:14:57'),
(571, 2877, 2632, 14, 17, '2024-04-16', 'ya', '2025-06-26 07:14:57', '2025-06-26 07:14:57'),
(572, 2148, 2314, 13, 5, '2025-02-27', 'ya', '2025-06-26 07:14:57', '2025-06-26 07:14:57'),
(573, 2686, 2646, 16, 11, '2024-10-28', 'tidak', '2025-06-26 07:14:57', '2025-06-26 07:14:57'),
(574, 2015, 2790, 17, 4, '2025-06-15', 'ya', '2025-06-26 07:14:57', '2025-06-26 07:14:57'),
(575, 2260, 2753, 17, 3, '2023-11-18', 'tidak', '2025-06-26 07:14:57', '2025-06-26 07:14:57'),
(576, 2043, 2544, 11, 14, '2023-10-17', 'ya', '2025-06-26 07:14:57', '2025-06-26 07:14:57'),
(577, 2440, 2574, 13, 12, '2024-06-08', 'ya', '2025-06-26 07:14:57', '2025-06-26 07:14:57'),
(578, 2418, 2215, 12, 19, '2023-07-12', 'tidak', '2025-06-26 07:14:57', '2025-06-26 07:14:57'),
(579, 2442, 2303, 16, 9, '2025-05-23', 'tidak', '2025-06-26 07:14:57', '2025-06-26 07:14:57'),
(580, 2218, 2303, 13, 15, '2023-10-25', 'tidak', '2025-06-26 07:14:57', '2025-06-26 07:14:57'),
(581, 2117, 2241, 17, 13, '2024-11-15', 'ya', '2025-06-26 07:14:57', '2025-06-26 07:14:57'),
(582, 2937, 2888, 15, 11, '2023-12-22', 'tidak', '2025-06-26 07:14:57', '2025-06-26 07:14:57'),
(583, 2605, 2251, 11, 12, '2024-11-16', 'tidak', '2025-06-26 07:14:57', '2025-06-26 07:14:57'),
(584, 2733, 2829, 16, 15, '2023-08-27', 'tidak', '2025-06-26 07:14:57', '2025-06-26 07:14:57'),
(585, 2946, 2112, 17, 1, '2025-02-06', 'ya', '2025-06-26 07:14:57', '2025-06-26 07:14:57'),
(586, 2853, 2003, 15, 11, '2024-02-09', 'ya', '2025-06-26 07:14:57', '2025-06-26 07:14:57'),
(587, 2120, 2727, 13, 17, '2025-01-12', 'ya', '2025-06-26 07:14:57', '2025-06-26 07:14:57'),
(588, 2788, 2014, 14, 16, '2023-11-21', 'tidak', '2025-06-26 07:14:57', '2025-06-26 07:14:57'),
(589, 2189, 2517, 13, 19, '2024-02-14', 'tidak', '2025-06-26 07:14:57', '2025-06-26 07:14:57'),
(590, 2635, 2265, 16, 5, '2023-10-02', 'tidak', '2025-06-26 07:14:57', '2025-06-26 07:14:57'),
(591, 2624, 2548, 11, 8, '2023-08-17', 'ya', '2025-06-26 07:14:57', '2025-06-26 07:14:57'),
(592, 2672, 2530, 13, 20, '2024-10-31', 'tidak', '2025-06-26 07:14:57', '2025-06-26 07:14:57'),
(593, 2635, 2325, 16, 9, '2023-07-23', 'ya', '2025-06-26 07:14:57', '2025-06-26 07:14:57'),
(594, 2319, 2799, 15, 16, '2023-07-26', 'tidak', '2025-06-26 07:14:57', '2025-06-26 07:14:57'),
(595, 2686, 2198, 17, 3, '2024-12-24', 'ya', '2025-06-26 07:14:57', '2025-06-26 07:14:57'),
(596, 2756, 2539, 15, 15, '2023-07-14', 'tidak', '2025-06-26 07:14:57', '2025-06-26 07:14:57'),
(597, 2528, 2274, 14, 5, '2024-07-02', 'tidak', '2025-06-26 07:14:57', '2025-06-26 07:14:57'),
(598, 2651, 2849, 16, 18, '2023-12-13', 'ya', '2025-06-26 07:14:57', '2025-06-26 07:14:57'),
(599, 2880, 2289, 16, 18, '2025-01-20', 'tidak', '2025-06-26 07:14:57', '2025-06-26 07:14:57'),
(600, 2632, 2062, 15, 3, '2024-03-24', 'ya', '2025-06-26 07:14:57', '2025-06-26 07:14:57'),
(601, 2118, 2216, 13, 1, '2023-10-31', 'ya', '2025-06-26 07:14:57', '2025-06-26 07:14:57'),
(602, 2852, 2489, 14, 4, '2024-10-11', 'tidak', '2025-06-26 07:14:57', '2025-06-26 07:14:57'),
(603, 2554, 2529, 11, 14, '2024-11-16', 'ya', '2025-06-26 07:14:57', '2025-06-26 07:14:57'),
(604, 2413, 2201, 13, 5, '2025-05-09', 'tidak', '2025-06-26 07:14:57', '2025-06-26 07:14:57'),
(605, 2883, 2139, 14, 17, '2025-05-26', 'tidak', '2025-06-26 07:14:57', '2025-06-26 07:14:57'),
(606, 2523, 2275, 16, 11, '2024-11-30', 'tidak', '2025-06-26 07:14:57', '2025-06-26 07:14:57'),
(607, 2511, 2474, 17, 13, '2025-06-25', 'ya', '2025-06-26 07:14:57', '2025-06-26 07:14:57'),
(608, 2926, 2496, 12, 15, '2025-05-03', 'tidak', '2025-06-26 07:14:57', '2025-06-26 07:14:57'),
(609, 2354, 2423, 17, 11, '2023-10-31', 'ya', '2025-06-26 07:14:57', '2025-06-26 07:14:57'),
(610, 2931, 2168, 16, 15, '2023-11-14', 'tidak', '2025-06-26 07:14:57', '2025-06-26 07:14:57'),
(611, 2086, 2022, 14, 5, '2024-10-25', 'ya', '2025-06-26 07:14:57', '2025-06-26 07:14:57'),
(612, 2057, 2923, 17, 12, '2024-12-06', 'tidak', '2025-06-26 07:14:57', '2025-06-26 07:14:57'),
(613, 2644, 2656, 16, 15, '2024-04-17', 'ya', '2025-06-26 07:14:57', '2025-06-26 07:14:57'),
(614, 2977, 2259, 13, 16, '2025-06-20', 'ya', '2025-06-26 07:14:57', '2025-06-26 07:14:57'),
(615, 2806, 2687, 12, 2, '2025-03-10', 'tidak', '2025-06-26 07:14:57', '2025-06-26 07:14:57'),
(616, 2004, 2633, 15, 4, '2023-06-29', 'tidak', '2025-06-26 07:14:57', '2025-06-26 07:14:57'),
(617, 2612, 2330, 12, 7, '2025-05-05', 'tidak', '2025-06-26 07:14:57', '2025-06-26 07:14:57'),
(618, 2487, 2003, 15, 11, '2024-05-05', 'ya', '2025-06-26 07:14:57', '2025-06-26 07:14:57'),
(619, 2303, 2603, 16, 12, '2024-02-16', 'ya', '2025-06-26 07:14:57', '2025-06-26 07:14:57'),
(620, 2738, 2973, 13, 6, '2024-02-08', 'tidak', '2025-06-26 07:14:57', '2025-06-26 07:14:57'),
(621, 2937, 2147, 15, 13, '2023-09-29', 'ya', '2025-06-26 07:14:57', '2025-06-26 07:14:57'),
(622, 2600, 2631, 12, 14, '2023-10-07', 'tidak', '2025-06-26 07:14:57', '2025-06-26 07:14:57'),
(623, 2696, 2873, 11, 9, '2023-08-28', 'tidak', '2025-06-26 07:14:57', '2025-06-26 07:14:57'),
(624, 2946, 2553, 16, 16, '2025-02-04', 'ya', '2025-06-26 07:14:57', '2025-06-26 07:14:57'),
(625, 2210, 2205, 14, 3, '2024-08-04', 'tidak', '2025-06-26 07:14:57', '2025-06-26 07:14:57'),
(626, 2023, 2010, 12, 14, '2024-10-06', 'tidak', '2025-06-26 07:14:57', '2025-06-26 07:14:57'),
(627, 2656, 2721, 11, 9, '2024-04-30', 'tidak', '2025-06-26 07:14:57', '2025-06-26 07:14:57'),
(628, 2719, 2649, 11, 12, '2025-02-04', 'ya', '2025-06-26 07:14:57', '2025-06-26 07:14:57'),
(629, 2240, 2802, 16, 20, '2024-02-18', 'tidak', '2025-06-26 07:14:57', '2025-06-26 07:14:57'),
(630, 2716, 2746, 14, 3, '2025-05-26', 'tidak', '2025-06-26 07:14:57', '2025-06-26 07:14:57'),
(631, 2838, 2972, 16, 20, '2024-05-28', 'ya', '2025-06-26 07:14:57', '2025-06-26 07:14:57'),
(632, 2792, 2120, 15, 1, '2024-01-22', 'tidak', '2025-06-26 07:14:57', '2025-06-26 07:14:57'),
(633, 2114, 2851, 12, 8, '2024-12-05', 'ya', '2025-06-26 07:14:57', '2025-06-26 07:14:57'),
(634, 2792, 2999, 15, 10, '2024-12-07', 'tidak', '2025-06-26 07:14:57', '2025-06-26 07:14:57'),
(635, 2195, 2518, 14, 20, '2024-01-08', 'tidak', '2025-06-26 07:14:57', '2025-06-26 07:14:57'),
(636, 2705, 2386, 14, 11, '2024-09-03', 'tidak', '2025-06-26 07:14:57', '2025-06-26 07:14:57'),
(637, 2015, 2211, 17, 15, '2025-02-26', 'ya', '2025-06-26 07:14:57', '2025-06-26 07:14:57'),
(638, 2540, 2359, 16, 12, '2023-12-01', 'tidak', '2025-06-26 07:14:57', '2025-06-26 07:14:57'),
(639, 2383, 2936, 14, 10, '2024-01-09', 'tidak', '2025-06-26 07:14:57', '2025-06-26 07:14:57'),
(640, 2183, 2125, 12, 13, '2024-03-31', 'tidak', '2025-06-26 07:14:57', '2025-06-26 07:14:57'),
(641, 2094, 2535, 12, 10, '2024-05-26', 'ya', '2025-06-26 07:14:57', '2025-06-26 07:14:57'),
(642, 2922, 2132, 15, 17, '2025-01-01', 'tidak', '2025-06-26 07:14:57', '2025-06-26 07:14:57'),
(643, 2671, 2544, 13, 12, '2024-12-24', 'ya', '2025-06-26 07:14:57', '2025-06-26 07:14:57'),
(644, 2391, 2549, 17, 2, '2025-04-30', 'tidak', '2025-06-26 07:14:57', '2025-06-26 07:14:57'),
(645, 2884, 2523, 13, 20, '2025-04-26', 'ya', '2025-06-26 07:14:57', '2025-06-26 07:14:57'),
(646, 2515, 2388, 14, 3, '2024-06-27', 'tidak', '2025-06-26 07:14:57', '2025-06-26 07:14:57'),
(647, 2515, 2956, 12, 20, '2023-08-14', 'ya', '2025-06-26 07:14:57', '2025-06-26 07:14:57'),
(648, 2420, 2881, 13, 15, '2024-06-03', 'ya', '2025-06-26 07:14:57', '2025-06-26 07:14:57'),
(649, 2253, 2110, 11, 13, '2025-06-21', 'ya', '2025-06-26 07:14:57', '2025-06-26 07:14:57'),
(650, 2701, 2195, 13, 4, '2025-06-15', 'ya', '2025-06-26 07:14:57', '2025-06-26 07:14:57'),
(651, 2828, 2949, 12, 12, '2024-06-03', 'tidak', '2025-06-26 07:14:57', '2025-06-26 07:14:57'),
(652, 2615, 2395, 11, 2, '2025-06-14', 'tidak', '2025-06-26 07:14:57', '2025-06-26 07:14:57'),
(653, 2005, 2379, 15, 19, '2024-01-17', 'ya', '2025-06-26 07:14:57', '2025-06-26 07:14:57'),
(654, 2724, 2968, 17, 5, '2025-06-11', 'ya', '2025-06-26 07:14:57', '2025-06-26 07:14:57'),
(655, 2943, 2991, 11, 15, '2025-01-31', 'ya', '2025-06-26 07:14:57', '2025-06-26 07:14:57'),
(656, 2713, 2854, 14, 16, '2024-03-24', 'tidak', '2025-06-26 07:14:57', '2025-06-26 07:14:57'),
(657, 2509, 2537, 17, 9, '2023-07-01', 'tidak', '2025-06-26 07:14:57', '2025-06-26 07:14:57'),
(658, 2356, 2201, 14, 4, '2024-12-09', 'ya', '2025-06-26 07:14:57', '2025-06-26 07:14:57'),
(659, 2157, 2467, 13, 8, '2025-02-16', 'tidak', '2025-06-26 07:14:57', '2025-06-26 07:14:57'),
(660, 2771, 2989, 11, 11, '2024-10-30', 'ya', '2025-06-26 07:14:57', '2025-06-26 07:14:57'),
(661, 2133, 2063, 14, 15, '2024-09-01', 'ya', '2025-06-26 07:14:57', '2025-06-26 07:14:57'),
(662, 2510, 2831, 12, 2, '2023-10-13', 'ya', '2025-06-26 07:14:57', '2025-06-26 07:14:57'),
(663, 2933, 2962, 14, 7, '2025-04-23', 'ya', '2025-06-26 07:14:57', '2025-06-26 07:14:57'),
(664, 2227, 2775, 12, 14, '2025-01-06', 'ya', '2025-06-26 07:14:57', '2025-06-26 07:14:57'),
(665, 2286, 2901, 13, 14, '2023-11-22', 'tidak', '2025-06-26 07:14:57', '2025-06-26 07:14:57'),
(666, 2879, 2982, 17, 2, '2023-07-01', 'ya', '2025-06-26 07:14:57', '2025-06-26 07:14:57'),
(667, 2463, 2273, 17, 6, '2024-05-20', 'ya', '2025-06-26 07:14:57', '2025-06-26 07:14:57'),
(668, 2702, 2133, 11, 18, '2025-05-16', 'tidak', '2025-06-26 07:14:57', '2025-06-26 07:14:57'),
(669, 2192, 2924, 17, 7, '2024-06-03', 'tidak', '2025-06-26 07:14:57', '2025-06-26 07:14:57'),
(670, 2494, 2135, 16, 5, '2025-06-06', 'tidak', '2025-06-26 07:14:57', '2025-06-26 07:14:57'),
(671, 2950, 2671, 16, 13, '2025-03-14', 'ya', '2025-06-26 07:14:57', '2025-06-26 07:14:57'),
(672, 2562, 2704, 15, 15, '2024-07-05', 'ya', '2025-06-26 07:14:57', '2025-06-26 07:14:57'),
(673, 2156, 2510, 12, 15, '2025-04-04', 'ya', '2025-06-26 07:14:57', '2025-06-26 07:14:57'),
(674, 2577, 2370, 11, 3, '2025-02-01', 'tidak', '2025-06-26 07:14:57', '2025-06-26 07:14:57'),
(675, 2412, 2686, 16, 8, '2024-11-03', 'tidak', '2025-06-26 07:14:57', '2025-06-26 07:14:57'),
(676, 2046, 2388, 14, 16, '2023-11-19', 'ya', '2025-06-26 07:14:57', '2025-06-26 07:14:57'),
(677, 2845, 2562, 13, 13, '2024-07-02', 'ya', '2025-06-26 07:14:57', '2025-06-26 07:14:57'),
(678, 2963, 2801, 11, 9, '2024-06-21', 'tidak', '2025-06-26 07:14:57', '2025-06-26 07:14:57'),
(679, 2559, 2805, 14, 9, '2024-01-16', 'tidak', '2025-06-26 07:14:57', '2025-06-26 07:14:57'),
(680, 2084, 2462, 12, 4, '2024-07-15', 'tidak', '2025-06-26 07:14:57', '2025-06-26 07:14:57'),
(681, 2680, 2417, 14, 2, '2024-11-18', 'ya', '2025-06-26 07:14:57', '2025-06-26 07:14:57'),
(682, 2561, 2819, 17, 2, '2024-12-27', 'ya', '2025-06-26 07:14:57', '2025-06-26 07:14:57'),
(683, 2367, 2474, 12, 12, '2025-02-13', 'tidak', '2025-06-26 07:14:57', '2025-06-26 07:14:57'),
(684, 2479, 2127, 13, 10, '2024-02-12', 'ya', '2025-06-26 07:14:57', '2025-06-26 07:14:57'),
(685, 2082, 2017, 13, 7, '2024-10-16', 'ya', '2025-06-26 07:14:57', '2025-06-26 07:14:57'),
(686, 2896, 2135, 16, 10, '2023-07-03', 'ya', '2025-06-26 07:14:57', '2025-06-26 07:14:57'),
(687, 2264, 2704, 14, 3, '2024-05-16', 'ya', '2025-06-26 07:14:57', '2025-06-26 07:14:57'),
(688, 2276, 2480, 12, 11, '2025-06-25', 'tidak', '2025-06-26 07:14:57', '2025-06-26 07:14:57'),
(689, 2099, 2738, 16, 5, '2023-10-07', 'tidak', '2025-06-26 07:14:57', '2025-06-26 07:14:57'),
(690, 2251, 2999, 16, 5, '2024-10-22', 'tidak', '2025-06-26 07:14:57', '2025-06-26 07:14:57'),
(691, 2525, 2104, 13, 9, '2025-03-24', 'tidak', '2025-06-26 07:14:57', '2025-06-26 07:14:57'),
(692, 2546, 2961, 15, 4, '2024-11-01', 'ya', '2025-06-26 07:14:57', '2025-06-26 07:14:57'),
(693, 2671, 2898, 13, 7, '2024-09-07', 'ya', '2025-06-26 07:14:57', '2025-06-26 07:14:57'),
(694, 2611, 2437, 14, 3, '2023-12-29', 'tidak', '2025-06-26 07:14:57', '2025-06-26 07:14:57'),
(695, 2931, 2757, 14, 7, '2023-07-25', 'ya', '2025-06-26 07:14:57', '2025-06-26 07:14:57'),
(696, 2205, 2878, 15, 18, '2024-11-08', 'tidak', '2025-06-26 07:14:57', '2025-06-26 07:14:57'),
(697, 2503, 2018, 11, 7, '2023-07-13', 'tidak', '2025-06-26 07:14:57', '2025-06-26 07:14:57'),
(698, 2219, 2678, 17, 17, '2025-03-04', 'ya', '2025-06-26 07:14:57', '2025-06-26 07:14:57'),
(699, 2836, 2725, 15, 14, '2024-08-07', 'ya', '2025-06-26 07:14:57', '2025-06-26 07:14:57'),
(700, 2705, 2262, 14, 17, '2023-10-25', 'ya', '2025-06-26 07:14:57', '2025-06-26 07:14:57'),
(701, 2329, 2341, 16, 20, '2023-10-20', 'tidak', '2025-06-26 07:14:57', '2025-06-26 07:14:57'),
(702, 2145, 2933, 12, 3, '2024-11-25', 'tidak', '2025-06-26 07:14:57', '2025-06-26 07:14:57'),
(703, 2796, 2439, 11, 5, '2023-11-19', 'ya', '2025-06-26 07:14:57', '2025-06-26 07:14:57'),
(704, 2106, 2616, 12, 15, '2025-04-09', 'ya', '2025-06-26 07:14:57', '2025-06-26 07:14:57'),
(705, 2659, 2714, 17, 10, '2025-02-28', 'ya', '2025-06-26 07:14:57', '2025-06-26 07:14:57'),
(706, 2209, 2982, 11, 11, '2024-03-19', 'tidak', '2025-06-26 07:14:57', '2025-06-26 07:14:57'),
(707, 2663, 2960, 15, 10, '2023-11-05', 'tidak', '2025-06-26 07:14:57', '2025-06-26 07:14:57'),
(708, 2110, 2795, 11, 12, '2023-07-19', 'ya', '2025-06-26 07:14:57', '2025-06-26 07:14:57'),
(709, 2312, 2044, 17, 9, '2024-01-16', 'ya', '2025-06-26 07:14:57', '2025-06-26 07:14:57'),
(710, 2708, 2017, 11, 19, '2025-03-11', 'ya', '2025-06-26 07:14:57', '2025-06-26 07:14:57'),
(711, 2917, 2339, 16, 16, '2024-10-21', 'ya', '2025-06-26 07:14:57', '2025-06-26 07:14:57'),
(712, 2134, 2183, 15, 17, '2024-05-29', 'tidak', '2025-06-26 07:14:57', '2025-06-26 07:14:57'),
(713, 2683, 2984, 16, 1, '2024-07-04', 'tidak', '2025-06-26 07:14:57', '2025-06-26 07:14:57'),
(714, 2013, 2371, 16, 18, '2025-05-28', 'ya', '2025-06-26 07:14:57', '2025-06-26 07:14:57'),
(715, 2130, 2049, 12, 6, '2024-05-23', 'ya', '2025-06-26 07:14:57', '2025-06-26 07:14:57'),
(716, 2500, 2489, 16, 5, '2024-04-06', 'ya', '2025-06-26 07:14:57', '2025-06-26 07:14:57'),
(717, 2087, 2243, 16, 3, '2024-11-24', 'tidak', '2025-06-26 07:14:57', '2025-06-26 07:14:57'),
(718, 2556, 2451, 16, 16, '2024-06-12', 'ya', '2025-06-26 07:14:57', '2025-06-26 07:14:57'),
(719, 2686, 2554, 16, 7, '2024-05-03', 'ya', '2025-06-26 07:14:57', '2025-06-26 07:14:57'),
(720, 2479, 2225, 16, 12, '2024-08-23', 'ya', '2025-06-26 07:14:57', '2025-06-26 07:14:57'),
(721, 2747, 2992, 15, 17, '2024-09-30', 'ya', '2025-06-26 07:14:57', '2025-06-26 07:14:57'),
(722, 2598, 2311, 11, 18, '2025-04-03', 'tidak', '2025-06-26 07:14:57', '2025-06-26 07:14:57'),
(723, 2409, 2180, 16, 9, '2025-06-09', 'ya', '2025-06-26 07:14:57', '2025-06-26 07:14:57'),
(724, 2120, 2107, 14, 8, '2024-01-03', 'tidak', '2025-06-26 07:14:57', '2025-06-26 07:14:57'),
(725, 2326, 2913, 13, 14, '2023-10-24', 'tidak', '2025-06-26 07:14:57', '2025-06-26 07:14:57'),
(726, 2724, 2163, 11, 13, '2023-07-02', 'ya', '2025-06-26 07:14:57', '2025-06-26 07:14:57'),
(727, 2399, 2906, 12, 3, '2024-09-05', 'ya', '2025-06-26 07:14:57', '2025-06-26 07:14:57'),
(728, 2668, 2443, 15, 16, '2024-08-31', 'ya', '2025-06-26 07:14:57', '2025-06-26 07:14:57'),
(729, 2131, 2516, 11, 12, '2024-04-28', 'ya', '2025-06-26 07:14:57', '2025-06-26 07:14:57'),
(730, 2606, 2326, 11, 9, '2025-04-09', 'ya', '2025-06-26 07:14:57', '2025-06-26 07:14:57'),
(731, 2239, 2329, 17, 5, '2024-11-09', 'tidak', '2025-06-26 07:14:57', '2025-06-26 07:14:57'),
(732, 2735, 2176, 12, 6, '2023-12-18', 'ya', '2025-06-26 07:14:57', '2025-06-26 07:14:57'),
(733, 2268, 2454, 17, 1, '2025-06-10', 'ya', '2025-06-26 07:14:57', '2025-06-26 07:14:57'),
(734, 2382, 2386, 11, 14, '2023-07-02', 'tidak', '2025-06-26 07:14:57', '2025-06-26 07:14:57'),
(735, 2233, 2695, 12, 16, '2024-10-20', 'tidak', '2025-06-26 07:14:57', '2025-06-26 07:14:57'),
(736, 2264, 2660, 12, 6, '2023-08-16', 'ya', '2025-06-26 07:14:57', '2025-06-26 07:14:57'),
(737, 2962, 2006, 11, 16, '2024-02-05', 'ya', '2025-06-26 07:14:57', '2025-06-26 07:14:57'),
(738, 2939, 2779, 14, 18, '2025-05-10', 'ya', '2025-06-26 07:14:57', '2025-06-26 07:14:57'),
(739, 2499, 2713, 14, 5, '2025-03-08', 'tidak', '2025-06-26 07:14:57', '2025-06-26 07:14:57'),
(740, 2556, 2597, 17, 9, '2023-09-29', 'ya', '2025-06-26 07:14:57', '2025-06-26 07:14:57'),
(741, 2572, 2870, 16, 20, '2023-08-01', 'tidak', '2025-06-26 07:14:57', '2025-06-26 07:14:57'),
(742, 2184, 2277, 14, 19, '2024-04-23', 'ya', '2025-06-26 07:14:57', '2025-06-26 07:14:57'),
(743, 2476, 2537, 15, 19, '2025-01-27', 'tidak', '2025-06-26 07:14:57', '2025-06-26 07:14:57'),
(744, 2727, 2830, 11, 15, '2025-01-01', 'ya', '2025-06-26 07:14:57', '2025-06-26 07:14:57'),
(745, 2885, 2130, 15, 4, '2024-01-24', 'ya', '2025-06-26 07:14:57', '2025-06-26 07:14:57'),
(746, 2438, 2955, 11, 9, '2024-08-29', 'ya', '2025-06-26 07:14:57', '2025-06-26 07:14:57'),
(747, 2504, 2275, 15, 7, '2024-07-26', 'tidak', '2025-06-26 07:14:57', '2025-06-26 07:14:57'),
(748, 2569, 2993, 17, 17, '2024-04-11', 'ya', '2025-06-26 07:14:57', '2025-06-26 07:14:57'),
(749, 2701, 2344, 13, 8, '2024-09-24', 'tidak', '2025-06-26 07:14:57', '2025-06-26 07:14:57'),
(750, 2660, 2172, 17, 6, '2023-11-23', 'tidak', '2025-06-26 07:14:57', '2025-06-26 07:14:57'),
(751, 2547, 2066, 17, 3, '2024-01-28', 'ya', '2025-06-26 07:14:57', '2025-06-26 07:14:57'),
(752, 2672, 2877, 17, 2, '2024-09-11', 'ya', '2025-06-26 07:14:57', '2025-06-26 07:14:57'),
(753, 2224, 2240, 14, 5, '2024-08-17', 'ya', '2025-06-26 07:14:57', '2025-06-26 07:14:57'),
(754, 2062, 2697, 14, 3, '2025-02-18', 'ya', '2025-06-26 07:14:57', '2025-06-26 07:14:57'),
(755, 2629, 2249, 17, 13, '2025-06-21', 'tidak', '2025-06-26 07:14:57', '2025-06-26 07:14:57'),
(756, 2434, 2293, 16, 7, '2024-07-06', 'ya', '2025-06-26 07:14:57', '2025-06-26 07:14:57'),
(757, 2483, 2796, 12, 2, '2024-06-12', 'ya', '2025-06-26 07:14:57', '2025-06-26 07:14:57'),
(758, 2430, 2806, 12, 4, '2024-07-18', 'tidak', '2025-06-26 07:14:57', '2025-06-26 07:14:57'),
(759, 2733, 2420, 17, 5, '2023-06-29', 'tidak', '2025-06-26 07:14:57', '2025-06-26 07:14:57'),
(760, 2957, 2836, 16, 1, '2024-06-14', 'ya', '2025-06-26 07:14:57', '2025-06-26 07:14:57'),
(761, 2892, 2103, 15, 10, '2024-03-11', 'ya', '2025-06-26 07:14:57', '2025-06-26 07:14:57'),
(762, 2450, 2138, 13, 14, '2023-09-04', 'tidak', '2025-06-26 07:14:57', '2025-06-26 07:14:57'),
(763, 2357, 2931, 15, 3, '2023-07-30', 'ya', '2025-06-26 07:14:57', '2025-06-26 07:14:57'),
(764, 2038, 2893, 15, 11, '2024-10-06', 'tidak', '2025-06-26 07:14:57', '2025-06-26 07:14:57'),
(765, 2916, 2354, 14, 15, '2025-01-28', 'tidak', '2025-06-26 07:14:57', '2025-06-26 07:14:57'),
(766, 2498, 2127, 16, 9, '2024-02-16', 'tidak', '2025-06-26 07:14:57', '2025-06-26 07:14:57'),
(767, 2837, 2103, 13, 6, '2025-06-11', 'tidak', '2025-06-26 07:14:57', '2025-06-26 07:14:57'),
(768, 2727, 2589, 16, 8, '2023-07-20', 'ya', '2025-06-26 07:14:57', '2025-06-26 07:14:57'),
(769, 2139, 2111, 17, 3, '2024-03-16', 'tidak', '2025-06-26 07:14:57', '2025-06-26 07:14:57'),
(770, 2841, 2891, 17, 7, '2024-01-16', 'tidak', '2025-06-26 07:14:57', '2025-06-26 07:14:57'),
(771, 2950, 2230, 17, 19, '2025-03-11', 'tidak', '2025-06-26 07:14:57', '2025-06-26 07:14:57'),
(772, 2405, 2784, 16, 20, '2024-09-18', 'tidak', '2025-06-26 07:14:57', '2025-06-26 07:14:57'),
(773, 2953, 2406, 17, 18, '2023-09-13', 'tidak', '2025-06-26 07:14:57', '2025-06-26 07:14:57'),
(774, 2809, 2675, 11, 9, '2023-07-02', 'ya', '2025-06-26 07:14:57', '2025-06-26 07:14:57'),
(775, 2102, 2811, 11, 12, '2024-11-06', 'tidak', '2025-06-26 07:14:57', '2025-06-26 07:14:57'),
(776, 2385, 2968, 12, 10, '2024-07-06', 'ya', '2025-06-26 07:14:57', '2025-06-26 07:14:57'),
(777, 2688, 2481, 14, 18, '2023-12-23', 'ya', '2025-06-26 07:14:57', '2025-06-26 07:14:57'),
(778, 2340, 2626, 14, 9, '2025-01-02', 'tidak', '2025-06-26 07:14:57', '2025-06-26 07:14:57'),
(779, 2870, 2687, 14, 9, '2023-07-25', 'tidak', '2025-06-26 07:14:57', '2025-06-26 07:14:57'),
(780, 2561, 2667, 17, 4, '2024-04-25', 'ya', '2025-06-26 07:14:57', '2025-06-26 07:14:57'),
(781, 2680, 2029, 14, 17, '2024-11-22', 'tidak', '2025-06-26 07:14:57', '2025-06-26 07:14:57'),
(782, 2431, 2138, 13, 8, '2025-03-19', 'ya', '2025-06-26 07:14:57', '2025-06-26 07:14:57'),
(783, 2759, 2500, 11, 15, '2025-06-13', 'ya', '2025-06-26 07:14:57', '2025-06-26 07:14:57'),
(784, 2024, 2491, 15, 8, '2025-05-04', 'ya', '2025-06-26 07:14:57', '2025-06-26 07:14:57'),
(785, 2703, 2270, 11, 4, '2024-12-31', 'ya', '2025-06-26 07:14:57', '2025-06-26 07:14:57'),
(786, 2390, 2401, 15, 5, '2025-01-24', 'tidak', '2025-06-26 07:14:57', '2025-06-26 07:14:57'),
(787, 2703, 2674, 15, 8, '2025-06-26', 'ya', '2025-06-26 07:14:57', '2025-06-26 07:14:57'),
(788, 2019, 2065, 12, 4, '2023-12-03', 'tidak', '2025-06-26 07:14:57', '2025-06-26 07:14:57'),
(789, 2811, 2286, 13, 13, '2024-07-24', 'ya', '2025-06-26 07:14:57', '2025-06-26 07:14:57'),
(790, 2379, 2288, 13, 15, '2023-08-01', 'tidak', '2025-06-26 07:14:57', '2025-06-26 07:14:57'),
(791, 2541, 2189, 14, 7, '2025-02-06', 'tidak', '2025-06-26 07:14:57', '2025-06-26 07:14:57'),
(792, 2552, 2707, 14, 11, '2025-03-11', 'ya', '2025-06-26 07:14:57', '2025-06-26 07:14:57'),
(793, 2047, 2732, 13, 3, '2024-03-11', 'tidak', '2025-06-26 07:14:57', '2025-06-26 07:14:57'),
(794, 2585, 2174, 17, 17, '2025-06-25', 'ya', '2025-06-26 07:14:57', '2025-06-26 07:14:57'),
(795, 2300, 2030, 11, 18, '2024-03-05', 'tidak', '2025-06-26 07:14:57', '2025-06-26 07:14:57'),
(796, 2894, 2104, 11, 10, '2025-03-19', 'tidak', '2025-06-26 07:14:57', '2025-06-26 07:14:57'),
(797, 2118, 2966, 13, 16, '2024-07-17', 'tidak', '2025-06-26 07:14:57', '2025-06-26 07:14:57'),
(798, 2653, 2807, 17, 11, '2023-08-21', 'tidak', '2025-06-26 07:14:57', '2025-06-26 07:14:57'),
(799, 2617, 2269, 12, 3, '2023-10-26', 'tidak', '2025-06-26 07:14:57', '2025-06-26 07:14:57'),
(800, 2856, 2592, 14, 9, '2024-12-12', 'tidak', '2025-06-26 07:14:57', '2025-06-26 07:14:57'),
(801, 2018, 2896, 12, 11, '2025-02-09', 'tidak', '2025-06-26 07:14:57', '2025-06-26 07:14:57'),
(802, 2127, 2712, 11, 4, '2024-01-24', 'tidak', '2025-06-26 07:14:57', '2025-06-26 07:14:57'),
(803, 2538, 2797, 17, 7, '2024-07-10', 'ya', '2025-06-26 07:14:57', '2025-06-26 07:14:57'),
(804, 2547, 2767, 13, 17, '2024-05-27', 'tidak', '2025-06-26 07:14:57', '2025-06-26 07:14:57'),
(805, 2509, 2385, 16, 17, '2025-03-23', 'tidak', '2025-06-26 07:14:57', '2025-06-26 07:14:57'),
(806, 2638, 2082, 11, 5, '2023-12-20', 'ya', '2025-06-26 07:14:57', '2025-06-26 07:14:57'),
(807, 2311, 2307, 13, 18, '2024-07-03', 'tidak', '2025-06-26 07:14:57', '2025-06-26 07:14:57'),
(808, 2548, 2605, 17, 17, '2025-03-06', 'ya', '2025-06-26 07:14:57', '2025-06-26 07:14:57'),
(809, 2968, 2830, 14, 7, '2024-02-29', 'ya', '2025-06-26 07:14:57', '2025-06-26 07:14:57'),
(810, 2476, 2963, 14, 9, '2025-03-22', 'ya', '2025-06-26 07:14:57', '2025-06-26 07:14:57'),
(811, 2629, 2973, 11, 6, '2023-07-17', 'ya', '2025-06-26 07:14:57', '2025-06-26 07:14:57'),
(812, 2954, 2713, 15, 14, '2024-01-06', 'ya', '2025-06-26 07:14:57', '2025-06-26 07:14:57'),
(813, 2329, 2318, 14, 11, '2024-04-08', 'tidak', '2025-06-26 07:14:57', '2025-06-26 07:14:57'),
(814, 2339, 2319, 17, 4, '2023-11-01', 'tidak', '2025-06-26 07:14:57', '2025-06-26 07:14:57'),
(815, 2241, 2199, 15, 10, '2024-08-20', 'ya', '2025-06-26 07:14:57', '2025-06-26 07:14:57'),
(816, 2759, 2596, 15, 5, '2023-12-05', 'tidak', '2025-06-26 07:14:57', '2025-06-26 07:14:57'),
(817, 2514, 2770, 17, 6, '2024-07-09', 'tidak', '2025-06-26 07:14:57', '2025-06-26 07:14:57'),
(818, 2706, 2598, 11, 12, '2023-07-10', 'tidak', '2025-06-26 07:14:57', '2025-06-26 07:14:57'),
(819, 2582, 2135, 16, 2, '2024-05-02', 'ya', '2025-06-26 07:14:57', '2025-06-26 07:14:57'),
(820, 2828, 2010, 11, 15, '2024-02-24', 'tidak', '2025-06-26 07:14:57', '2025-06-26 07:14:57'),
(821, 2921, 2571, 13, 16, '2024-10-08', 'ya', '2025-06-26 07:14:57', '2025-06-26 07:14:57'),
(822, 2164, 2075, 16, 7, '2024-06-23', 'ya', '2025-06-26 07:14:57', '2025-06-26 07:14:57'),
(823, 2276, 2007, 13, 3, '2024-09-01', 'ya', '2025-06-26 07:14:57', '2025-06-26 07:14:57'),
(824, 2216, 2377, 11, 19, '2023-12-05', 'ya', '2025-06-26 07:14:57', '2025-06-26 07:14:57'),
(825, 2300, 2103, 14, 19, '2023-12-08', 'tidak', '2025-06-26 07:14:57', '2025-06-26 07:14:57'),
(826, 2979, 2552, 17, 6, '2023-12-02', 'tidak', '2025-06-26 07:14:57', '2025-06-26 07:14:57'),
(827, 2235, 2061, 14, 1, '2024-07-11', 'tidak', '2025-06-26 07:14:57', '2025-06-26 07:14:57'),
(828, 2373, 2237, 16, 5, '2023-09-02', 'tidak', '2025-06-26 07:14:57', '2025-06-26 07:14:57'),
(829, 2063, 2017, 14, 9, '2024-11-25', 'ya', '2025-06-26 07:14:57', '2025-06-26 07:14:57'),
(830, 2541, 2664, 15, 5, '2024-10-20', 'tidak', '2025-06-26 07:14:57', '2025-06-26 07:14:57'),
(831, 2660, 2774, 14, 6, '2025-02-04', 'ya', '2025-06-26 07:14:57', '2025-06-26 07:14:57'),
(832, 2088, 2856, 17, 3, '2024-11-22', 'ya', '2025-06-26 07:14:57', '2025-06-26 07:14:57'),
(833, 2428, 2883, 17, 18, '2024-02-04', 'tidak', '2025-06-26 07:14:57', '2025-06-26 07:14:57'),
(834, 2092, 2113, 16, 15, '2024-07-28', 'tidak', '2025-06-26 07:14:57', '2025-06-26 07:14:57'),
(835, 2174, 2251, 12, 10, '2025-06-10', 'ya', '2025-06-26 07:14:57', '2025-06-26 07:14:57'),
(836, 2032, 2954, 16, 5, '2023-08-28', 'tidak', '2025-06-26 07:14:57', '2025-06-26 07:14:57'),
(837, 2227, 2564, 11, 18, '2025-02-13', 'ya', '2025-06-26 07:14:57', '2025-06-26 07:14:57'),
(838, 2163, 2154, 16, 4, '2025-02-05', 'ya', '2025-06-26 07:14:57', '2025-06-26 07:14:57'),
(839, 2312, 2061, 17, 3, '2024-09-25', 'tidak', '2025-06-26 07:14:57', '2025-06-26 07:14:57'),
(840, 2878, 2387, 14, 20, '2024-03-12', 'ya', '2025-06-26 07:14:57', '2025-06-26 07:14:57'),
(841, 2975, 2491, 12, 5, '2023-08-09', 'ya', '2025-06-26 07:14:57', '2025-06-26 07:14:57'),
(842, 2780, 2258, 14, 10, '2024-07-10', 'ya', '2025-06-26 07:14:57', '2025-06-26 07:14:57'),
(843, 2421, 2849, 14, 2, '2024-02-17', 'tidak', '2025-06-26 07:14:57', '2025-06-26 07:14:57'),
(844, 2370, 2033, 15, 10, '2025-04-21', 'ya', '2025-06-26 07:14:57', '2025-06-26 07:14:57'),
(845, 2185, 2369, 11, 9, '2023-11-04', 'tidak', '2025-06-26 07:14:57', '2025-06-26 07:14:57'),
(846, 2551, 2324, 16, 13, '2024-03-11', 'tidak', '2025-06-26 07:14:57', '2025-06-26 07:14:57'),
(847, 2350, 2179, 17, 15, '2025-03-27', 'tidak', '2025-06-26 07:14:57', '2025-06-26 07:14:57'),
(848, 2986, 2956, 14, 9, '2025-05-10', 'ya', '2025-06-26 07:14:57', '2025-06-26 07:14:57'),
(849, 2729, 2788, 17, 6, '2025-03-29', 'ya', '2025-06-26 07:14:57', '2025-06-26 07:14:57'),
(850, 2607, 2583, 11, 4, '2023-08-11', 'tidak', '2025-06-26 07:14:57', '2025-06-26 07:14:57'),
(851, 2112, 2392, 11, 10, '2025-03-06', 'tidak', '2025-06-26 07:14:57', '2025-06-26 07:14:57'),
(852, 2537, 2164, 11, 17, '2024-07-27', 'ya', '2025-06-26 07:14:57', '2025-06-26 07:14:57'),
(853, 2944, 2530, 17, 1, '2025-03-17', 'ya', '2025-06-26 07:14:57', '2025-06-26 07:14:57'),
(854, 2728, 2097, 17, 5, '2024-07-28', 'tidak', '2025-06-26 07:14:57', '2025-06-26 07:14:57'),
(855, 2289, 2561, 17, 16, '2023-11-26', 'tidak', '2025-06-26 07:14:57', '2025-06-26 07:14:57'),
(856, 2845, 2805, 15, 18, '2024-09-11', 'ya', '2025-06-26 07:14:57', '2025-06-26 07:14:57'),
(857, 2651, 2330, 16, 10, '2023-09-20', 'tidak', '2025-06-26 07:14:57', '2025-06-26 07:14:57'),
(858, 2840, 2222, 14, 11, '2023-10-10', 'ya', '2025-06-26 07:14:57', '2025-06-26 07:14:57'),
(859, 2028, 2387, 13, 9, '2025-02-28', 'tidak', '2025-06-26 07:14:57', '2025-06-26 07:14:57'),
(860, 2691, 2981, 17, 13, '2023-12-28', 'tidak', '2025-06-26 07:14:57', '2025-06-26 07:14:57'),
(861, 2352, 2717, 15, 3, '2024-05-01', 'tidak', '2025-06-26 07:14:57', '2025-06-26 07:14:57'),
(862, 2952, 2479, 16, 17, '2024-06-04', 'ya', '2025-06-26 07:14:57', '2025-06-26 07:14:57'),
(863, 2881, 2071, 16, 11, '2024-11-11', 'tidak', '2025-06-26 07:14:57', '2025-06-26 07:14:57'),
(864, 2051, 2094, 12, 1, '2025-02-17', 'tidak', '2025-06-26 07:14:57', '2025-06-26 07:14:57'),
(865, 2955, 2378, 11, 11, '2025-03-31', 'tidak', '2025-06-26 07:14:57', '2025-06-26 07:14:57'),
(866, 2217, 2634, 16, 10, '2024-05-08', 'tidak', '2025-06-26 07:14:57', '2025-06-26 07:14:57'),
(867, 2362, 2070, 14, 2, '2025-01-02', 'ya', '2025-06-26 07:14:57', '2025-06-26 07:14:57'),
(868, 2003, 2315, 16, 7, '2024-05-25', 'tidak', '2025-06-26 07:14:57', '2025-06-26 07:14:57'),
(869, 2548, 2851, 12, 2, '2025-03-14', 'ya', '2025-06-26 07:14:57', '2025-06-26 07:14:57'),
(870, 2262, 2869, 15, 1, '2025-01-24', 'tidak', '2025-06-26 07:14:57', '2025-06-26 07:14:57'),
(871, 2275, 2915, 12, 20, '2024-06-08', 'ya', '2025-06-26 07:14:57', '2025-06-26 07:14:57'),
(872, 2154, 2610, 12, 2, '2025-02-11', 'tidak', '2025-06-26 07:14:57', '2025-06-26 07:14:57'),
(873, 2429, 2674, 15, 17, '2024-07-07', 'tidak', '2025-06-26 07:14:57', '2025-06-26 07:14:57'),
(874, 2545, 2349, 17, 4, '2024-01-10', 'tidak', '2025-06-26 07:14:57', '2025-06-26 07:14:57'),
(875, 2699, 2703, 16, 19, '2023-09-20', 'ya', '2025-06-26 07:14:57', '2025-06-26 07:14:57'),
(876, 2021, 2840, 14, 2, '2024-12-23', 'tidak', '2025-06-26 07:14:57', '2025-06-26 07:14:57'),
(877, 2646, 2239, 16, 14, '2024-04-02', 'tidak', '2025-06-26 07:14:57', '2025-06-26 07:14:57'),
(878, 2883, 2218, 15, 8, '2024-05-17', 'tidak', '2025-06-26 07:14:57', '2025-06-26 07:14:57'),
(879, 2893, 2591, 15, 2, '2025-02-02', 'ya', '2025-06-26 07:14:57', '2025-06-26 07:14:57'),
(880, 2119, 2064, 13, 10, '2024-06-21', 'ya', '2025-06-26 07:14:57', '2025-06-26 07:14:57'),
(881, 2317, 2810, 17, 5, '2024-05-16', 'ya', '2025-06-26 07:14:57', '2025-06-26 07:14:57'),
(882, 2585, 2129, 12, 2, '2023-10-25', 'ya', '2025-06-26 07:14:57', '2025-06-26 07:14:57'),
(883, 2665, 2726, 16, 18, '2024-09-11', 'ya', '2025-06-26 07:14:57', '2025-06-26 07:14:57'),
(884, 2805, 2064, 17, 1, '2024-04-20', 'tidak', '2025-06-26 07:14:57', '2025-06-26 07:14:57'),
(885, 2060, 2473, 12, 13, '2025-05-18', 'tidak', '2025-06-26 07:14:57', '2025-06-26 07:14:57'),
(886, 2156, 2960, 12, 20, '2023-06-27', 'ya', '2025-06-26 07:14:57', '2025-06-26 07:14:57'),
(887, 2166, 2234, 16, 2, '2023-07-15', 'tidak', '2025-06-26 07:14:57', '2025-06-26 07:14:57'),
(888, 2714, 2114, 16, 18, '2025-03-15', 'tidak', '2025-06-26 07:14:57', '2025-06-26 07:14:57'),
(889, 2505, 2824, 14, 1, '2023-08-09', 'ya', '2025-06-26 07:14:57', '2025-06-26 07:14:57'),
(890, 2267, 2967, 14, 13, '2023-11-17', 'tidak', '2025-06-26 07:14:57', '2025-06-26 07:14:57'),
(891, 2896, 2576, 16, 14, '2024-07-02', 'ya', '2025-06-26 07:14:57', '2025-06-26 07:14:57'),
(892, 2527, 2122, 17, 11, '2023-07-24', 'ya', '2025-06-26 07:14:57', '2025-06-26 07:14:57'),
(893, 2723, 2094, 15, 16, '2023-10-25', 'ya', '2025-06-26 07:14:57', '2025-06-26 07:14:57'),
(894, 2373, 2362, 11, 18, '2023-12-17', 'tidak', '2025-06-26 07:14:57', '2025-06-26 07:14:57'),
(895, 2218, 2901, 17, 4, '2024-01-28', 'tidak', '2025-06-26 07:14:57', '2025-06-26 07:14:57'),
(896, 2819, 2832, 14, 20, '2024-03-09', 'ya', '2025-06-26 07:14:57', '2025-06-26 07:14:57'),
(897, 2774, 2053, 11, 3, '2025-05-29', 'ya', '2025-06-26 07:14:57', '2025-06-26 07:14:57'),
(898, 2881, 2019, 14, 17, '2023-09-25', 'tidak', '2025-06-26 07:14:57', '2025-06-26 07:14:57'),
(899, 2049, 2058, 13, 11, '2024-03-15', 'ya', '2025-06-26 07:14:57', '2025-06-26 07:14:57'),
(900, 2469, 2124, 12, 5, '2024-06-16', 'tidak', '2025-06-26 07:14:57', '2025-06-26 07:14:57'),
(901, 2353, 2415, 11, 3, '2023-07-15', 'ya', '2025-06-26 07:14:57', '2025-06-26 07:14:57'),
(902, 2009, 2164, 11, 8, '2024-06-19', 'ya', '2025-06-26 07:14:57', '2025-06-26 07:14:57'),
(903, 2727, 2058, 12, 18, '2023-08-17', 'tidak', '2025-06-26 07:14:57', '2025-06-26 07:14:57'),
(904, 2811, 2784, 13, 6, '2023-07-22', 'tidak', '2025-06-26 07:14:57', '2025-06-26 07:14:57'),
(905, 2877, 2711, 17, 14, '2023-09-24', 'tidak', '2025-06-26 07:14:57', '2025-06-26 07:14:57'),
(906, 2174, 2654, 15, 7, '2023-08-06', 'tidak', '2025-06-26 07:14:57', '2025-06-26 07:14:57'),
(907, 2221, 2030, 12, 5, '2023-12-12', 'ya', '2025-06-26 07:14:57', '2025-06-26 07:14:57'),
(908, 2672, 2704, 14, 9, '2025-06-02', 'ya', '2025-06-26 07:14:57', '2025-06-26 07:14:57'),
(909, 2032, 2628, 17, 7, '2024-05-05', 'tidak', '2025-06-26 07:14:57', '2025-06-26 07:14:57'),
(910, 2329, 2324, 13, 6, '2025-03-11', 'tidak', '2025-06-26 07:14:57', '2025-06-26 07:14:57'),
(911, 2518, 2264, 11, 6, '2024-03-17', 'ya', '2025-06-26 07:14:57', '2025-06-26 07:14:57'),
(912, 2442, 2055, 13, 2, '2025-03-25', 'ya', '2025-06-26 07:14:57', '2025-06-26 07:14:57'),
(913, 2670, 2854, 16, 2, '2024-02-15', 'tidak', '2025-06-26 07:14:57', '2025-06-26 07:14:57'),
(914, 2422, 2133, 15, 9, '2023-12-21', 'ya', '2025-06-26 07:14:57', '2025-06-26 07:14:57'),
(915, 2254, 2630, 12, 4, '2025-03-13', 'ya', '2025-06-26 07:14:57', '2025-06-26 07:14:57'),
(916, 2616, 2052, 14, 11, '2025-03-04', 'ya', '2025-06-26 07:14:57', '2025-06-26 07:14:57'),
(917, 2309, 2039, 13, 13, '2025-03-14', 'ya', '2025-06-26 07:14:57', '2025-06-26 07:14:57'),
(918, 2988, 2885, 15, 10, '2024-11-25', 'ya', '2025-06-26 07:14:57', '2025-06-26 07:14:57'),
(919, 2862, 2014, 11, 2, '2024-07-06', 'tidak', '2025-06-26 07:14:57', '2025-06-26 07:14:57'),
(920, 2145, 2637, 13, 7, '2025-01-06', 'ya', '2025-06-26 07:14:57', '2025-06-26 07:14:57'),
(921, 2453, 2748, 15, 3, '2025-04-28', 'ya', '2025-06-26 07:14:57', '2025-06-26 07:14:57'),
(922, 2302, 2142, 16, 10, '2024-10-17', 'ya', '2025-06-26 07:14:57', '2025-06-26 07:14:57'),
(923, 2107, 2150, 11, 8, '2024-02-24', 'tidak', '2025-06-26 07:14:57', '2025-06-26 07:14:57'),
(924, 2393, 2997, 16, 2, '2024-06-14', 'tidak', '2025-06-26 07:14:57', '2025-06-26 07:14:57'),
(925, 2149, 2255, 13, 18, '2025-05-29', 'ya', '2025-06-26 07:14:57', '2025-06-26 07:14:57'),
(926, 2331, 2696, 15, 6, '2023-07-17', 'tidak', '2025-06-26 07:14:57', '2025-06-26 07:14:57'),
(927, 2639, 2836, 16, 15, '2025-02-09', 'ya', '2025-06-26 07:14:57', '2025-06-26 07:14:57'),
(928, 2471, 2712, 13, 12, '2024-07-18', 'tidak', '2025-06-26 07:14:57', '2025-06-26 07:14:57'),
(929, 2874, 2208, 17, 18, '2025-05-31', 'tidak', '2025-06-26 07:14:57', '2025-06-26 07:14:57'),
(930, 2061, 2842, 13, 17, '2025-04-20', 'tidak', '2025-06-26 07:14:57', '2025-06-26 07:14:57'),
(931, 2512, 2661, 17, 7, '2024-04-24', 'ya', '2025-06-26 07:14:57', '2025-06-26 07:14:57'),
(932, 2971, 2913, 15, 20, '2025-05-17', 'tidak', '2025-06-26 07:14:58', '2025-06-26 07:14:58'),
(933, 2609, 2270, 11, 8, '2024-01-19', 'tidak', '2025-06-26 07:14:58', '2025-06-26 07:14:58'),
(934, 2710, 2030, 17, 5, '2024-07-04', 'ya', '2025-06-26 07:14:58', '2025-06-26 07:14:58'),
(935, 2935, 2200, 16, 10, '2023-09-26', 'ya', '2025-06-26 07:14:58', '2025-06-26 07:14:58'),
(936, 2986, 2457, 16, 3, '2024-10-28', 'tidak', '2025-06-26 07:14:58', '2025-06-26 07:14:58'),
(937, 2688, 2169, 14, 8, '2024-10-08', 'tidak', '2025-06-26 07:14:58', '2025-06-26 07:14:58'),
(938, 2852, 2818, 13, 20, '2025-01-18', 'tidak', '2025-06-26 07:14:58', '2025-06-26 07:14:58'),
(939, 2230, 2911, 12, 12, '2023-11-21', 'tidak', '2025-06-26 07:14:58', '2025-06-26 07:14:58'),
(940, 2871, 2639, 17, 8, '2023-12-07', 'ya', '2025-06-26 07:14:58', '2025-06-26 07:14:58'),
(941, 2581, 2057, 14, 15, '2025-06-03', 'tidak', '2025-06-26 07:14:58', '2025-06-26 07:14:58'),
(942, 2610, 2149, 15, 16, '2024-06-04', 'tidak', '2025-06-26 07:14:58', '2025-06-26 07:14:58'),
(943, 2417, 2723, 13, 14, '2024-10-27', 'ya', '2025-06-26 07:14:58', '2025-06-26 07:14:58'),
(944, 2835, 2154, 14, 20, '2024-12-28', 'ya', '2025-06-26 07:14:58', '2025-06-26 07:14:58'),
(945, 2751, 2198, 14, 19, '2023-12-31', 'ya', '2025-06-26 07:14:58', '2025-06-26 07:14:58'),
(946, 2960, 2582, 12, 7, '2025-03-20', 'ya', '2025-06-26 07:14:58', '2025-06-26 07:14:58'),
(947, 2669, 2707, 12, 19, '2023-12-02', 'ya', '2025-06-26 07:14:58', '2025-06-26 07:14:58'),
(948, 2555, 2902, 12, 13, '2024-10-06', 'ya', '2025-06-26 07:14:58', '2025-06-26 07:14:58'),
(949, 2457, 2292, 12, 4, '2024-09-17', 'tidak', '2025-06-26 07:14:58', '2025-06-26 07:14:58'),
(950, 2167, 2777, 11, 19, '2024-07-30', 'tidak', '2025-06-26 07:14:58', '2025-06-26 07:14:58'),
(951, 2715, 2639, 16, 7, '2024-08-01', 'tidak', '2025-06-26 07:14:58', '2025-06-26 07:14:58'),
(952, 2115, 2779, 11, 13, '2025-03-13', 'tidak', '2025-06-26 07:14:58', '2025-06-26 07:14:58'),
(953, 2894, 2708, 11, 2, '2024-07-26', 'tidak', '2025-06-26 07:14:58', '2025-06-26 07:14:58'),
(954, 2567, 2716, 16, 9, '2024-10-14', 'ya', '2025-06-26 07:14:58', '2025-06-26 07:14:58'),
(955, 2905, 2496, 16, 18, '2024-06-24', 'ya', '2025-06-26 07:14:58', '2025-06-26 07:14:58'),
(956, 2159, 2462, 17, 17, '2024-08-04', 'ya', '2025-06-26 07:14:58', '2025-06-26 07:14:58'),
(957, 2973, 2254, 12, 11, '2025-01-10', 'ya', '2025-06-26 07:14:58', '2025-06-26 07:14:58'),
(958, 2438, 2967, 13, 18, '2024-01-14', 'tidak', '2025-06-26 07:14:58', '2025-06-26 07:14:58'),
(959, 2873, 2873, 11, 8, '2024-02-17', 'tidak', '2025-06-26 07:14:58', '2025-06-26 07:14:58'),
(960, 2376, 2906, 17, 6, '2025-01-23', 'ya', '2025-06-26 07:14:58', '2025-06-26 07:14:58'),
(961, 2843, 2139, 14, 17, '2024-10-19', 'tidak', '2025-06-26 07:14:58', '2025-06-26 07:14:58'),
(962, 2474, 2597, 15, 1, '2023-10-20', 'ya', '2025-06-26 07:14:58', '2025-06-26 07:14:58'),
(963, 2891, 2758, 17, 16, '2024-03-26', 'tidak', '2025-06-26 07:14:58', '2025-06-26 07:14:58'),
(964, 2201, 2679, 13, 18, '2024-12-14', 'tidak', '2025-06-26 07:14:58', '2025-06-26 07:14:58'),
(965, 2556, 2178, 11, 2, '2024-08-05', 'ya', '2025-06-26 07:14:58', '2025-06-26 07:14:58'),
(966, 2819, 2673, 17, 18, '2024-07-04', 'tidak', '2025-06-26 07:14:58', '2025-06-26 07:14:58'),
(967, 2879, 2763, 15, 19, '2024-03-22', 'ya', '2025-06-26 07:14:58', '2025-06-26 07:14:58'),
(968, 2515, 2961, 14, 10, '2023-09-02', 'tidak', '2025-06-26 07:14:58', '2025-06-26 07:14:58'),
(969, 2086, 2380, 16, 15, '2024-08-31', 'tidak', '2025-06-26 07:14:58', '2025-06-26 07:14:58'),
(970, 2318, 2186, 11, 18, '2024-07-19', 'tidak', '2025-06-26 07:14:58', '2025-06-26 07:14:58'),
(971, 2561, 2966, 11, 7, '2024-08-23', 'tidak', '2025-06-26 07:14:58', '2025-06-26 07:14:58'),
(972, 2053, 2959, 16, 10, '2024-08-09', 'ya', '2025-06-26 07:14:58', '2025-06-26 07:14:58'),
(973, 2396, 2230, 11, 18, '2024-09-07', 'ya', '2025-06-26 07:14:58', '2025-06-26 07:14:58'),
(974, 2310, 2648, 17, 9, '2024-04-24', 'ya', '2025-06-26 07:14:58', '2025-06-26 07:14:58'),
(975, 2577, 2003, 13, 1, '2024-07-03', 'tidak', '2025-06-26 07:14:58', '2025-06-26 07:14:58'),
(976, 2625, 2946, 17, 13, '2023-09-17', 'tidak', '2025-06-26 07:14:58', '2025-06-26 07:14:58'),
(977, 2154, 2071, 11, 15, '2025-02-07', 'tidak', '2025-06-26 07:14:58', '2025-06-26 07:14:58'),
(978, 2174, 2308, 15, 8, '2024-03-24', 'ya', '2025-06-26 07:14:58', '2025-06-26 07:14:58'),
(979, 2517, 2300, 13, 7, '2024-09-29', 'tidak', '2025-06-26 07:14:58', '2025-06-26 07:14:58'),
(980, 2373, 2442, 13, 8, '2024-05-18', 'ya', '2025-06-26 07:14:58', '2025-06-26 07:14:58'),
(981, 2061, 2121, 17, 17, '2025-05-23', 'tidak', '2025-06-26 07:14:58', '2025-06-26 07:14:58'),
(982, 2190, 2747, 11, 14, '2023-07-01', 'ya', '2025-06-26 07:14:58', '2025-06-26 07:14:58'),
(983, 2633, 2102, 13, 1, '2023-11-12', 'ya', '2025-06-26 07:14:58', '2025-06-26 07:14:58'),
(984, 2947, 2979, 16, 13, '2023-11-06', 'ya', '2025-06-26 07:14:58', '2025-06-26 07:14:58'),
(985, 2298, 2327, 13, 18, '2023-09-23', 'tidak', '2025-06-26 07:14:58', '2025-06-26 07:14:58'),
(986, 2104, 2906, 17, 10, '2024-09-26', 'tidak', '2025-06-26 07:14:58', '2025-06-26 07:14:58'),
(987, 2991, 2716, 12, 3, '2024-02-20', 'ya', '2025-06-26 07:14:58', '2025-06-26 07:14:58'),
(988, 2237, 2998, 17, 13, '2024-07-13', 'ya', '2025-06-26 07:14:58', '2025-06-26 07:14:58'),
(989, 2187, 2688, 16, 14, '2025-02-20', 'ya', '2025-06-26 07:14:58', '2025-06-26 07:14:58'),
(990, 2711, 2610, 17, 4, '2023-08-19', 'ya', '2025-06-26 07:14:58', '2025-06-26 07:14:58'),
(991, 2968, 2763, 17, 6, '2024-01-15', 'ya', '2025-06-26 07:14:58', '2025-06-26 07:14:58'),
(992, 2520, 2950, 13, 8, '2025-05-22', 'ya', '2025-06-26 07:14:58', '2025-06-26 07:14:58'),
(993, 2308, 2985, 13, 15, '2024-10-22', 'ya', '2025-06-26 07:14:58', '2025-06-26 07:14:58'),
(994, 2549, 2043, 12, 10, '2023-10-09', 'ya', '2025-06-26 07:14:58', '2025-06-26 07:14:58'),
(995, 2608, 2570, 12, 17, '2023-10-09', 'ya', '2025-06-26 07:14:58', '2025-06-26 07:14:58'),
(996, 2748, 2208, 14, 13, '2023-09-02', 'tidak', '2025-06-26 07:14:58', '2025-06-26 07:14:58'),
(997, 2597, 2207, 14, 19, '2024-01-20', 'ya', '2025-06-26 07:14:58', '2025-06-26 07:14:58'),
(998, 2016, 2335, 14, 19, '2025-01-21', 'tidak', '2025-06-26 07:14:58', '2025-06-26 07:14:58'),
(999, 2094, 2291, 16, 18, '2024-02-05', 'tidak', '2025-06-26 07:14:58', '2025-06-26 07:14:58'),
(1000, 2294, 2639, 14, 20, '2024-04-19', 'tidak', '2025-06-26 07:14:58', '2025-06-26 07:14:58'),
(1001, 2957, 2618, 15, 7, '2023-09-23', 'tidak', '2025-06-26 07:14:58', '2025-06-26 07:14:58');

-- --------------------------------------------------------

--
-- Table structure for table `personal_access_tokens`
--

CREATE TABLE `personal_access_tokens` (
  `id` bigint UNSIGNED NOT NULL,
  `tokenable_type` varchar(255) COLLATE utf8mb4_unicode_ci NOT NULL,
  `tokenable_id` bigint UNSIGNED NOT NULL,
  `name` varchar(255) COLLATE utf8mb4_unicode_ci NOT NULL,
  `token` varchar(64) COLLATE utf8mb4_unicode_ci NOT NULL,
  `abilities` text COLLATE utf8mb4_unicode_ci,
  `last_used_at` timestamp NULL DEFAULT NULL,
  `expires_at` timestamp NULL DEFAULT NULL,
  `created_at` timestamp NULL DEFAULT NULL,
  `updated_at` timestamp NULL DEFAULT NULL
) ENGINE=InnoDB DEFAULT CHARSET=utf8mb4 COLLATE=utf8mb4_unicode_ci;

-- --------------------------------------------------------

--
-- Table structure for table `prias`
--

CREATE TABLE `prias` (
  `id` bigint UNSIGNED NOT NULL,
  `nama` varchar(255) COLLATE utf8mb4_unicode_ci NOT NULL,
  `usia` varchar(255) COLLATE utf8mb4_unicode_ci NOT NULL,
  `pendidikan` varchar(255) COLLATE utf8mb4_unicode_ci NOT NULL,
  `sertif_sucatin` varchar(255) COLLATE utf8mb4_unicode_ci NOT NULL,
  `kewarganegaraan` enum('WNI','WNA') COLLATE utf8mb4_unicode_ci NOT NULL DEFAULT 'WNI',
  `created_at` timestamp NULL DEFAULT NULL,
  `updated_at` timestamp NULL DEFAULT NULL
) ENGINE=InnoDB DEFAULT CHARSET=utf8mb4 COLLATE=utf8mb4_unicode_ci;

--
-- Dumping data for table `prias`
--

INSERT INTO `prias` (`id`, `nama`, `usia`, `pendidikan`, `sertif_sucatin`, `kewarganegaraan`, `created_at`, `updated_at`) VALUES
(2001, 'Cayadi Tarihoran', '33', 'SD', 'false', 'WNA', '2025-06-26 07:14:49', '2025-06-26 07:14:49'),
(2002, 'Umay Natsir', '24', 'Sarjana', 'false', 'WNI', '2025-06-26 07:14:49', '2025-06-26 07:14:49'),
(2003, 'Malik Darimin Wasita', '56', 'Diploma', 'false', 'WNI', '2025-06-26 07:14:49', '2025-06-26 07:14:49'),
(2004, 'Mustofa Maheswara', '45', 'SD', 'true', 'WNA', '2025-06-26 07:14:49', '2025-06-26 07:14:49'),
(2005, 'Gaduh Mustika Januar', '35', 'Diploma', 'true', 'WNA', '2025-06-26 07:14:49', '2025-06-26 07:14:49'),
(2006, 'Pranawa Prayoga', '39', 'SMP', 'false', 'WNA', '2025-06-26 07:14:49', '2025-06-26 07:14:49'),
(2007, 'Prabowo Adriansyah M.Ak', '41', 'SMP', 'false', 'WNI', '2025-06-26 07:14:49', '2025-06-26 07:14:49'),
(2008, 'Karna Kurniawan', '27', 'Sarjana', 'false', 'WNI', '2025-06-26 07:14:49', '2025-06-26 07:14:49'),
(2009, 'Balijan Hutagalung', '28', 'Sarjana', 'true', 'WNA', '2025-06-26 07:14:49', '2025-06-26 07:14:49'),
(2010, 'Praba Mangunsong', '47', 'SMP', 'true', 'WNI', '2025-06-26 07:14:49', '2025-06-26 07:14:49'),
(2011, 'Jabal Marpaung', '34', 'SD', 'true', 'WNI', '2025-06-26 07:14:49', '2025-06-26 07:14:49'),
(2012, 'Wisnu Cahya Permadi', '53', 'Magister', 'true', 'WNI', '2025-06-26 07:14:49', '2025-06-26 07:14:49'),
(2013, 'Mulyono Rajasa', '46', 'SMA', 'true', 'WNA', '2025-06-26 07:14:49', '2025-06-26 07:14:49'),
(2014, 'Mulyono Hidayanto', '52', 'Magister', 'false', 'WNI', '2025-06-26 07:14:49', '2025-06-26 07:14:49'),
(2015, 'Oman Budiman', '41', 'Sarjana', 'false', 'WNI', '2025-06-26 07:14:49', '2025-06-26 07:14:49'),
(2016, 'Karsana Daniswara Natsir S.Kom', '47', 'Sarjana', 'false', 'WNI', '2025-06-26 07:14:49', '2025-06-26 07:14:49'),
(2017, 'Edi Hidayanto', '41', 'Magister', 'true', 'WNI', '2025-06-26 07:14:49', '2025-06-26 07:14:49'),
(2018, 'Gambira Kuncara Marbun M.M.', '25', 'SMP', 'false', 'WNI', '2025-06-26 07:14:49', '2025-06-26 07:14:49'),
(2019, 'Xanana Suwarno', '56', 'Diploma', 'true', 'WNA', '2025-06-26 07:14:49', '2025-06-26 07:14:49'),
(2020, 'Jamil Reza Wasita', '40', 'SD', 'false', 'WNI', '2025-06-26 07:14:49', '2025-06-26 07:14:49'),
(2021, 'Ade Anom Marpaung M.M.', '52', 'SMP', 'false', 'WNI', '2025-06-26 07:14:49', '2025-06-26 07:14:49'),
(2022, 'Raden Salahudin', '32', 'SD', 'false', 'WNA', '2025-06-26 07:14:49', '2025-06-26 07:14:49'),
(2023, 'Rendy Pranowo', '53', 'SMP', 'true', 'WNA', '2025-06-26 07:14:49', '2025-06-26 07:14:49'),
(2024, 'Kawaya Ardianto S.Ked', '28', 'SMA', 'true', 'WNA', '2025-06-26 07:14:49', '2025-06-26 07:14:49'),
(2025, 'Viman Maulana S.I.Kom', '37', 'Sarjana', 'true', 'WNA', '2025-06-26 07:14:49', '2025-06-26 07:14:49'),
(2026, 'Galih Cawisono Iswahyudi', '58', 'Magister', 'true', 'WNA', '2025-06-26 07:14:49', '2025-06-26 07:14:49'),
(2027, 'Paiman Wacana', '21', 'Diploma', 'true', 'WNI', '2025-06-26 07:14:49', '2025-06-26 07:14:49'),
(2028, 'Cemplunk Thamrin', '21', 'Diploma', 'true', 'WNI', '2025-06-26 07:14:49', '2025-06-26 07:14:49'),
(2029, 'Gangsar Hartana Wibisono S.I.Kom', '41', 'SMA', 'false', 'WNI', '2025-06-26 07:14:49', '2025-06-26 07:14:49'),
(2030, 'Ibrani Napitupulu S.E.', '43', 'Diploma', 'true', 'WNI', '2025-06-26 07:14:49', '2025-06-26 07:14:49'),
(2031, 'Atma Wijaya', '30', 'SMA', 'true', 'WNA', '2025-06-26 07:14:49', '2025-06-26 07:14:49'),
(2032, 'Karta Kajen Prakasa', '41', 'Sarjana', 'false', 'WNI', '2025-06-26 07:14:49', '2025-06-26 07:14:49'),
(2033, 'Drajat Saptono', '41', 'Magister', 'false', 'WNI', '2025-06-26 07:14:49', '2025-06-26 07:14:49'),
(2034, 'Panca Hidayanto', '56', 'Sarjana', 'true', 'WNA', '2025-06-26 07:14:49', '2025-06-26 07:14:49'),
(2035, 'Chandra Reksa Rajasa', '41', 'SMA', 'true', 'WNA', '2025-06-26 07:14:49', '2025-06-26 07:14:49'),
(2036, 'Rosman Hartaka Nugroho', '49', 'Sarjana', 'true', 'WNA', '2025-06-26 07:14:49', '2025-06-26 07:14:49'),
(2037, 'Muhammad Napitupulu', '45', 'SD', 'true', 'WNA', '2025-06-26 07:14:49', '2025-06-26 07:14:49'),
(2038, 'Bahuraksa Asmadi Pradipta', '20', 'Diploma', 'false', 'WNI', '2025-06-26 07:14:49', '2025-06-26 07:14:49'),
(2039, 'Kamal Mangunsong', '43', 'Diploma', 'true', 'WNA', '2025-06-26 07:14:49', '2025-06-26 07:14:49'),
(2040, 'Slamet Widodo', '25', 'SMA', 'true', 'WNI', '2025-06-26 07:14:49', '2025-06-26 07:14:49'),
(2041, 'Taufan Bakidin Dongoran', '57', 'Magister', 'true', 'WNI', '2025-06-26 07:14:49', '2025-06-26 07:14:49'),
(2042, 'Dadap Catur Zulkarnain S.Kom', '36', 'Magister', 'true', 'WNI', '2025-06-26 07:14:49', '2025-06-26 07:14:49'),
(2043, 'Daliman Sinaga', '34', 'SMP', 'false', 'WNA', '2025-06-26 07:14:49', '2025-06-26 07:14:49'),
(2044, 'Cengkal Dipa Anggriawan S.Kom', '42', 'SMA', 'true', 'WNI', '2025-06-26 07:14:49', '2025-06-26 07:14:49'),
(2045, 'Heryanto Prayoga S.E.I', '20', 'Diploma', 'false', 'WNI', '2025-06-26 07:14:49', '2025-06-26 07:14:49'),
(2046, 'Karta Santoso', '50', 'SMP', 'true', 'WNI', '2025-06-26 07:14:49', '2025-06-26 07:14:49'),
(2047, 'Aswani Megantara', '46', 'Magister', 'true', 'WNI', '2025-06-26 07:14:49', '2025-06-26 07:14:49'),
(2048, 'Johan Mulya Wahyudin M.Pd', '43', 'Magister', 'false', 'WNA', '2025-06-26 07:14:49', '2025-06-26 07:14:49'),
(2049, 'Gatot Asmuni Latupono', '39', 'Magister', 'true', 'WNA', '2025-06-26 07:14:49', '2025-06-26 07:14:49'),
(2050, 'Ikin Hutasoit', '23', 'Diploma', 'false', 'WNA', '2025-06-26 07:14:49', '2025-06-26 07:14:49'),
(2051, 'Cecep Natsir S.Kom', '32', 'SD', 'true', 'WNA', '2025-06-26 07:14:49', '2025-06-26 07:14:49'),
(2052, 'Edison Wahyudin S.IP', '33', 'Magister', 'true', 'WNI', '2025-06-26 07:14:49', '2025-06-26 07:14:49'),
(2053, 'Kambali Darmaji Thamrin S.T.', '55', 'SMA', 'false', 'WNI', '2025-06-26 07:14:49', '2025-06-26 07:14:49'),
(2054, 'Harja Ibrahim Ramadan', '48', 'SD', 'false', 'WNI', '2025-06-26 07:14:49', '2025-06-26 07:14:49'),
(2055, 'Cengkir Kusumo', '47', 'Magister', 'false', 'WNI', '2025-06-26 07:14:49', '2025-06-26 07:14:49'),
(2056, 'Cahyadi Prasasta', '43', 'Sarjana', 'false', 'WNA', '2025-06-26 07:14:49', '2025-06-26 07:14:49'),
(2057, 'Balamantri Cahyadi Pranowo S.Farm', '24', 'Magister', 'false', 'WNA', '2025-06-26 07:14:49', '2025-06-26 07:14:49'),
(2058, 'Kala Saptono', '52', 'SD', 'true', 'WNA', '2025-06-26 07:14:49', '2025-06-26 07:14:49'),
(2059, 'Rafid Anggriawan M.Pd', '59', 'Diploma', 'true', 'WNA', '2025-06-26 07:14:49', '2025-06-26 07:14:49'),
(2060, 'Jarwadi Kusumo', '28', 'SD', 'true', 'WNA', '2025-06-26 07:14:49', '2025-06-26 07:14:49'),
(2061, 'Emil Wibowo', '33', 'Sarjana', 'false', 'WNA', '2025-06-26 07:14:49', '2025-06-26 07:14:49'),
(2062, 'Bahuraksa Makuta Tamba', '29', 'Sarjana', 'false', 'WNI', '2025-06-26 07:14:49', '2025-06-26 07:14:49'),
(2063, 'Langgeng Mahendra', '41', 'Diploma', 'true', 'WNA', '2025-06-26 07:14:49', '2025-06-26 07:14:49'),
(2064, 'Darimin Habibi', '42', 'Magister', 'true', 'WNI', '2025-06-26 07:14:49', '2025-06-26 07:14:49'),
(2065, 'Ajiono Siregar', '20', 'Magister', 'false', 'WNI', '2025-06-26 07:14:49', '2025-06-26 07:14:49'),
(2066, 'Mustika Utama', '57', 'SMA', 'true', 'WNI', '2025-06-26 07:14:49', '2025-06-26 07:14:49'),
(2067, 'Ilyas Suryono', '31', 'Diploma', 'false', 'WNA', '2025-06-26 07:14:49', '2025-06-26 07:14:49'),
(2068, 'Viman Manullang S.Psi', '54', 'Diploma', 'false', 'WNI', '2025-06-26 07:14:49', '2025-06-26 07:14:49'),
(2069, 'Jagaraga Bahuwarna Hardiansyah', '40', 'Magister', 'false', 'WNA', '2025-06-26 07:14:49', '2025-06-26 07:14:49'),
(2070, 'Martana Mursita Habibi S.Psi', '46', 'Diploma', 'true', 'WNA', '2025-06-26 07:14:49', '2025-06-26 07:14:49'),
(2071, 'Wawan Asirwanda Wasita S.Farm', '37', 'SMA', 'true', 'WNI', '2025-06-26 07:14:49', '2025-06-26 07:14:49'),
(2072, 'Maryanto Setiawan', '51', 'Sarjana', 'false', 'WNA', '2025-06-26 07:14:49', '2025-06-26 07:14:49'),
(2073, 'Sakti Bakda Saptono M.Kom.', '60', 'SD', 'true', 'WNA', '2025-06-26 07:14:49', '2025-06-26 07:14:49'),
(2074, 'Lanang Drajat Habibi S.Kom', '44', 'SMP', 'true', 'WNI', '2025-06-26 07:14:49', '2025-06-26 07:14:49'),
(2075, 'Warsa Sirait S.Pd', '21', 'Magister', 'false', 'WNA', '2025-06-26 07:14:49', '2025-06-26 07:14:49'),
(2076, 'Panji Irawan', '52', 'SMA', 'false', 'WNI', '2025-06-26 07:14:49', '2025-06-26 07:14:49'),
(2077, 'Dirja Wibisono M.Farm', '49', 'Diploma', 'false', 'WNA', '2025-06-26 07:14:49', '2025-06-26 07:14:49'),
(2078, 'Wardaya Baktianto Saefullah S.T.', '50', 'Sarjana', 'false', 'WNI', '2025-06-26 07:14:49', '2025-06-26 07:14:49'),
(2079, 'Gangsa Saragih', '58', 'SMP', 'true', 'WNI', '2025-06-26 07:14:49', '2025-06-26 07:14:49'),
(2080, 'Galuh Najmudin', '56', 'SMA', 'true', 'WNA', '2025-06-26 07:14:49', '2025-06-26 07:14:49'),
(2081, 'Eluh Mansur S.I.Kom', '29', 'Sarjana', 'false', 'WNI', '2025-06-26 07:14:49', '2025-06-26 07:14:49'),
(2082, 'Among Sinaga', '30', 'Sarjana', 'true', 'WNA', '2025-06-26 07:14:49', '2025-06-26 07:14:49'),
(2083, 'Karja Hutasoit', '24', 'SD', 'true', 'WNI', '2025-06-26 07:14:50', '2025-06-26 07:14:50'),
(2084, 'Ikin Perkasa Maryadi S.I.Kom', '41', 'SMP', 'false', 'WNI', '2025-06-26 07:14:50', '2025-06-26 07:14:50'),
(2085, 'Jumari Hutapea', '60', 'Sarjana', 'false', 'WNA', '2025-06-26 07:14:50', '2025-06-26 07:14:50'),
(2086, 'Kenari Hutapea S.E.I', '56', 'SD', 'true', 'WNA', '2025-06-26 07:14:50', '2025-06-26 07:14:50'),
(2087, 'Virman Sihombing', '26', 'Sarjana', 'true', 'WNA', '2025-06-26 07:14:50', '2025-06-26 07:14:50'),
(2088, 'Darimin Pangestu', '57', 'Diploma', 'true', 'WNI', '2025-06-26 07:14:50', '2025-06-26 07:14:50'),
(2089, 'Slamet Tampubolon', '24', 'SD', 'false', 'WNA', '2025-06-26 07:14:50', '2025-06-26 07:14:50'),
(2090, 'Kusuma Iswahyudi M.M.', '35', 'SMA', 'false', 'WNI', '2025-06-26 07:14:50', '2025-06-26 07:14:50'),
(2091, 'Gamanto Haryanto', '55', 'Magister', 'false', 'WNI', '2025-06-26 07:14:50', '2025-06-26 07:14:50'),
(2092, 'Lantar Samosir M.Pd', '54', 'Sarjana', 'true', 'WNA', '2025-06-26 07:14:50', '2025-06-26 07:14:50'),
(2093, 'Nyoman Siregar S.Sos', '33', 'SMP', 'true', 'WNI', '2025-06-26 07:14:50', '2025-06-26 07:14:50'),
(2094, 'Leo Thamrin', '34', 'Magister', 'true', 'WNA', '2025-06-26 07:14:50', '2025-06-26 07:14:50'),
(2095, 'Umay Pranowo', '42', 'Sarjana', 'false', 'WNI', '2025-06-26 07:14:50', '2025-06-26 07:14:50'),
(2096, 'Cemani Dabukke', '59', 'SMA', 'false', 'WNA', '2025-06-26 07:14:50', '2025-06-26 07:14:50'),
(2097, 'Lanjar Dimaz Budiyanto S.IP', '37', 'Sarjana', 'false', 'WNA', '2025-06-26 07:14:50', '2025-06-26 07:14:50'),
(2098, 'Bala Asmadi Lazuardi', '38', 'SD', 'false', 'WNA', '2025-06-26 07:14:50', '2025-06-26 07:14:50'),
(2099, 'Garan Natsir', '48', 'Magister', 'true', 'WNI', '2025-06-26 07:14:50', '2025-06-26 07:14:50'),
(2100, 'Atma Halim Natsir', '22', 'Magister', 'false', 'WNI', '2025-06-26 07:14:50', '2025-06-26 07:14:50'),
(2101, 'Budi Saptono S.Pd', '56', 'SMA', 'true', 'WNA', '2025-06-26 07:14:50', '2025-06-26 07:14:50'),
(2102, 'Rahmat Umay Najmudin', '41', 'Sarjana', 'false', 'WNA', '2025-06-26 07:14:50', '2025-06-26 07:14:50'),
(2103, 'Mitra Heru Sihombing', '19', 'SMA', 'true', 'WNA', '2025-06-26 07:14:50', '2025-06-26 07:14:50'),
(2104, 'Hartaka Natsir', '36', 'SD', 'false', 'WNI', '2025-06-26 07:14:50', '2025-06-26 07:14:50'),
(2105, 'Teddy Jabal Winarno M.M.', '23', 'Diploma', 'true', 'WNA', '2025-06-26 07:14:50', '2025-06-26 07:14:50'),
(2106, 'Dimaz Kuswoyo', '56', 'Sarjana', 'true', 'WNA', '2025-06-26 07:14:50', '2025-06-26 07:14:50'),
(2107, 'Manah Indra Gunarto S.Pd', '19', 'SMP', 'true', 'WNI', '2025-06-26 07:14:50', '2025-06-26 07:14:50'),
(2108, 'Embuh Hutapea', '24', 'Sarjana', 'true', 'WNA', '2025-06-26 07:14:50', '2025-06-26 07:14:50'),
(2109, 'Akarsana Uwais', '24', 'Sarjana', 'false', 'WNA', '2025-06-26 07:14:50', '2025-06-26 07:14:50'),
(2110, 'Ibrahim Prayoga', '34', 'Diploma', 'true', 'WNA', '2025-06-26 07:14:50', '2025-06-26 07:14:50'),
(2111, 'Luwar Lazuardi S.I.Kom', '27', 'Diploma', 'true', 'WNA', '2025-06-26 07:14:50', '2025-06-26 07:14:50'),
(2112, 'Luwar Wibowo', '60', 'Diploma', 'false', 'WNI', '2025-06-26 07:14:50', '2025-06-26 07:14:50'),
(2113, 'Sakti Drajat Kuswoyo S.Psi', '46', 'SD', 'false', 'WNA', '2025-06-26 07:14:50', '2025-06-26 07:14:50'),
(2114, 'Saka Wibisono', '24', 'SMA', 'true', 'WNA', '2025-06-26 07:14:50', '2025-06-26 07:14:50'),
(2115, 'Kawaca Ian Wibisono', '57', 'Diploma', 'true', 'WNI', '2025-06-26 07:14:50', '2025-06-26 07:14:50'),
(2116, 'Unggul Utama', '29', 'Sarjana', 'false', 'WNA', '2025-06-26 07:14:50', '2025-06-26 07:14:50'),
(2117, 'Maryadi Radika Hardiansyah', '20', 'SD', 'true', 'WNA', '2025-06-26 07:14:50', '2025-06-26 07:14:50'),
(2118, 'Kalim Okta Nababan', '51', 'SMP', 'true', 'WNI', '2025-06-26 07:14:50', '2025-06-26 07:14:50'),
(2119, 'Eluh Mangunsong', '55', 'SMP', 'true', 'WNI', '2025-06-26 07:14:50', '2025-06-26 07:14:50'),
(2120, 'Sakti Adriansyah', '28', 'Magister', 'true', 'WNA', '2025-06-26 07:14:50', '2025-06-26 07:14:50'),
(2121, 'Jagapati Mandala', '51', 'SMA', 'false', 'WNI', '2025-06-26 07:14:50', '2025-06-26 07:14:50'),
(2122, 'Karsana Prasetyo', '56', 'Diploma', 'true', 'WNI', '2025-06-26 07:14:50', '2025-06-26 07:14:50'),
(2123, 'Najam Saputra', '27', 'SMP', 'false', 'WNI', '2025-06-26 07:14:50', '2025-06-26 07:14:50'),
(2124, 'Nardi Sitompul', '21', 'SMA', 'true', 'WNI', '2025-06-26 07:14:50', '2025-06-26 07:14:50'),
(2125, 'Kemal Prasetyo S.E.I', '33', 'Diploma', 'true', 'WNI', '2025-06-26 07:14:50', '2025-06-26 07:14:50'),
(2126, 'Omar Simanjuntak', '46', 'SD', 'false', 'WNI', '2025-06-26 07:14:50', '2025-06-26 07:14:50'),
(2127, 'Jaya Pradipta', '55', 'Diploma', 'false', 'WNA', '2025-06-26 07:14:50', '2025-06-26 07:14:50'),
(2128, 'Unggul Utama', '32', 'SD', 'true', 'WNA', '2025-06-26 07:14:50', '2025-06-26 07:14:50'),
(2129, 'Taswir Asirwada Tamba', '56', 'SMP', 'false', 'WNA', '2025-06-26 07:14:50', '2025-06-26 07:14:50'),
(2130, 'Asirwanda Uwais', '20', 'SMA', 'true', 'WNA', '2025-06-26 07:14:50', '2025-06-26 07:14:50'),
(2131, 'Niyaga Waluyo', '49', 'SMP', 'true', 'WNA', '2025-06-26 07:14:50', '2025-06-26 07:14:50'),
(2132, 'Elvin Jaka Pratama', '26', 'Magister', 'true', 'WNA', '2025-06-26 07:14:50', '2025-06-26 07:14:50'),
(2133, 'Eluh Habibi', '43', 'Diploma', 'true', 'WNI', '2025-06-26 07:14:50', '2025-06-26 07:14:50'),
(2134, 'Danu Johan Kurniawan S.Pt', '47', 'SMP', 'true', 'WNI', '2025-06-26 07:14:50', '2025-06-26 07:14:50'),
(2135, 'Darman Wasita S.IP', '22', 'SMA', 'true', 'WNI', '2025-06-26 07:14:50', '2025-06-26 07:14:50'),
(2136, 'Baktiono Saputra', '43', 'Diploma', 'true', 'WNI', '2025-06-26 07:14:50', '2025-06-26 07:14:50'),
(2137, 'Jayeng Widodo', '53', 'Magister', 'true', 'WNI', '2025-06-26 07:14:50', '2025-06-26 07:14:50'),
(2138, 'Yoga Ajiman Ardianto M.Pd', '31', 'SD', 'false', 'WNA', '2025-06-26 07:14:50', '2025-06-26 07:14:50'),
(2139, 'Pranawa Setya Mangunsong S.Kom', '55', 'Diploma', 'true', 'WNA', '2025-06-26 07:14:50', '2025-06-26 07:14:50'),
(2140, 'Sidiq Maulana', '50', 'Magister', 'false', 'WNI', '2025-06-26 07:14:50', '2025-06-26 07:14:50'),
(2141, 'Dimaz Suryono', '46', 'SD', 'true', 'WNI', '2025-06-26 07:14:50', '2025-06-26 07:14:50'),
(2142, 'Kuncara Pratama S.H.', '49', 'Diploma', 'false', 'WNA', '2025-06-26 07:14:50', '2025-06-26 07:14:50'),
(2143, 'Jayeng Wijaya', '33', 'SD', 'false', 'WNI', '2025-06-26 07:14:50', '2025-06-26 07:14:50'),
(2144, 'Dirja Jailani', '29', 'SMP', 'true', 'WNA', '2025-06-26 07:14:50', '2025-06-26 07:14:50'),
(2145, 'Yono Hidayanto S.Psi', '25', 'Diploma', 'true', 'WNA', '2025-06-26 07:14:50', '2025-06-26 07:14:50'),
(2146, 'Irwan Cahyono Prasasta S.T.', '25', 'Sarjana', 'true', 'WNI', '2025-06-26 07:14:50', '2025-06-26 07:14:50'),
(2147, 'Bakda Hidayanto', '23', 'Diploma', 'false', 'WNA', '2025-06-26 07:14:50', '2025-06-26 07:14:50'),
(2148, 'Harsana Yoga Waluyo S.Kom', '19', 'Diploma', 'false', 'WNI', '2025-06-26 07:14:50', '2025-06-26 07:14:50'),
(2149, 'Baktiadi Wibowo', '49', 'Diploma', 'true', 'WNI', '2025-06-26 07:14:50', '2025-06-26 07:14:50'),
(2150, 'Ridwan Wasita', '26', 'Sarjana', 'true', 'WNI', '2025-06-26 07:14:50', '2025-06-26 07:14:50'),
(2151, 'Jayeng Caturangga Hutasoit S.E.I', '28', 'SD', 'true', 'WNA', '2025-06-26 07:14:50', '2025-06-26 07:14:50'),
(2152, 'Bakiadi Mulyono Hutagalung M.M.', '22', 'Diploma', 'true', 'WNI', '2025-06-26 07:14:50', '2025-06-26 07:14:50'),
(2153, 'Karja Halim Wacana', '56', 'SMP', 'false', 'WNI', '2025-06-26 07:14:50', '2025-06-26 07:14:50'),
(2154, 'Martana Langgeng Wibowo S.Farm', '43', 'SMA', 'true', 'WNI', '2025-06-26 07:14:50', '2025-06-26 07:14:50'),
(2155, 'Gamani Edison Uwais M.TI.', '19', 'SMP', 'true', 'WNI', '2025-06-26 07:14:50', '2025-06-26 07:14:50'),
(2156, 'Cakrabuana Dongoran', '50', 'SMP', 'false', 'WNI', '2025-06-26 07:14:50', '2025-06-26 07:14:50'),
(2157, 'Simon Nugroho', '40', 'Sarjana', 'true', 'WNI', '2025-06-26 07:14:50', '2025-06-26 07:14:50'),
(2158, 'Saka Kusumo S.Sos', '31', 'Sarjana', 'false', 'WNI', '2025-06-26 07:14:50', '2025-06-26 07:14:50'),
(2159, 'Saadat Edison Saragih S.H.', '58', 'SMA', 'true', 'WNI', '2025-06-26 07:14:50', '2025-06-26 07:14:50'),
(2160, 'Wardaya Halim', '40', 'SD', 'false', 'WNA', '2025-06-26 07:14:50', '2025-06-26 07:14:50'),
(2161, 'Wasis Setiawan', '30', 'Diploma', 'false', 'WNI', '2025-06-26 07:14:50', '2025-06-26 07:14:50'),
(2162, 'Danuja Pratama', '46', 'Magister', 'false', 'WNI', '2025-06-26 07:14:50', '2025-06-26 07:14:50'),
(2163, 'Jaga Situmorang', '42', 'SMP', 'false', 'WNI', '2025-06-26 07:14:50', '2025-06-26 07:14:50'),
(2164, 'Warji Mandala S.Pd', '60', 'Diploma', 'false', 'WNA', '2025-06-26 07:14:50', '2025-06-26 07:14:50'),
(2165, 'Caturangga Budi Widodo', '25', 'Diploma', 'false', 'WNA', '2025-06-26 07:14:50', '2025-06-26 07:14:50'),
(2166, 'Salman Waluyo S.E.', '32', 'SD', 'false', 'WNA', '2025-06-26 07:14:50', '2025-06-26 07:14:50'),
(2167, 'Harimurti Waskita', '36', 'SMA', 'true', 'WNI', '2025-06-26 07:14:50', '2025-06-26 07:14:50'),
(2168, 'Gaduh Sihombing M.Kom.', '29', 'Diploma', 'false', 'WNA', '2025-06-26 07:14:50', '2025-06-26 07:14:50'),
(2169, 'Daru Hutapea', '36', 'SMA', 'true', 'WNA', '2025-06-26 07:14:50', '2025-06-26 07:14:50'),
(2170, 'Luhung Dongoran', '37', 'SD', 'false', 'WNI', '2025-06-26 07:14:50', '2025-06-26 07:14:50'),
(2171, 'Cengkir Prayitna Permadi', '23', 'SMA', 'false', 'WNA', '2025-06-26 07:14:50', '2025-06-26 07:14:50'),
(2172, 'Oskar Napitupulu', '55', 'SD', 'false', 'WNA', '2025-06-26 07:14:50', '2025-06-26 07:14:50'),
(2173, 'Caraka Latupono', '41', 'SMA', 'false', 'WNA', '2025-06-26 07:14:50', '2025-06-26 07:14:50'),
(2174, 'Hardana Nalar Setiawan', '39', 'Magister', 'true', 'WNA', '2025-06-26 07:14:50', '2025-06-26 07:14:50'),
(2175, 'Jaiman Tomi Lazuardi S.IP', '44', 'SMA', 'false', 'WNI', '2025-06-26 07:14:50', '2025-06-26 07:14:50'),
(2176, 'Sidiq Lukita Suwarno', '51', 'SMP', 'true', 'WNA', '2025-06-26 07:14:50', '2025-06-26 07:14:50'),
(2177, 'Tugiman Rajasa S.Pd', '58', 'SD', 'true', 'WNI', '2025-06-26 07:14:50', '2025-06-26 07:14:50'),
(2178, 'Bagya Vega Sitompul', '51', 'Sarjana', 'false', 'WNI', '2025-06-26 07:14:50', '2025-06-26 07:14:50'),
(2179, 'Cemeti Firgantoro', '20', 'Magister', 'true', 'WNI', '2025-06-26 07:14:50', '2025-06-26 07:14:50'),
(2180, 'Margana Asman Mustofa', '47', 'SMP', 'true', 'WNA', '2025-06-26 07:14:50', '2025-06-26 07:14:50'),
(2181, 'Purwadi Prabawa Tampubolon S.Pd', '47', 'Diploma', 'false', 'WNI', '2025-06-26 07:14:50', '2025-06-26 07:14:50'),
(2182, 'Tomi Surya Mustofa S.H.', '23', 'Sarjana', 'false', 'WNI', '2025-06-26 07:14:50', '2025-06-26 07:14:50'),
(2183, 'Viman Widodo', '19', 'SMA', 'true', 'WNA', '2025-06-26 07:14:50', '2025-06-26 07:14:50'),
(2184, 'Dwi Dipa Latupono S.Farm', '32', 'SMP', 'false', 'WNA', '2025-06-26 07:14:50', '2025-06-26 07:14:50'),
(2185, 'Purwadi Wijaya', '25', 'SMP', 'true', 'WNA', '2025-06-26 07:14:50', '2025-06-26 07:14:50'),
(2186, 'Jumari Prakasa', '55', 'Sarjana', 'true', 'WNA', '2025-06-26 07:14:50', '2025-06-26 07:14:50'),
(2187, 'Purwa Suwarno S.Sos', '49', 'SMA', 'true', 'WNI', '2025-06-26 07:14:50', '2025-06-26 07:14:50'),
(2188, 'Nasrullah Prasasta', '60', 'SD', 'false', 'WNI', '2025-06-26 07:14:50', '2025-06-26 07:14:50'),
(2189, 'Baktiadi Irfan Salahudin', '40', 'SMA', 'true', 'WNA', '2025-06-26 07:14:50', '2025-06-26 07:14:50'),
(2190, 'Gatot Maulana', '47', 'SMA', 'true', 'WNI', '2025-06-26 07:14:50', '2025-06-26 07:14:50'),
(2191, 'Kusuma Mandala', '45', 'SMP', 'false', 'WNA', '2025-06-26 07:14:50', '2025-06-26 07:14:50'),
(2192, 'Wakiman Januar S.IP', '55', 'Sarjana', 'true', 'WNA', '2025-06-26 07:14:50', '2025-06-26 07:14:50'),
(2193, 'Karta Firmansyah', '48', 'Diploma', 'true', 'WNI', '2025-06-26 07:14:50', '2025-06-26 07:14:50'),
(2194, 'Raditya Sinaga S.H.', '32', 'SMP', 'false', 'WNA', '2025-06-26 07:14:50', '2025-06-26 07:14:50'),
(2195, 'Daryani Hidayanto M.TI.', '30', 'Diploma', 'true', 'WNI', '2025-06-26 07:14:50', '2025-06-26 07:14:50'),
(2196, 'Warsa Samosir', '46', 'SMA', 'true', 'WNA', '2025-06-26 07:14:50', '2025-06-26 07:14:50'),
(2197, 'Maman Samosir', '19', 'SMP', 'false', 'WNA', '2025-06-26 07:14:50', '2025-06-26 07:14:50'),
(2198, 'Tasdik Hutapea', '26', 'Magister', 'true', 'WNA', '2025-06-26 07:14:50', '2025-06-26 07:14:50'),
(2199, 'Bakiono Nalar Wijaya S.Psi', '23', 'Magister', 'true', 'WNI', '2025-06-26 07:14:50', '2025-06-26 07:14:50'),
(2200, 'Tomi Mustofa S.E.', '53', 'SMA', 'true', 'WNI', '2025-06-26 07:14:50', '2025-06-26 07:14:50'),
(2201, 'Daruna Hakim', '57', 'SMP', 'true', 'WNA', '2025-06-26 07:14:50', '2025-06-26 07:14:50'),
(2202, 'Okta Megantara', '37', 'SD', 'true', 'WNA', '2025-06-26 07:14:50', '2025-06-26 07:14:50'),
(2203, 'Kurnia Marpaung', '36', 'SD', 'false', 'WNA', '2025-06-26 07:14:50', '2025-06-26 07:14:50'),
(2204, 'Emas Marbun', '33', 'Diploma', 'false', 'WNI', '2025-06-26 07:14:50', '2025-06-26 07:14:50'),
(2205, 'Gara Prabowo', '51', 'Sarjana', 'false', 'WNA', '2025-06-26 07:14:50', '2025-06-26 07:14:50'),
(2206, 'Waluyo Budiman', '25', 'SMA', 'true', 'WNA', '2025-06-26 07:14:50', '2025-06-26 07:14:50'),
(2207, 'Panca Mahendra', '37', 'Diploma', 'false', 'WNI', '2025-06-26 07:14:50', '2025-06-26 07:14:50'),
(2208, 'Radit Dabukke', '21', 'Diploma', 'true', 'WNA', '2025-06-26 07:14:50', '2025-06-26 07:14:50'),
(2209, 'Bakianto Mangunsong', '41', 'SMP', 'true', 'WNI', '2025-06-26 07:14:50', '2025-06-26 07:14:50'),
(2210, 'Jaya Prabawa Kusumo S.Gz', '55', 'Diploma', 'false', 'WNI', '2025-06-26 07:14:50', '2025-06-26 07:14:50'),
(2211, 'Nalar Mangunsong', '41', 'SMP', 'false', 'WNI', '2025-06-26 07:14:50', '2025-06-26 07:14:50'),
(2212, 'Heru Tamba', '39', 'SMA', 'false', 'WNI', '2025-06-26 07:14:50', '2025-06-26 07:14:50'),
(2213, 'Umar Hakim', '60', 'SD', 'true', 'WNA', '2025-06-26 07:14:50', '2025-06-26 07:14:50'),
(2214, 'Prabu Putra M.M.', '47', 'Diploma', 'true', 'WNA', '2025-06-26 07:14:50', '2025-06-26 07:14:50'),
(2215, 'Gatra Lantar Utama S.Ked', '41', 'SMP', 'false', 'WNA', '2025-06-26 07:14:50', '2025-06-26 07:14:50'),
(2216, 'Harjo Sihotang', '54', 'SMA', 'false', 'WNI', '2025-06-26 07:14:50', '2025-06-26 07:14:50'),
(2217, 'Estiono Wacana', '34', 'Sarjana', 'true', 'WNA', '2025-06-26 07:14:50', '2025-06-26 07:14:50'),
(2218, 'Nalar Dabukke', '52', 'Sarjana', 'false', 'WNA', '2025-06-26 07:14:50', '2025-06-26 07:14:50'),
(2219, 'Surya Gada Saefullah', '34', 'Sarjana', 'false', 'WNA', '2025-06-26 07:14:50', '2025-06-26 07:14:50'),
(2220, 'Harsana Uwais', '25', 'SMA', 'false', 'WNA', '2025-06-26 07:14:50', '2025-06-26 07:14:50'),
(2221, 'Maryanto Pranata Firmansyah', '58', 'SD', 'false', 'WNA', '2025-06-26 07:14:50', '2025-06-26 07:14:50'),
(2222, 'Manah Reza Prabowo S.Pt', '40', 'SMA', 'false', 'WNA', '2025-06-26 07:14:50', '2025-06-26 07:14:50'),
(2223, 'Ridwan Sihombing', '32', 'SD', 'true', 'WNA', '2025-06-26 07:14:50', '2025-06-26 07:14:50'),
(2224, 'Olga Aris Kusumo', '40', 'SMA', 'true', 'WNI', '2025-06-26 07:14:50', '2025-06-26 07:14:50'),
(2225, 'Adiarja Heryanto Siregar', '53', 'Magister', 'true', 'WNI', '2025-06-26 07:14:50', '2025-06-26 07:14:50'),
(2226, 'Kayun Suryono S.I.Kom', '42', 'SD', 'true', 'WNI', '2025-06-26 07:14:50', '2025-06-26 07:14:50'),
(2227, 'Yusuf Prasetyo S.Ked', '50', 'SMA', 'false', 'WNA', '2025-06-26 07:14:50', '2025-06-26 07:14:50'),
(2228, 'Opung Iswahyudi', '52', 'SMA', 'false', 'WNI', '2025-06-26 07:14:50', '2025-06-26 07:14:50'),
(2229, 'Candra Adriansyah', '59', 'Sarjana', 'false', 'WNI', '2025-06-26 07:14:50', '2025-06-26 07:14:50'),
(2230, 'Jaga Capa Permadi', '57', 'Sarjana', 'false', 'WNI', '2025-06-26 07:14:50', '2025-06-26 07:14:50'),
(2231, 'Kenari Ardianto S.T.', '59', 'SMP', 'true', 'WNA', '2025-06-26 07:14:50', '2025-06-26 07:14:50'),
(2232, 'Teddy Siregar', '21', 'SMP', 'false', 'WNA', '2025-06-26 07:14:50', '2025-06-26 07:14:50'),
(2233, 'Aditya Hidayanto S.Farm', '57', 'SMP', 'false', 'WNA', '2025-06-26 07:14:50', '2025-06-26 07:14:50'),
(2234, 'Damar Pratama', '20', 'SD', 'false', 'WNA', '2025-06-26 07:14:50', '2025-06-26 07:14:50'),
(2235, 'Luwar Slamet Sirait', '46', 'SMA', 'true', 'WNI', '2025-06-26 07:14:50', '2025-06-26 07:14:50'),
(2236, 'Mulyono Waskita S.Kom', '49', 'SD', 'true', 'WNA', '2025-06-26 07:14:50', '2025-06-26 07:14:50'),
(2237, 'Opan Permadi', '41', 'Diploma', 'true', 'WNI', '2025-06-26 07:14:50', '2025-06-26 07:14:50'),
(2238, 'Indra Cayadi Nashiruddin S.E.', '46', 'SMP', 'false', 'WNI', '2025-06-26 07:14:50', '2025-06-26 07:14:50'),
(2239, 'Jaiman Saputra', '57', 'SMA', 'false', 'WNI', '2025-06-26 07:14:50', '2025-06-26 07:14:50'),
(2240, 'Hasta Hakim', '32', 'Sarjana', 'true', 'WNA', '2025-06-26 07:14:50', '2025-06-26 07:14:50'),
(2241, 'Rafid Mustofa S.Gz', '44', 'Diploma', 'true', 'WNI', '2025-06-26 07:14:50', '2025-06-26 07:14:50'),
(2242, 'Kanda Damanik', '43', 'SMP', 'false', 'WNI', '2025-06-26 07:14:50', '2025-06-26 07:14:50'),
(2243, 'Hendra Rajasa', '39', 'Diploma', 'false', 'WNA', '2025-06-26 07:14:50', '2025-06-26 07:14:50'),
(2244, 'Yusuf Wijaya', '56', 'Sarjana', 'true', 'WNI', '2025-06-26 07:14:50', '2025-06-26 07:14:50'),
(2245, 'Rusman Adriansyah S.Kom', '31', 'Magister', 'false', 'WNA', '2025-06-26 07:14:50', '2025-06-26 07:14:50'),
(2246, 'Ajiono Situmorang', '34', 'SMA', 'true', 'WNI', '2025-06-26 07:14:50', '2025-06-26 07:14:50'),
(2247, 'Argono Elvin Jailani S.Kom', '45', 'Diploma', 'false', 'WNA', '2025-06-26 07:14:50', '2025-06-26 07:14:50'),
(2248, 'Martana Utama', '48', 'SMA', 'false', 'WNI', '2025-06-26 07:14:50', '2025-06-26 07:14:50'),
(2249, 'Wakiman Dabukke', '50', 'Magister', 'false', 'WNA', '2025-06-26 07:14:50', '2025-06-26 07:14:50'),
(2250, 'Irnanto Sihotang S.E.', '59', 'SMP', 'false', 'WNI', '2025-06-26 07:14:50', '2025-06-26 07:14:50'),
(2251, 'Kenari Zulkarnain', '27', 'SMP', 'false', 'WNI', '2025-06-26 07:14:50', '2025-06-26 07:14:50'),
(2252, 'Limar Tarihoran', '53', 'Sarjana', 'false', 'WNA', '2025-06-26 07:14:50', '2025-06-26 07:14:50'),
(2253, 'Ilyas Luthfi Mangunsong S.Ked', '46', 'SD', 'true', 'WNA', '2025-06-26 07:14:50', '2025-06-26 07:14:50'),
(2254, 'Harsaya Gunarto', '42', 'Diploma', 'true', 'WNI', '2025-06-26 07:14:50', '2025-06-26 07:14:50'),
(2255, 'Jagapati Maryadi', '33', 'Sarjana', 'false', 'WNI', '2025-06-26 07:14:50', '2025-06-26 07:14:50'),
(2256, 'Maryanto Marpaung M.Ak', '28', 'Diploma', 'true', 'WNI', '2025-06-26 07:14:50', '2025-06-26 07:14:50'),
(2257, 'Margana Emas Budiyanto', '45', 'SMA', 'false', 'WNA', '2025-06-26 07:14:50', '2025-06-26 07:14:50'),
(2258, 'Dadap Hari Jailani', '30', 'SD', 'false', 'WNA', '2025-06-26 07:14:50', '2025-06-26 07:14:50'),
(2259, 'Manah Saputra', '37', 'SMP', 'true', 'WNA', '2025-06-26 07:14:50', '2025-06-26 07:14:50'),
(2260, 'Maryadi Pranowo', '48', 'Magister', 'true', 'WNA', '2025-06-26 07:14:50', '2025-06-26 07:14:50'),
(2261, 'Jumari Ibrahim Sinaga M.TI.', '47', 'Diploma', 'true', 'WNA', '2025-06-26 07:14:50', '2025-06-26 07:14:50'),
(2262, 'Harto Marbun S.I.Kom', '41', 'Magister', 'false', 'WNA', '2025-06-26 07:14:50', '2025-06-26 07:14:50'),
(2263, 'Ikin Sihombing S.Farm', '43', 'SD', 'true', 'WNA', '2025-06-26 07:14:50', '2025-06-26 07:14:50'),
(2264, 'Ega Tarihoran M.M.', '54', 'Sarjana', 'false', 'WNI', '2025-06-26 07:14:50', '2025-06-26 07:14:50'),
(2265, 'Ganep Waluyo', '45', 'Sarjana', 'true', 'WNA', '2025-06-26 07:14:50', '2025-06-26 07:14:50'),
(2266, 'Emil Cawisono Thamrin S.E.', '52', 'Magister', 'false', 'WNA', '2025-06-26 07:14:50', '2025-06-26 07:14:50'),
(2267, 'Bancar Marpaung', '51', 'Magister', 'true', 'WNA', '2025-06-26 07:14:50', '2025-06-26 07:14:50'),
(2268, 'Makuta Utama', '43', 'SMP', 'false', 'WNA', '2025-06-26 07:14:50', '2025-06-26 07:14:50'),
(2269, 'Gara Wibowo M.Pd', '30', 'SD', 'true', 'WNI', '2025-06-26 07:14:50', '2025-06-26 07:14:50'),
(2270, 'Cayadi Jasmani Najmudin', '51', 'Diploma', 'false', 'WNA', '2025-06-26 07:14:50', '2025-06-26 07:14:50'),
(2271, 'Paiman Jailani S.Psi', '20', 'SMP', 'true', 'WNA', '2025-06-26 07:14:50', '2025-06-26 07:14:50'),
(2272, 'Wahyu Bagas Napitupulu', '41', 'Diploma', 'true', 'WNA', '2025-06-26 07:14:50', '2025-06-26 07:14:50'),
(2273, 'Balapati Ozy Prasetyo', '54', 'SMP', 'true', 'WNA', '2025-06-26 07:14:50', '2025-06-26 07:14:50'),
(2274, 'Gatot Nasrullah Prabowo', '45', 'Magister', 'true', 'WNA', '2025-06-26 07:14:50', '2025-06-26 07:14:50'),
(2275, 'Bagas Saiful Marbun', '41', 'Magister', 'false', 'WNA', '2025-06-26 07:14:50', '2025-06-26 07:14:50'),
(2276, 'Hendri Pranowo', '55', 'Magister', 'true', 'WNI', '2025-06-26 07:14:50', '2025-06-26 07:14:50'),
(2277, 'Galak Waluyo S.IP', '58', 'SD', 'false', 'WNA', '2025-06-26 07:14:50', '2025-06-26 07:14:50'),
(2278, 'Purwa Cahyanto Hutapea', '48', 'Magister', 'true', 'WNI', '2025-06-26 07:14:50', '2025-06-26 07:14:50'),
(2279, 'Jono Wasita S.Psi', '45', 'Magister', 'true', 'WNI', '2025-06-26 07:14:50', '2025-06-26 07:14:50'),
(2280, 'Mustika Gunawan', '57', 'Diploma', 'false', 'WNA', '2025-06-26 07:14:50', '2025-06-26 07:14:50'),
(2281, 'Asirwanda Napitupulu', '20', 'Sarjana', 'false', 'WNA', '2025-06-26 07:14:50', '2025-06-26 07:14:50'),
(2282, 'Liman Winarno', '19', 'SMA', 'false', 'WNA', '2025-06-26 07:14:50', '2025-06-26 07:14:50'),
(2283, 'Dodo Budiman', '50', 'Diploma', 'false', 'WNA', '2025-06-26 07:14:50', '2025-06-26 07:14:50'),
(2284, 'Adiarja Harsaya Habibi', '28', 'SMP', 'true', 'WNA', '2025-06-26 07:14:50', '2025-06-26 07:14:50'),
(2285, 'Jaeman Jailani', '57', 'SMA', 'true', 'WNI', '2025-06-26 07:14:50', '2025-06-26 07:14:50'),
(2286, 'Hari Sihombing', '40', 'SMA', 'true', 'WNA', '2025-06-26 07:14:50', '2025-06-26 07:14:50'),
(2287, 'Jaeman Sihombing S.I.Kom', '46', 'Diploma', 'true', 'WNA', '2025-06-26 07:14:50', '2025-06-26 07:14:50'),
(2288, 'Nardi Dongoran', '23', 'Sarjana', 'true', 'WNA', '2025-06-26 07:14:50', '2025-06-26 07:14:50'),
(2289, 'Nyana Ivan Marbun', '23', 'SD', 'true', 'WNA', '2025-06-26 07:14:50', '2025-06-26 07:14:50'),
(2290, 'Cawuk Natsir', '22', 'SMA', 'true', 'WNI', '2025-06-26 07:14:50', '2025-06-26 07:14:50'),
(2291, 'Rudi Respati Napitupulu', '59', 'SMP', 'false', 'WNA', '2025-06-26 07:14:50', '2025-06-26 07:14:50'),
(2292, 'Kasim Wasita', '47', 'Magister', 'false', 'WNA', '2025-06-26 07:14:50', '2025-06-26 07:14:50'),
(2293, 'Pandu Lazuardi', '31', 'Diploma', 'true', 'WNI', '2025-06-26 07:14:50', '2025-06-26 07:14:50'),
(2294, 'Ghani Winarno S.Pt', '26', 'Diploma', 'false', 'WNA', '2025-06-26 07:14:50', '2025-06-26 07:14:50'),
(2295, 'Lukita Bakda Sitompul S.Pt', '40', 'SMA', 'false', 'WNI', '2025-06-26 07:14:50', '2025-06-26 07:14:50'),
(2296, 'Taufik Margana Megantara S.H.', '52', 'Sarjana', 'false', 'WNI', '2025-06-26 07:14:50', '2025-06-26 07:14:50'),
(2297, 'Karna Permadi', '27', 'SMP', 'true', 'WNI', '2025-06-26 07:14:50', '2025-06-26 07:14:50'),
(2298, 'Akarsana Simbolon S.IP', '60', 'SMA', 'false', 'WNA', '2025-06-26 07:14:50', '2025-06-26 07:14:50'),
(2299, 'Irsad Nugroho', '24', 'SMA', 'true', 'WNI', '2025-06-26 07:14:50', '2025-06-26 07:14:50'),
(2300, 'Lutfan Sitompul', '33', 'Sarjana', 'true', 'WNI', '2025-06-26 07:14:50', '2025-06-26 07:14:50'),
(2301, 'Artanto Habibi M.Farm', '45', 'Magister', 'true', 'WNA', '2025-06-26 07:14:50', '2025-06-26 07:14:50'),
(2302, 'Malik Suryono', '41', 'Sarjana', 'false', 'WNI', '2025-06-26 07:14:50', '2025-06-26 07:14:50'),
(2303, 'Wakiman Rajata', '30', 'SD', 'false', 'WNI', '2025-06-26 07:14:50', '2025-06-26 07:14:50'),
(2304, 'Banawi Tarihoran', '44', 'SD', 'true', 'WNI', '2025-06-26 07:14:50', '2025-06-26 07:14:50'),
(2305, 'Xanana Sihombing', '53', 'Magister', 'true', 'WNA', '2025-06-26 07:14:50', '2025-06-26 07:14:50'),
(2306, 'Enteng Prakasa S.Kom', '40', 'SD', 'true', 'WNA', '2025-06-26 07:14:50', '2025-06-26 07:14:50'),
(2307, 'Balangga Rajata', '52', 'SMA', 'true', 'WNI', '2025-06-26 07:14:50', '2025-06-26 07:14:50'),
(2308, 'Nasrullah Saputra', '51', 'SMA', 'false', 'WNA', '2025-06-26 07:14:50', '2025-06-26 07:14:50'),
(2309, 'Balangga Saefullah', '27', 'SMP', 'false', 'WNI', '2025-06-26 07:14:50', '2025-06-26 07:14:50'),
(2310, 'Jinawi Raden Adriansyah', '23', 'SMP', 'true', 'WNI', '2025-06-26 07:14:50', '2025-06-26 07:14:50'),
(2311, 'Maryanto Mansur S.IP', '23', 'SMP', 'false', 'WNA', '2025-06-26 07:14:50', '2025-06-26 07:14:50'),
(2312, 'Ajimat Habibi S.Pd', '50', 'SMP', 'true', 'WNA', '2025-06-26 07:14:50', '2025-06-26 07:14:50'),
(2313, 'Parman Putra', '43', 'Magister', 'true', 'WNI', '2025-06-26 07:14:50', '2025-06-26 07:14:50'),
(2314, 'Ikin Halim', '43', 'SMA', 'true', 'WNI', '2025-06-26 07:14:50', '2025-06-26 07:14:50'),
(2315, 'Kurnia Garan Setiawan', '51', 'Sarjana', 'false', 'WNA', '2025-06-26 07:14:50', '2025-06-26 07:14:50'),
(2316, 'Edi Ega Tamba S.Ked', '27', 'Sarjana', 'true', 'WNI', '2025-06-26 07:14:50', '2025-06-26 07:14:50'),
(2317, 'Asmianto Habibi', '49', 'Magister', 'false', 'WNA', '2025-06-26 07:14:50', '2025-06-26 07:14:50'),
(2318, 'Teguh Najmudin', '38', 'Magister', 'true', 'WNI', '2025-06-26 07:14:50', '2025-06-26 07:14:50'),
(2319, 'Banara Tarihoran S.Gz', '28', 'SMP', 'false', 'WNI', '2025-06-26 07:14:50', '2025-06-26 07:14:50'),
(2320, 'Aditya Gunawan', '50', 'Diploma', 'true', 'WNI', '2025-06-26 07:14:50', '2025-06-26 07:14:50'),
(2321, 'Kawaca Karsana Pranowo S.E.I', '45', 'Sarjana', 'false', 'WNI', '2025-06-26 07:14:50', '2025-06-26 07:14:50'),
(2322, 'Cakrabuana Ardianto', '36', 'SD', 'true', 'WNI', '2025-06-26 07:14:50', '2025-06-26 07:14:50'),
(2323, 'Karta Cakrabuana Wijaya S.I.Kom', '49', 'Magister', 'true', 'WNI', '2025-06-26 07:14:50', '2025-06-26 07:14:50'),
(2324, 'Cemplunk Haryanto', '21', 'Sarjana', 'true', 'WNI', '2025-06-26 07:14:50', '2025-06-26 07:14:50'),
(2325, 'Ikhsan Lembah Saptono', '25', 'SMA', 'false', 'WNA', '2025-06-26 07:14:50', '2025-06-26 07:14:50'),
(2326, 'Dartono Irawan', '58', 'SMA', 'false', 'WNA', '2025-06-26 07:14:50', '2025-06-26 07:14:50'),
(2327, 'Ibun Mansur S.Pt', '20', 'SD', 'true', 'WNA', '2025-06-26 07:14:50', '2025-06-26 07:14:50'),
(2328, 'Balidin Sitompul S.H.', '43', 'Sarjana', 'true', 'WNA', '2025-06-26 07:14:50', '2025-06-26 07:14:50'),
(2329, 'Lasmanto Mandala', '46', 'SMP', 'false', 'WNI', '2025-06-26 07:14:50', '2025-06-26 07:14:50'),
(2330, 'Cawuk Putra M.Ak', '27', 'Diploma', 'false', 'WNA', '2025-06-26 07:14:50', '2025-06-26 07:14:50'),
(2331, 'Ajiono Budiman', '33', 'SD', 'false', 'WNI', '2025-06-26 07:14:50', '2025-06-26 07:14:50'),
(2332, 'Kambali Firmansyah S.Gz', '52', 'SMP', 'true', 'WNI', '2025-06-26 07:14:50', '2025-06-26 07:14:50'),
(2333, 'Baktiono Waluyo', '44', 'Diploma', 'true', 'WNA', '2025-06-26 07:14:50', '2025-06-26 07:14:50'),
(2334, 'Karsa Eja Budiyanto M.TI.', '51', 'Diploma', 'true', 'WNI', '2025-06-26 07:14:50', '2025-06-26 07:14:50'),
(2335, 'Dariati Wibowo', '45', 'Sarjana', 'false', 'WNA', '2025-06-26 07:14:50', '2025-06-26 07:14:50'),
(2336, 'Lukman Prabowo', '57', 'SD', 'true', 'WNI', '2025-06-26 07:14:50', '2025-06-26 07:14:50'),
(2337, 'Virman Umay Widodo', '43', 'Diploma', 'true', 'WNI', '2025-06-26 07:14:50', '2025-06-26 07:14:50'),
(2338, 'Dasa Situmorang', '33', 'SMA', 'false', 'WNA', '2025-06-26 07:14:50', '2025-06-26 07:14:50'),
(2339, 'Kanda Nashiruddin', '34', 'Sarjana', 'false', 'WNA', '2025-06-26 07:14:50', '2025-06-26 07:14:50'),
(2340, 'Damu Gunawan', '29', 'SMA', 'false', 'WNI', '2025-06-26 07:14:50', '2025-06-26 07:14:50'),
(2341, 'Sakti Tomi Maryadi', '24', 'SMP', 'false', 'WNA', '2025-06-26 07:14:50', '2025-06-26 07:14:50'),
(2342, 'Uda Wijaya', '60', 'SD', 'true', 'WNA', '2025-06-26 07:14:50', '2025-06-26 07:14:50'),
(2343, 'Cakrabuana Wibowo', '38', 'SMP', 'true', 'WNI', '2025-06-26 07:14:50', '2025-06-26 07:14:50'),
(2344, 'Mursita Sirait', '37', 'SMA', 'false', 'WNI', '2025-06-26 07:14:50', '2025-06-26 07:14:50'),
(2345, 'Himawan Pradipta', '48', 'SMP', 'false', 'WNA', '2025-06-26 07:14:50', '2025-06-26 07:14:50'),
(2346, 'Lutfan Lazuardi', '23', 'Magister', 'true', 'WNI', '2025-06-26 07:14:50', '2025-06-26 07:14:50'),
(2347, 'Rangga Prasasta', '57', 'SMP', 'false', 'WNA', '2025-06-26 07:14:50', '2025-06-26 07:14:50'),
(2348, 'Atma Gunarto M.M.', '45', 'SD', 'false', 'WNI', '2025-06-26 07:14:50', '2025-06-26 07:14:50'),
(2349, 'Nyoman Pratama', '53', 'SD', 'true', 'WNI', '2025-06-26 07:14:50', '2025-06-26 07:14:50'),
(2350, 'Maryadi Latupono S.T.', '21', 'SMA', 'true', 'WNI', '2025-06-26 07:14:50', '2025-06-26 07:14:50'),
(2351, 'Paiman Emin Dongoran', '41', 'Magister', 'false', 'WNA', '2025-06-26 07:14:50', '2025-06-26 07:14:50'),
(2352, 'Bagus Ramadan S.Gz', '28', 'Diploma', 'true', 'WNI', '2025-06-26 07:14:50', '2025-06-26 07:14:50'),
(2353, 'Jagaraga Tirta Hutasoit S.Kom', '46', 'Sarjana', 'false', 'WNA', '2025-06-26 07:14:50', '2025-06-26 07:14:50'),
(2354, 'Raihan Yoga Wijaya M.M.', '27', 'Magister', 'false', 'WNI', '2025-06-26 07:14:50', '2025-06-26 07:14:50'),
(2355, 'Bancar Uwais', '40', 'SMA', 'true', 'WNA', '2025-06-26 07:14:50', '2025-06-26 07:14:50'),
(2356, 'Usman Wasita', '29', 'Magister', 'false', 'WNA', '2025-06-26 07:14:50', '2025-06-26 07:14:50'),
(2357, 'Hamzah Hutagalung', '55', 'SMP', 'true', 'WNI', '2025-06-26 07:14:50', '2025-06-26 07:14:50'),
(2358, 'Cahyono Wahyudin M.Kom.', '33', 'SMA', 'false', 'WNI', '2025-06-26 07:14:50', '2025-06-26 07:14:50'),
(2359, 'Asmadi Halim', '35', 'SD', 'false', 'WNA', '2025-06-26 07:14:50', '2025-06-26 07:14:50'),
(2360, 'Cakrawangsa Mahendra', '46', 'Diploma', 'true', 'WNA', '2025-06-26 07:14:50', '2025-06-26 07:14:50'),
(2361, 'Darman Raharja Mansur S.Sos', '28', 'SD', 'false', 'WNI', '2025-06-26 07:14:50', '2025-06-26 07:14:50'),
(2362, 'Darsirah Sihombing', '42', 'SMP', 'true', 'WNA', '2025-06-26 07:14:50', '2025-06-26 07:14:50'),
(2363, 'Bajragin Jailani', '19', 'Diploma', 'false', 'WNA', '2025-06-26 07:14:50', '2025-06-26 07:14:50'),
(2364, 'Setya Anggriawan', '47', 'SD', 'true', 'WNA', '2025-06-26 07:14:50', '2025-06-26 07:14:50'),
(2365, 'Bagya Mahendra S.IP', '43', 'Diploma', 'false', 'WNI', '2025-06-26 07:14:50', '2025-06-26 07:14:50'),
(2366, 'Harto Hidayat', '31', 'SMP', 'false', 'WNA', '2025-06-26 07:14:50', '2025-06-26 07:14:50'),
(2367, 'Dipa Laksana Uwais', '21', 'SD', 'true', 'WNI', '2025-06-26 07:14:50', '2025-06-26 07:14:50'),
(2368, 'Imam Manullang', '19', 'SMP', 'true', 'WNA', '2025-06-26 07:14:50', '2025-06-26 07:14:50'),
(2369, 'Wawan Gunawan M.Kom.', '24', 'Magister', 'false', 'WNI', '2025-06-26 07:14:50', '2025-06-26 07:14:50'),
(2370, 'Maryanto Kemba Megantara', '22', 'SMP', 'false', 'WNI', '2025-06-26 07:14:50', '2025-06-26 07:14:50'),
(2371, 'Heru Marpaung S.T.', '42', 'Magister', 'false', 'WNA', '2025-06-26 07:14:50', '2025-06-26 07:14:50'),
(2372, 'Irsad Marpaung', '56', 'SMA', 'true', 'WNA', '2025-06-26 07:14:50', '2025-06-26 07:14:50'),
(2373, 'Eman Cahyanto Rajata', '54', 'Magister', 'true', 'WNI', '2025-06-26 07:14:50', '2025-06-26 07:14:50'),
(2374, 'Gandi Setiawan', '24', 'SD', 'false', 'WNA', '2025-06-26 07:14:50', '2025-06-26 07:14:50'),
(2375, 'Kamal Permadi', '31', 'SMP', 'true', 'WNI', '2025-06-26 07:14:50', '2025-06-26 07:14:50'),
(2376, 'Chandra Pangestu S.Sos', '25', 'SMA', 'true', 'WNI', '2025-06-26 07:14:50', '2025-06-26 07:14:50'),
(2377, 'Simon Kusumo', '33', 'Sarjana', 'false', 'WNI', '2025-06-26 07:14:50', '2025-06-26 07:14:50'),
(2378, 'Labuh Cakrawangsa Situmorang', '29', 'SMP', 'false', 'WNA', '2025-06-26 07:14:51', '2025-06-26 07:14:51'),
(2379, 'Cahyanto Lazuardi', '27', 'Diploma', 'true', 'WNA', '2025-06-26 07:14:51', '2025-06-26 07:14:51'),
(2380, 'Gaduh Permadi', '21', 'SMP', 'false', 'WNA', '2025-06-26 07:14:51', '2025-06-26 07:14:51'),
(2381, 'Gandewa Sitompul', '55', 'Sarjana', 'false', 'WNA', '2025-06-26 07:14:51', '2025-06-26 07:14:51'),
(2382, 'Manah Hutagalung M.Ak', '43', 'SMP', 'false', 'WNI', '2025-06-26 07:14:51', '2025-06-26 07:14:51'),
(2383, 'Kemal Gunawan', '27', 'Diploma', 'true', 'WNA', '2025-06-26 07:14:51', '2025-06-26 07:14:51'),
(2384, 'Lutfan Sihombing', '51', 'Diploma', 'true', 'WNI', '2025-06-26 07:14:51', '2025-06-26 07:14:51'),
(2385, 'Bahuraksa Firgantoro S.Kom', '35', 'SMA', 'false', 'WNA', '2025-06-26 07:14:51', '2025-06-26 07:14:51'),
(2386, 'Rangga Wacana S.E.', '37', 'Magister', 'true', 'WNA', '2025-06-26 07:14:51', '2025-06-26 07:14:51'),
(2387, 'Imam Hidayanto', '49', 'SD', 'false', 'WNI', '2025-06-26 07:14:51', '2025-06-26 07:14:51'),
(2388, 'Eko Edi Sitorus', '46', 'Sarjana', 'true', 'WNA', '2025-06-26 07:14:51', '2025-06-26 07:14:51'),
(2389, 'Jasmani Suryono S.Sos', '23', 'Diploma', 'true', 'WNI', '2025-06-26 07:14:51', '2025-06-26 07:14:51'),
(2390, 'Rama Tamba', '60', 'SMA', 'true', 'WNI', '2025-06-26 07:14:51', '2025-06-26 07:14:51'),
(2391, 'Jagaraga Panca Suryono', '28', 'Magister', 'true', 'WNA', '2025-06-26 07:14:51', '2025-06-26 07:14:51'),
(2392, 'Perkasa Simbolon S.I.Kom', '60', 'Sarjana', 'false', 'WNA', '2025-06-26 07:14:51', '2025-06-26 07:14:51'),
(2393, 'Kanda Slamet Maheswara S.Farm', '59', 'SMA', 'false', 'WNI', '2025-06-26 07:14:51', '2025-06-26 07:14:51'),
(2394, 'Darsirah Putra', '46', 'Magister', 'true', 'WNA', '2025-06-26 07:14:51', '2025-06-26 07:14:51'),
(2395, 'Paiman Samosir', '56', 'SD', 'true', 'WNI', '2025-06-26 07:14:51', '2025-06-26 07:14:51'),
(2396, 'Darmana Rajata', '54', 'Sarjana', 'false', 'WNA', '2025-06-26 07:14:51', '2025-06-26 07:14:51'),
(2397, 'Bagya Pradipta S.I.Kom', '39', 'SD', 'false', 'WNI', '2025-06-26 07:14:51', '2025-06-26 07:14:51'),
(2398, 'Umaya Situmorang', '31', 'SMP', 'false', 'WNI', '2025-06-26 07:14:51', '2025-06-26 07:14:51'),
(2399, 'Cakrajiya Prayoga M.TI.', '35', 'SMP', 'true', 'WNI', '2025-06-26 07:14:51', '2025-06-26 07:14:51'),
(2400, 'Mujur Hutagalung', '47', 'Magister', 'true', 'WNI', '2025-06-26 07:14:51', '2025-06-26 07:14:51'),
(2401, 'Lasmono Tarihoran', '24', 'Magister', 'false', 'WNA', '2025-06-26 07:14:51', '2025-06-26 07:14:51'),
(2402, 'Pangeran Maheswara S.Pd', '23', 'SMP', 'true', 'WNI', '2025-06-26 07:14:51', '2025-06-26 07:14:51'),
(2403, 'Hasan Mansur', '56', 'Diploma', 'true', 'WNI', '2025-06-26 07:14:51', '2025-06-26 07:14:51'),
(2404, 'Karma Kusumo M.Ak', '29', 'SD', 'true', 'WNA', '2025-06-26 07:14:51', '2025-06-26 07:14:51'),
(2405, 'Latif Kurnia Rajata S.Kom', '26', 'Diploma', 'false', 'WNI', '2025-06-26 07:14:51', '2025-06-26 07:14:51'),
(2406, 'Tedi Dongoran', '31', 'Magister', 'false', 'WNI', '2025-06-26 07:14:51', '2025-06-26 07:14:51'),
(2407, 'Kamal Manullang S.E.', '32', 'SD', 'true', 'WNI', '2025-06-26 07:14:51', '2025-06-26 07:14:51'),
(2408, 'Dadi Zulkarnain', '23', 'Magister', 'false', 'WNA', '2025-06-26 07:14:51', '2025-06-26 07:14:51'),
(2409, 'Labuh Winarno', '43', 'SMP', 'true', 'WNA', '2025-06-26 07:14:51', '2025-06-26 07:14:51'),
(2410, 'Tugiman Prabowo', '25', 'Magister', 'true', 'WNA', '2025-06-26 07:14:51', '2025-06-26 07:14:51'),
(2411, 'Raden Hutagalung', '40', 'Diploma', 'true', 'WNA', '2025-06-26 07:14:51', '2025-06-26 07:14:51'),
(2412, 'Galak Samosir', '25', 'SD', 'true', 'WNI', '2025-06-26 07:14:51', '2025-06-26 07:14:51'),
(2413, 'Umay Harsana Narpati S.Psi', '44', 'SMA', 'true', 'WNA', '2025-06-26 07:14:51', '2025-06-26 07:14:51'),
(2414, 'Galur Yono Prasetya S.Pd', '59', 'SMA', 'true', 'WNI', '2025-06-26 07:14:51', '2025-06-26 07:14:51'),
(2415, 'Jefri Ramadan', '23', 'Sarjana', 'true', 'WNI', '2025-06-26 07:14:51', '2025-06-26 07:14:51'),
(2416, 'Sidiq Hutapea', '44', 'SMP', 'false', 'WNI', '2025-06-26 07:14:51', '2025-06-26 07:14:51'),
(2417, 'Nasim Permadi', '28', 'Magister', 'false', 'WNA', '2025-06-26 07:14:51', '2025-06-26 07:14:51'),
(2418, 'Danu Saefullah', '43', 'Sarjana', 'false', 'WNA', '2025-06-26 07:14:51', '2025-06-26 07:14:51'),
(2419, 'Gaman Pranowo M.Farm', '35', 'SMP', 'true', 'WNA', '2025-06-26 07:14:51', '2025-06-26 07:14:51'),
(2420, 'Adika Luwes Hidayat', '30', 'SMP', 'false', 'WNI', '2025-06-26 07:14:51', '2025-06-26 07:14:51'),
(2421, 'Emil Garan Napitupulu S.Kom', '35', 'Magister', 'true', 'WNA', '2025-06-26 07:14:51', '2025-06-26 07:14:51'),
(2422, 'Utama Adriansyah S.Ked', '24', 'SMA', 'false', 'WNI', '2025-06-26 07:14:51', '2025-06-26 07:14:51'),
(2423, 'Saka Sitompul', '20', 'Sarjana', 'false', 'WNA', '2025-06-26 07:14:51', '2025-06-26 07:14:51'),
(2424, 'Yusuf Saefullah M.Kom.', '46', 'SMA', 'true', 'WNA', '2025-06-26 07:14:51', '2025-06-26 07:14:51'),
(2425, 'Gamblang Damanik', '50', 'SMP', 'true', 'WNA', '2025-06-26 07:14:51', '2025-06-26 07:14:51'),
(2426, 'Gading Gilang Waluyo S.E.I', '58', 'Magister', 'true', 'WNI', '2025-06-26 07:14:51', '2025-06-26 07:14:51'),
(2427, 'Adhiarja Pradana', '50', 'Diploma', 'true', 'WNA', '2025-06-26 07:14:51', '2025-06-26 07:14:51'),
(2428, 'Gaduh Utama M.Farm', '49', 'SD', 'false', 'WNI', '2025-06-26 07:14:51', '2025-06-26 07:14:51'),
(2429, 'Lutfan Jabal Budiman M.TI.', '26', 'SD', 'true', 'WNA', '2025-06-26 07:14:51', '2025-06-26 07:14:51'),
(2430, 'Adhiarja Jagapati Pangestu', '23', 'Sarjana', 'true', 'WNA', '2025-06-26 07:14:51', '2025-06-26 07:14:51'),
(2431, 'Erik Makuta Januar S.IP', '44', 'SD', 'true', 'WNA', '2025-06-26 07:14:51', '2025-06-26 07:14:51'),
(2432, 'Bambang Habibi M.Kom.', '22', 'Sarjana', 'false', 'WNI', '2025-06-26 07:14:51', '2025-06-26 07:14:51'),
(2433, 'Daru Harjo Dongoran', '33', 'Sarjana', 'true', 'WNA', '2025-06-26 07:14:51', '2025-06-26 07:14:51'),
(2434, 'Ega Anggriawan', '30', 'Diploma', 'false', 'WNI', '2025-06-26 07:14:51', '2025-06-26 07:14:51'),
(2435, 'Hendri Rajata', '45', 'Magister', 'false', 'WNA', '2025-06-26 07:14:51', '2025-06-26 07:14:51'),
(2436, 'Jono Situmorang S.IP', '39', 'SD', 'false', 'WNA', '2025-06-26 07:14:51', '2025-06-26 07:14:51'),
(2437, 'Hartaka Habibi', '46', 'SMA', 'false', 'WNI', '2025-06-26 07:14:51', '2025-06-26 07:14:51'),
(2438, 'Emong Budi Sihotang S.E.I', '57', 'Diploma', 'true', 'WNA', '2025-06-26 07:14:51', '2025-06-26 07:14:51'),
(2439, 'Lega Uwais S.Sos', '27', 'SMA', 'true', 'WNA', '2025-06-26 07:14:51', '2025-06-26 07:14:51'),
(2440, 'Abyasa Mustofa', '23', 'SMA', 'false', 'WNI', '2025-06-26 07:14:51', '2025-06-26 07:14:51'),
(2441, 'Najam Sitorus S.Pd', '30', 'Sarjana', 'true', 'WNI', '2025-06-26 07:14:51', '2025-06-26 07:14:51'),
(2442, 'Kala Megantara', '30', 'SMP', 'false', 'WNA', '2025-06-26 07:14:51', '2025-06-26 07:14:51'),
(2443, 'Edi Hutapea', '33', 'SD', 'true', 'WNI', '2025-06-26 07:14:51', '2025-06-26 07:14:51'),
(2444, 'Daniswara Balangga Sirait M.M.', '60', 'SMP', 'false', 'WNI', '2025-06-26 07:14:51', '2025-06-26 07:14:51'),
(2445, 'Marwata Nugraha Sihombing', '60', 'SMA', 'false', 'WNI', '2025-06-26 07:14:51', '2025-06-26 07:14:51'),
(2446, 'Samsul Hakim', '25', 'SD', 'false', 'WNI', '2025-06-26 07:14:51', '2025-06-26 07:14:51'),
(2447, 'Simon Tasnim Haryanto S.Pd', '25', 'SMP', 'false', 'WNI', '2025-06-26 07:14:51', '2025-06-26 07:14:51'),
(2448, 'Malik Hardiansyah S.Ked', '60', 'SD', 'false', 'WNA', '2025-06-26 07:14:51', '2025-06-26 07:14:51'),
(2449, 'Hardana Januar', '55', 'Sarjana', 'false', 'WNA', '2025-06-26 07:14:51', '2025-06-26 07:14:51'),
(2450, 'Catur Dabukke', '53', 'Diploma', 'false', 'WNA', '2025-06-26 07:14:51', '2025-06-26 07:14:51'),
(2451, 'Tomi Pratama', '42', 'Magister', 'true', 'WNI', '2025-06-26 07:14:51', '2025-06-26 07:14:51'),
(2452, 'Marsudi Napitupulu', '21', 'Magister', 'true', 'WNI', '2025-06-26 07:14:51', '2025-06-26 07:14:51'),
(2453, 'Sabar Putra', '25', 'Magister', 'true', 'WNI', '2025-06-26 07:14:51', '2025-06-26 07:14:51'),
(2454, 'Agus Wahyudin', '27', 'Magister', 'false', 'WNI', '2025-06-26 07:14:51', '2025-06-26 07:14:51'),
(2455, 'Oman Gunawan', '55', 'SD', 'false', 'WNI', '2025-06-26 07:14:51', '2025-06-26 07:14:51'),
(2456, 'Harimurti Napitupulu M.TI.', '27', 'Sarjana', 'false', 'WNI', '2025-06-26 07:14:51', '2025-06-26 07:14:51'),
(2457, 'Emas Raditya Narpati S.Kom', '46', 'SD', 'true', 'WNA', '2025-06-26 07:14:51', '2025-06-26 07:14:51'),
(2458, 'Langgeng Prasetyo', '58', 'Diploma', 'false', 'WNI', '2025-06-26 07:14:51', '2025-06-26 07:14:51'),
(2459, 'Gamani Prima Utama S.Ked', '52', 'Sarjana', 'false', 'WNA', '2025-06-26 07:14:51', '2025-06-26 07:14:51'),
(2460, 'Ganep Utama', '36', 'Diploma', 'true', 'WNA', '2025-06-26 07:14:51', '2025-06-26 07:14:51'),
(2461, 'Yosef Prasetyo M.Pd', '33', 'SMP', 'true', 'WNA', '2025-06-26 07:14:51', '2025-06-26 07:14:51'),
(2462, 'Budi Manullang', '50', 'SMP', 'false', 'WNA', '2025-06-26 07:14:51', '2025-06-26 07:14:51'),
(2463, 'Luhung Nababan', '23', 'Diploma', 'true', 'WNI', '2025-06-26 07:14:51', '2025-06-26 07:14:51'),
(2464, 'Nyoman Thamrin', '48', 'SD', 'false', 'WNA', '2025-06-26 07:14:51', '2025-06-26 07:14:51'),
(2465, 'Galih Kunthara Adriansyah M.M.', '35', 'SD', 'true', 'WNA', '2025-06-26 07:14:51', '2025-06-26 07:14:51'),
(2466, 'Vega Bagiya Napitupulu S.Pd', '60', 'Magister', 'false', 'WNA', '2025-06-26 07:14:51', '2025-06-26 07:14:51'),
(2467, 'Ibrani Kasim Lazuardi', '20', 'SMP', 'true', 'WNI', '2025-06-26 07:14:51', '2025-06-26 07:14:51'),
(2468, 'Marsito Wahyudin', '41', 'Sarjana', 'true', 'WNI', '2025-06-26 07:14:51', '2025-06-26 07:14:51'),
(2469, 'Harimurti Mulyono Megantara', '57', 'SD', 'true', 'WNI', '2025-06-26 07:14:51', '2025-06-26 07:14:51'),
(2470, 'Taufik Lazuardi', '25', 'SMA', 'true', 'WNA', '2025-06-26 07:14:51', '2025-06-26 07:14:51'),
(2471, 'Prabawa Zulkarnain', '30', 'Magister', 'false', 'WNA', '2025-06-26 07:14:51', '2025-06-26 07:14:51'),
(2472, 'Bancar Tamba', '26', 'Diploma', 'false', 'WNI', '2025-06-26 07:14:51', '2025-06-26 07:14:51'),
(2473, 'Edward Jarwadi Saragih', '28', 'SMA', 'false', 'WNI', '2025-06-26 07:14:51', '2025-06-26 07:14:51'),
(2474, 'Jatmiko Karna Simbolon S.Psi', '29', 'SMA', 'false', 'WNI', '2025-06-26 07:14:51', '2025-06-26 07:14:51'),
(2475, 'Kunthara Kajen Siregar S.Ked', '43', 'SD', 'true', 'WNI', '2025-06-26 07:14:51', '2025-06-26 07:14:51'),
(2476, 'Ajiman Sihombing S.Sos', '60', 'Diploma', 'true', 'WNA', '2025-06-26 07:14:51', '2025-06-26 07:14:51');
INSERT INTO `prias` (`id`, `nama`, `usia`, `pendidikan`, `sertif_sucatin`, `kewarganegaraan`, `created_at`, `updated_at`) VALUES
(2477, 'Empluk Arsipatra Anggriawan M.TI.', '41', 'Diploma', 'false', 'WNI', '2025-06-26 07:14:51', '2025-06-26 07:14:51'),
(2478, 'Virman Lazuardi M.Pd', '26', 'Diploma', 'true', 'WNA', '2025-06-26 07:14:51', '2025-06-26 07:14:51'),
(2479, 'Mursita Panji Lazuardi', '20', 'SD', 'false', 'WNA', '2025-06-26 07:14:51', '2025-06-26 07:14:51'),
(2480, 'Kenari Dono Tamba S.Sos', '54', 'SD', 'true', 'WNI', '2025-06-26 07:14:51', '2025-06-26 07:14:51'),
(2481, 'Gamblang Prasetya S.Psi', '33', 'Diploma', 'true', 'WNA', '2025-06-26 07:14:51', '2025-06-26 07:14:51'),
(2482, 'Carub Prayoga S.Sos', '46', 'SMP', 'false', 'WNI', '2025-06-26 07:14:51', '2025-06-26 07:14:51'),
(2483, 'Harjasa Radika Pratama S.IP', '57', 'SD', 'true', 'WNA', '2025-06-26 07:14:51', '2025-06-26 07:14:51'),
(2484, 'Bancar Ganep Ardianto S.IP', '40', 'SMP', 'false', 'WNA', '2025-06-26 07:14:51', '2025-06-26 07:14:51'),
(2485, 'Maryadi Zulkarnain', '53', 'Diploma', 'true', 'WNI', '2025-06-26 07:14:51', '2025-06-26 07:14:51'),
(2486, 'Putu Winarno', '21', 'Magister', 'true', 'WNI', '2025-06-26 07:14:51', '2025-06-26 07:14:51'),
(2487, 'Lukman Salahudin', '43', 'Sarjana', 'false', 'WNI', '2025-06-26 07:14:51', '2025-06-26 07:14:51'),
(2488, 'Rudi Natsir M.Farm', '23', 'SD', 'true', 'WNI', '2025-06-26 07:14:51', '2025-06-26 07:14:51'),
(2489, 'Darmaji Simon Suwarno S.T.', '42', 'SMA', 'false', 'WNA', '2025-06-26 07:14:51', '2025-06-26 07:14:51'),
(2490, 'Cahyo Sinaga', '57', 'SMP', 'true', 'WNI', '2025-06-26 07:14:51', '2025-06-26 07:14:51'),
(2491, 'Wardaya Sitompul', '33', 'SMA', 'true', 'WNA', '2025-06-26 07:14:51', '2025-06-26 07:14:51'),
(2492, 'Anom Aswani Sinaga', '19', 'SMP', 'true', 'WNI', '2025-06-26 07:14:51', '2025-06-26 07:14:51'),
(2493, 'Ganjaran Adinata Hardiansyah', '29', 'Diploma', 'false', 'WNA', '2025-06-26 07:14:51', '2025-06-26 07:14:51'),
(2494, 'Rafid Karna Latupono', '58', 'SD', 'true', 'WNA', '2025-06-26 07:14:51', '2025-06-26 07:14:51'),
(2495, 'Tomi Gatra Mandala S.Sos', '53', 'SMA', 'true', 'WNI', '2025-06-26 07:14:51', '2025-06-26 07:14:51'),
(2496, 'Abyasa Dagel Waluyo', '49', 'SMP', 'true', 'WNA', '2025-06-26 07:14:51', '2025-06-26 07:14:51'),
(2497, 'Dariati Marbun', '19', 'SMA', 'true', 'WNI', '2025-06-26 07:14:51', '2025-06-26 07:14:51'),
(2498, 'Luluh Lazuardi S.Sos', '48', 'Magister', 'true', 'WNI', '2025-06-26 07:14:51', '2025-06-26 07:14:51'),
(2499, 'Lembah Mansur', '56', 'SD', 'false', 'WNA', '2025-06-26 07:14:51', '2025-06-26 07:14:51'),
(2500, 'Gamblang Bahuwarna Sinaga', '58', 'SD', 'false', 'WNA', '2025-06-26 07:14:51', '2025-06-26 07:14:51'),
(2501, 'Jaiman Irsad Wijaya', '44', 'SD', 'true', 'WNA', '2025-06-26 07:14:51', '2025-06-26 07:14:51'),
(2502, 'Najib Taswir Nashiruddin S.H.', '24', 'Magister', 'true', 'WNI', '2025-06-26 07:14:51', '2025-06-26 07:14:51'),
(2503, 'Jayadi Niyaga Damanik S.IP', '46', 'SMA', 'false', 'WNI', '2025-06-26 07:14:51', '2025-06-26 07:14:51'),
(2504, 'Ajiman Najmudin', '30', 'SMP', 'false', 'WNA', '2025-06-26 07:14:51', '2025-06-26 07:14:51'),
(2505, 'Jaya Najmudin S.Pt', '19', 'Magister', 'false', 'WNI', '2025-06-26 07:14:51', '2025-06-26 07:14:51'),
(2506, 'Kariman Putra', '42', 'Magister', 'false', 'WNA', '2025-06-26 07:14:51', '2025-06-26 07:14:51'),
(2507, 'Kamidin Suwarno', '37', 'SD', 'true', 'WNA', '2025-06-26 07:14:51', '2025-06-26 07:14:51'),
(2508, 'Radika Irawan', '26', 'SMP', 'false', 'WNA', '2025-06-26 07:14:51', '2025-06-26 07:14:51'),
(2509, 'Putu Galih Anggriawan S.Farm', '37', 'SMA', 'true', 'WNI', '2025-06-26 07:14:51', '2025-06-26 07:14:51'),
(2510, 'Cecep Rajasa', '49', 'Diploma', 'true', 'WNA', '2025-06-26 07:14:51', '2025-06-26 07:14:51'),
(2511, 'Warsa Thamrin', '37', 'SMP', 'true', 'WNA', '2025-06-26 07:14:51', '2025-06-26 07:14:51'),
(2512, 'Salman Gunarto M.Ak', '33', 'Sarjana', 'true', 'WNA', '2025-06-26 07:14:51', '2025-06-26 07:14:51'),
(2513, 'Gatot Manullang S.Pd', '26', 'Diploma', 'false', 'WNI', '2025-06-26 07:14:51', '2025-06-26 07:14:51'),
(2514, 'Galak Jailani', '41', 'SMP', 'true', 'WNA', '2025-06-26 07:14:51', '2025-06-26 07:14:51'),
(2515, 'Bancar Dagel Simanjuntak S.H.', '47', 'SMP', 'true', 'WNA', '2025-06-26 07:14:51', '2025-06-26 07:14:51'),
(2516, 'Mariadi Wasita S.Farm', '42', 'Sarjana', 'true', 'WNI', '2025-06-26 07:14:51', '2025-06-26 07:14:51'),
(2517, 'Jaga Nashiruddin', '42', 'Diploma', 'false', 'WNI', '2025-06-26 07:14:51', '2025-06-26 07:14:51'),
(2518, 'Galar Mariadi Santoso S.E.I', '32', 'Diploma', 'true', 'WNA', '2025-06-26 07:14:51', '2025-06-26 07:14:51'),
(2519, 'Endra Habibi M.Farm', '50', 'Magister', 'true', 'WNI', '2025-06-26 07:14:51', '2025-06-26 07:14:51'),
(2520, 'Karja Kusuma Lazuardi S.H.', '41', 'SMP', 'false', 'WNA', '2025-06-26 07:14:51', '2025-06-26 07:14:51'),
(2521, 'Ega Luwes Salahudin S.Sos', '40', 'Sarjana', 'false', 'WNI', '2025-06-26 07:14:51', '2025-06-26 07:14:51'),
(2522, 'Halim Habibi S.Pd', '37', 'SD', 'true', 'WNI', '2025-06-26 07:14:51', '2025-06-26 07:14:51'),
(2523, 'Hasim Firgantoro S.E.', '19', 'Magister', 'true', 'WNI', '2025-06-26 07:14:51', '2025-06-26 07:14:51'),
(2524, 'Martana Jayadi Wahyudin S.Pd', '26', 'Sarjana', 'false', 'WNA', '2025-06-26 07:14:51', '2025-06-26 07:14:51'),
(2525, 'Ibrani Prayoga Prasetyo S.H.', '56', 'SMP', 'false', 'WNA', '2025-06-26 07:14:51', '2025-06-26 07:14:51'),
(2526, 'Niyaga Wibisono', '27', 'SD', 'false', 'WNA', '2025-06-26 07:14:51', '2025-06-26 07:14:51'),
(2527, 'Eko Tamba', '29', 'SMP', 'true', 'WNI', '2025-06-26 07:14:51', '2025-06-26 07:14:51'),
(2528, 'Manah Pranowo', '20', 'SMP', 'true', 'WNA', '2025-06-26 07:14:51', '2025-06-26 07:14:51'),
(2529, 'Harjaya Imam Thamrin S.E.I', '25', 'Diploma', 'true', 'WNA', '2025-06-26 07:14:51', '2025-06-26 07:14:51'),
(2530, 'Daru Wasita', '42', 'Diploma', 'false', 'WNI', '2025-06-26 07:14:51', '2025-06-26 07:14:51'),
(2531, 'Baktiadi Manullang', '44', 'Diploma', 'false', 'WNA', '2025-06-26 07:14:51', '2025-06-26 07:14:51'),
(2532, 'Adikara Emas Rajata', '53', 'SMA', 'true', 'WNA', '2025-06-26 07:14:51', '2025-06-26 07:14:51'),
(2533, 'Bala Budiman', '38', 'SMP', 'false', 'WNI', '2025-06-26 07:14:51', '2025-06-26 07:14:51'),
(2534, 'Lasmanto Widodo', '37', 'SMA', 'false', 'WNI', '2025-06-26 07:14:51', '2025-06-26 07:14:51'),
(2535, 'Balapati Nababan', '37', 'Magister', 'false', 'WNI', '2025-06-26 07:14:51', '2025-06-26 07:14:51'),
(2536, 'Agus Santoso', '28', 'Diploma', 'false', 'WNI', '2025-06-26 07:14:51', '2025-06-26 07:14:51'),
(2537, 'Kanda Elvin Uwais M.TI.', '31', 'SMA', 'false', 'WNA', '2025-06-26 07:14:51', '2025-06-26 07:14:51'),
(2538, 'Karna Asmuni Hidayanto', '45', 'SMA', 'true', 'WNA', '2025-06-26 07:14:51', '2025-06-26 07:14:51'),
(2539, 'Prayitna Pratama', '34', 'SD', 'false', 'WNI', '2025-06-26 07:14:51', '2025-06-26 07:14:51'),
(2540, 'Kanda Sirait', '42', 'Sarjana', 'true', 'WNI', '2025-06-26 07:14:51', '2025-06-26 07:14:51'),
(2541, 'Prabu Waluyo', '23', 'Diploma', 'true', 'WNA', '2025-06-26 07:14:51', '2025-06-26 07:14:51'),
(2542, 'Galur Manullang S.Gz', '38', 'SD', 'false', 'WNA', '2025-06-26 07:14:51', '2025-06-26 07:14:51'),
(2543, 'Vero Caket Napitupulu S.Pd', '21', 'Sarjana', 'false', 'WNI', '2025-06-26 07:14:51', '2025-06-26 07:14:51'),
(2544, 'Asmianto Winarno M.Farm', '39', 'Sarjana', 'false', 'WNI', '2025-06-26 07:14:51', '2025-06-26 07:14:51'),
(2545, 'Omar Ramadan', '21', 'SD', 'true', 'WNI', '2025-06-26 07:14:51', '2025-06-26 07:14:51'),
(2546, 'Jagapati Thamrin', '39', 'Magister', 'true', 'WNA', '2025-06-26 07:14:51', '2025-06-26 07:14:51'),
(2547, 'Ibrani Wijaya S.Kom', '43', 'SMP', 'true', 'WNA', '2025-06-26 07:14:51', '2025-06-26 07:14:51'),
(2548, 'Cawuk Haryanto', '22', 'SD', 'false', 'WNA', '2025-06-26 07:14:51', '2025-06-26 07:14:51'),
(2549, 'Capa Pangestu', '35', 'Magister', 'true', 'WNA', '2025-06-26 07:14:51', '2025-06-26 07:14:51'),
(2550, 'Purwadi Danuja Hutapea S.Psi', '34', 'SMP', 'true', 'WNI', '2025-06-26 07:14:51', '2025-06-26 07:14:51'),
(2551, 'Eluh Tamba', '48', 'Diploma', 'false', 'WNI', '2025-06-26 07:14:51', '2025-06-26 07:14:51'),
(2552, 'Kasim Santoso', '20', 'SMA', 'false', 'WNA', '2025-06-26 07:14:51', '2025-06-26 07:14:51'),
(2553, 'Mumpuni Adriansyah', '19', 'SD', 'false', 'WNA', '2025-06-26 07:14:51', '2025-06-26 07:14:51'),
(2554, 'Unggul Kuswoyo', '37', 'SMP', 'true', 'WNA', '2025-06-26 07:14:51', '2025-06-26 07:14:51'),
(2555, 'Mumpuni Prayoga', '27', 'Sarjana', 'true', 'WNI', '2025-06-26 07:14:51', '2025-06-26 07:14:51'),
(2556, 'Umar Samosir S.Ked', '41', 'SMA', 'true', 'WNA', '2025-06-26 07:14:51', '2025-06-26 07:14:51'),
(2557, 'Legawa Thamrin M.Ak', '32', 'SD', 'true', 'WNA', '2025-06-26 07:14:51', '2025-06-26 07:14:51'),
(2558, 'Gatra Wacana', '38', 'Sarjana', 'true', 'WNA', '2025-06-26 07:14:51', '2025-06-26 07:14:51'),
(2559, 'Slamet Simanjuntak S.H.', '39', 'Sarjana', 'true', 'WNI', '2025-06-26 07:14:51', '2025-06-26 07:14:51'),
(2560, 'Balijan Rajasa', '42', 'Sarjana', 'true', 'WNA', '2025-06-26 07:14:51', '2025-06-26 07:14:51'),
(2561, 'Dagel Wacana S.Kom', '42', 'Sarjana', 'true', 'WNI', '2025-06-26 07:14:51', '2025-06-26 07:14:51'),
(2562, 'Kanda Saefullah', '39', 'SMP', 'true', 'WNI', '2025-06-26 07:14:51', '2025-06-26 07:14:51'),
(2563, 'Luluh Prakasa', '37', 'SMP', 'true', 'WNI', '2025-06-26 07:14:51', '2025-06-26 07:14:51'),
(2564, 'Lembah Vega Mangunsong S.Ked', '50', 'SD', 'false', 'WNI', '2025-06-26 07:14:51', '2025-06-26 07:14:51'),
(2565, 'Kasim Dadap Irawan', '24', 'SD', 'true', 'WNI', '2025-06-26 07:14:51', '2025-06-26 07:14:51'),
(2566, 'Reksa Latupono S.Gz', '47', 'SD', 'true', 'WNA', '2025-06-26 07:14:51', '2025-06-26 07:14:51'),
(2567, 'Banawi Purwanto Marbun', '24', 'Sarjana', 'false', 'WNI', '2025-06-26 07:14:51', '2025-06-26 07:14:51'),
(2568, 'Rahmat Dongoran S.I.Kom', '50', 'SD', 'false', 'WNI', '2025-06-26 07:14:51', '2025-06-26 07:14:51'),
(2569, 'Kawaya Prayoga', '40', 'Magister', 'true', 'WNI', '2025-06-26 07:14:51', '2025-06-26 07:14:51'),
(2570, 'Dimas Ardianto', '23', 'SD', 'true', 'WNA', '2025-06-26 07:14:51', '2025-06-26 07:14:51'),
(2571, 'Warta Widodo', '19', 'SMA', 'false', 'WNA', '2025-06-26 07:14:51', '2025-06-26 07:14:51'),
(2572, 'Emin Cemeti Kurniawan', '52', 'SMA', 'false', 'WNI', '2025-06-26 07:14:51', '2025-06-26 07:14:51'),
(2573, 'Prabawa Laswi Prabowo', '36', 'SMP', 'false', 'WNA', '2025-06-26 07:14:51', '2025-06-26 07:14:51'),
(2574, 'Legawa Setiawan S.Pt', '20', 'SD', 'false', 'WNI', '2025-06-26 07:14:51', '2025-06-26 07:14:51'),
(2575, 'Radika Martani Latupono M.Kom.', '48', 'SMP', 'true', 'WNI', '2025-06-26 07:14:51', '2025-06-26 07:14:51'),
(2576, 'Parman Jais Dabukke', '29', 'SMP', 'true', 'WNA', '2025-06-26 07:14:51', '2025-06-26 07:14:51'),
(2577, 'Mahesa Prabawa Rajasa S.E.', '20', 'SD', 'true', 'WNA', '2025-06-26 07:14:51', '2025-06-26 07:14:51'),
(2578, 'Okto Marbun', '35', 'SD', 'false', 'WNA', '2025-06-26 07:14:51', '2025-06-26 07:14:51'),
(2579, 'Kemba Tampubolon', '38', 'Diploma', 'false', 'WNA', '2025-06-26 07:14:51', '2025-06-26 07:14:51'),
(2580, 'Unggul Bakianto Marbun S.Ked', '36', 'Magister', 'true', 'WNI', '2025-06-26 07:14:51', '2025-06-26 07:14:51'),
(2581, 'Eman Santoso', '27', 'Diploma', 'true', 'WNA', '2025-06-26 07:14:51', '2025-06-26 07:14:51'),
(2582, 'Bagya Santoso', '45', 'Magister', 'true', 'WNI', '2025-06-26 07:14:51', '2025-06-26 07:14:51'),
(2583, 'Atma Sabri Sinaga S.Pd', '20', 'Sarjana', 'false', 'WNI', '2025-06-26 07:14:51', '2025-06-26 07:14:51'),
(2584, 'Bagus Budiyanto M.M.', '31', 'SD', 'false', 'WNA', '2025-06-26 07:14:51', '2025-06-26 07:14:51'),
(2585, 'Limar Kadir Marbun', '32', 'Diploma', 'true', 'WNA', '2025-06-26 07:14:51', '2025-06-26 07:14:51'),
(2586, 'Karma Danu Saragih S.Sos', '29', 'SMP', 'true', 'WNA', '2025-06-26 07:14:51', '2025-06-26 07:14:51'),
(2587, 'Najam Iswahyudi S.E.', '48', 'SMA', 'false', 'WNI', '2025-06-26 07:14:51', '2025-06-26 07:14:51'),
(2588, 'Panca Permadi', '47', 'SMP', 'true', 'WNI', '2025-06-26 07:14:51', '2025-06-26 07:14:51'),
(2589, 'Viman Galar Gunarto S.IP', '27', 'Magister', 'true', 'WNA', '2025-06-26 07:14:51', '2025-06-26 07:14:51'),
(2590, 'Catur Jati Prasasta S.T.', '48', 'SMP', 'true', 'WNI', '2025-06-26 07:14:51', '2025-06-26 07:14:51'),
(2591, 'Murti Damanik S.Kom', '59', 'Sarjana', 'true', 'WNI', '2025-06-26 07:14:51', '2025-06-26 07:14:51'),
(2592, 'Jumari Tamba', '20', 'Sarjana', 'false', 'WNI', '2025-06-26 07:14:51', '2025-06-26 07:14:51'),
(2593, 'Purwanto Gunawan', '23', 'Magister', 'false', 'WNA', '2025-06-26 07:14:51', '2025-06-26 07:14:51'),
(2594, 'Limar Wahyudin', '36', 'SMA', 'true', 'WNI', '2025-06-26 07:14:51', '2025-06-26 07:14:51'),
(2595, 'Danu Mangunsong', '29', 'SD', 'true', 'WNI', '2025-06-26 07:14:51', '2025-06-26 07:14:51'),
(2596, 'Agus Saptono S.Kom', '22', 'Sarjana', 'true', 'WNI', '2025-06-26 07:14:51', '2025-06-26 07:14:51'),
(2597, 'Johan Rafi Wahyudin S.H.', '33', 'Diploma', 'true', 'WNA', '2025-06-26 07:14:51', '2025-06-26 07:14:51'),
(2598, 'Dono Tamba S.T.', '30', 'SD', 'false', 'WNA', '2025-06-26 07:14:51', '2025-06-26 07:14:51'),
(2599, 'Sidiq Ramadan S.Pt', '38', 'Magister', 'true', 'WNA', '2025-06-26 07:14:51', '2025-06-26 07:14:51'),
(2600, 'Oman Najmudin M.Pd', '39', 'Magister', 'true', 'WNA', '2025-06-26 07:14:51', '2025-06-26 07:14:51'),
(2601, 'Cahyo Paiman Nashiruddin', '42', 'Sarjana', 'true', 'WNI', '2025-06-26 07:14:51', '2025-06-26 07:14:51'),
(2602, 'Darijan Pradana', '50', 'SMA', 'false', 'WNI', '2025-06-26 07:14:51', '2025-06-26 07:14:51'),
(2603, 'Ikhsan Himawan Lazuardi', '54', 'Sarjana', 'false', 'WNI', '2025-06-26 07:14:51', '2025-06-26 07:14:51'),
(2604, 'Jaswadi Rajasa M.Pd', '19', 'SD', 'false', 'WNA', '2025-06-26 07:14:51', '2025-06-26 07:14:51'),
(2605, 'Lamar Hutagalung M.TI.', '40', 'Diploma', 'false', 'WNA', '2025-06-26 07:14:51', '2025-06-26 07:14:51'),
(2606, 'Kasim Nyoman Saragih', '33', 'SMA', 'false', 'WNI', '2025-06-26 07:14:51', '2025-06-26 07:14:51'),
(2607, 'Rahman Haryanto', '41', 'Magister', 'true', 'WNA', '2025-06-26 07:14:51', '2025-06-26 07:14:51'),
(2608, 'Bahuraksa Gatra Prayoga', '21', 'Sarjana', 'false', 'WNA', '2025-06-26 07:14:51', '2025-06-26 07:14:51'),
(2609, 'Edi Nasim Sirait S.Sos', '36', 'SMP', 'true', 'WNI', '2025-06-26 07:14:51', '2025-06-26 07:14:51'),
(2610, 'Kenzie Marbun', '56', 'SD', 'false', 'WNA', '2025-06-26 07:14:51', '2025-06-26 07:14:51'),
(2611, 'Makuta Koko Rajata', '44', 'SD', 'true', 'WNA', '2025-06-26 07:14:51', '2025-06-26 07:14:51'),
(2612, 'Rusman Sinaga', '35', 'Sarjana', 'false', 'WNA', '2025-06-26 07:14:51', '2025-06-26 07:14:51'),
(2613, 'Kawaca Mulyono Damanik S.E.', '49', 'SD', 'false', 'WNA', '2025-06-26 07:14:51', '2025-06-26 07:14:51'),
(2614, 'Nalar Winarno', '50', 'SMP', 'true', 'WNA', '2025-06-26 07:14:51', '2025-06-26 07:14:51'),
(2615, 'Putu Pangestu', '41', 'SMA', 'true', 'WNI', '2025-06-26 07:14:51', '2025-06-26 07:14:51'),
(2616, 'Paiman Warji Jailani', '58', 'Diploma', 'true', 'WNA', '2025-06-26 07:14:51', '2025-06-26 07:14:51'),
(2617, 'Lanang Saragih', '33', 'Diploma', 'false', 'WNA', '2025-06-26 07:14:51', '2025-06-26 07:14:51'),
(2618, 'Okto Sihombing', '50', 'Sarjana', 'false', 'WNA', '2025-06-26 07:14:51', '2025-06-26 07:14:51'),
(2619, 'Okta Gambira Zulkarnain S.Sos', '52', 'SD', 'false', 'WNA', '2025-06-26 07:14:51', '2025-06-26 07:14:51'),
(2620, 'Dadap Prasasta', '37', 'SMA', 'false', 'WNA', '2025-06-26 07:14:51', '2025-06-26 07:14:51'),
(2621, 'Nasim Jailani', '20', 'SMP', 'false', 'WNI', '2025-06-26 07:14:51', '2025-06-26 07:14:51'),
(2622, 'Gangsar Asmuni Ramadan S.Psi', '36', 'SMA', 'true', 'WNA', '2025-06-26 07:14:51', '2025-06-26 07:14:51'),
(2623, 'Margana Pranowo', '56', 'SMA', 'false', 'WNA', '2025-06-26 07:14:51', '2025-06-26 07:14:51'),
(2624, 'Purwanto Prayitna Thamrin S.H.', '60', 'SMA', 'false', 'WNA', '2025-06-26 07:14:51', '2025-06-26 07:14:51'),
(2625, 'Cawisadi Cemeti Wasita', '59', 'Diploma', 'true', 'WNA', '2025-06-26 07:14:51', '2025-06-26 07:14:51'),
(2626, 'Galiono Jailani', '42', 'SD', 'false', 'WNA', '2025-06-26 07:14:51', '2025-06-26 07:14:51'),
(2627, 'Eman Adriansyah', '43', 'Magister', 'true', 'WNA', '2025-06-26 07:14:51', '2025-06-26 07:14:51'),
(2628, 'Danang Natsir', '29', 'Magister', 'true', 'WNA', '2025-06-26 07:14:51', '2025-06-26 07:14:51'),
(2629, 'Ega Salahudin S.IP', '39', 'Diploma', 'true', 'WNA', '2025-06-26 07:14:51', '2025-06-26 07:14:51'),
(2630, 'Cagak Wacana', '60', 'SD', 'true', 'WNA', '2025-06-26 07:14:51', '2025-06-26 07:14:51'),
(2631, 'Edi Halim', '26', 'Magister', 'false', 'WNA', '2025-06-26 07:14:51', '2025-06-26 07:14:51'),
(2632, 'Purwa Sitompul', '25', 'Magister', 'false', 'WNA', '2025-06-26 07:14:51', '2025-06-26 07:14:51'),
(2633, 'Jamil Mariadi Santoso', '56', 'SD', 'false', 'WNI', '2025-06-26 07:14:51', '2025-06-26 07:14:51'),
(2634, 'Muni Prasetya Saragih S.I.Kom', '23', 'SMP', 'false', 'WNA', '2025-06-26 07:14:51', '2025-06-26 07:14:51'),
(2635, 'Cakrabuana Hardiansyah', '40', 'SMA', 'false', 'WNA', '2025-06-26 07:14:51', '2025-06-26 07:14:51'),
(2636, 'Jasmani Zulkarnain', '35', 'Sarjana', 'true', 'WNA', '2025-06-26 07:14:51', '2025-06-26 07:14:51'),
(2637, 'Candrakanta Cawisadi Wasita', '25', 'Diploma', 'false', 'WNI', '2025-06-26 07:14:51', '2025-06-26 07:14:51'),
(2638, 'Bagya Viktor Thamrin', '43', 'SMP', 'false', 'WNA', '2025-06-26 07:14:51', '2025-06-26 07:14:51'),
(2639, 'Bala Wahyudin M.Kom.', '58', 'SD', 'false', 'WNA', '2025-06-26 07:14:51', '2025-06-26 07:14:51'),
(2640, 'Wadi Wijaya', '23', 'SMA', 'false', 'WNI', '2025-06-26 07:14:51', '2025-06-26 07:14:51'),
(2641, 'Rosman Jindra Pranowo S.Ked', '38', 'Diploma', 'false', 'WNI', '2025-06-26 07:14:51', '2025-06-26 07:14:51'),
(2642, 'Tedi Widodo', '21', 'Sarjana', 'true', 'WNI', '2025-06-26 07:14:51', '2025-06-26 07:14:51'),
(2643, 'Rahmat Wakiman Siregar', '31', 'Diploma', 'false', 'WNI', '2025-06-26 07:14:51', '2025-06-26 07:14:51'),
(2644, 'Martani Adikara Adriansyah', '41', 'SMP', 'true', 'WNA', '2025-06-26 07:14:51', '2025-06-26 07:14:51'),
(2645, 'Najib Prabowo S.T.', '40', 'SMP', 'true', 'WNA', '2025-06-26 07:14:51', '2025-06-26 07:14:51'),
(2646, 'Gatot Hasta Ramadan M.Pd', '58', 'SD', 'false', 'WNA', '2025-06-26 07:14:51', '2025-06-26 07:14:51'),
(2647, 'Xanana Timbul Napitupulu', '48', 'Diploma', 'false', 'WNA', '2025-06-26 07:14:51', '2025-06-26 07:14:51'),
(2648, 'Gandewa Anggriawan', '28', 'SMP', 'true', 'WNA', '2025-06-26 07:14:51', '2025-06-26 07:14:51'),
(2649, 'Harjo Sihotang', '24', 'Sarjana', 'false', 'WNI', '2025-06-26 07:14:51', '2025-06-26 07:14:51'),
(2650, 'Mahfud Nababan', '38', 'SD', 'true', 'WNI', '2025-06-26 07:14:51', '2025-06-26 07:14:51'),
(2651, 'Hasta Baktianto Nainggolan', '46', 'Diploma', 'false', 'WNI', '2025-06-26 07:14:51', '2025-06-26 07:14:51'),
(2652, 'Dartono Damanik S.Kom', '47', 'Magister', 'true', 'WNA', '2025-06-26 07:14:51', '2025-06-26 07:14:51'),
(2653, 'Mahfud Adinata Zulkarnain', '39', 'SD', 'true', 'WNI', '2025-06-26 07:14:51', '2025-06-26 07:14:51'),
(2654, 'Cengkal Budiyanto', '57', 'SD', 'true', 'WNI', '2025-06-26 07:14:51', '2025-06-26 07:14:51'),
(2655, 'Nasim Maryadi', '32', 'Sarjana', 'true', 'WNI', '2025-06-26 07:14:51', '2025-06-26 07:14:51'),
(2656, 'Darmaji Sitorus M.M.', '56', 'SD', 'true', 'WNI', '2025-06-26 07:14:51', '2025-06-26 07:14:51'),
(2657, 'Panji Sidiq Hutagalung', '20', 'SMA', 'false', 'WNI', '2025-06-26 07:14:51', '2025-06-26 07:14:51'),
(2658, 'Mahdi Timbul Saptono S.Kom', '42', 'SMA', 'false', 'WNA', '2025-06-26 07:14:51', '2025-06-26 07:14:51'),
(2659, 'Lanjar Tampubolon S.Ked', '21', 'SMA', 'true', 'WNA', '2025-06-26 07:14:51', '2025-06-26 07:14:51'),
(2660, 'Uda Jagapati Rajata', '36', 'Diploma', 'true', 'WNI', '2025-06-26 07:14:51', '2025-06-26 07:14:51'),
(2661, 'Luwes Wasita S.H.', '29', 'Sarjana', 'false', 'WNA', '2025-06-26 07:14:51', '2025-06-26 07:14:51'),
(2662, 'Tedi Nyoman Mangunsong S.Kom', '26', 'SMP', 'true', 'WNI', '2025-06-26 07:14:51', '2025-06-26 07:14:51'),
(2663, 'Makara Wadi Sitompul S.Pt', '56', 'Diploma', 'false', 'WNI', '2025-06-26 07:14:51', '2025-06-26 07:14:51'),
(2664, 'Nyoman Marsito Prakasa S.Pt', '31', 'Diploma', 'true', 'WNI', '2025-06-26 07:14:51', '2025-06-26 07:14:51'),
(2665, 'Wakiman Hutasoit S.Pt', '59', 'Diploma', 'true', 'WNI', '2025-06-26 07:14:51', '2025-06-26 07:14:51'),
(2666, 'Gatra Sihombing', '21', 'SD', 'true', 'WNA', '2025-06-26 07:14:51', '2025-06-26 07:14:51'),
(2667, 'Respati Samosir', '41', 'SMP', 'true', 'WNI', '2025-06-26 07:14:51', '2025-06-26 07:14:51'),
(2668, 'Galak Waskita S.Sos', '26', 'Sarjana', 'true', 'WNA', '2025-06-26 07:14:51', '2025-06-26 07:14:51'),
(2669, 'Adinata Kenzie Hardiansyah S.Sos', '29', 'Diploma', 'false', 'WNI', '2025-06-26 07:14:51', '2025-06-26 07:14:51'),
(2670, 'Kambali Panca Prasasta M.Kom.', '54', 'Sarjana', 'true', 'WNI', '2025-06-26 07:14:51', '2025-06-26 07:14:51'),
(2671, 'Cakrabirawa Natsir', '40', 'Diploma', 'true', 'WNA', '2025-06-26 07:14:51', '2025-06-26 07:14:51'),
(2672, 'Artawan Narpati', '21', 'Magister', 'true', 'WNA', '2025-06-26 07:14:51', '2025-06-26 07:14:51'),
(2673, 'Pranawa Halim', '45', 'SMP', 'true', 'WNI', '2025-06-26 07:14:51', '2025-06-26 07:14:51'),
(2674, 'Eluh Kurniawan', '47', 'Sarjana', 'false', 'WNA', '2025-06-26 07:14:51', '2025-06-26 07:14:51'),
(2675, 'Prasetyo Mangunsong', '57', 'SMP', 'true', 'WNI', '2025-06-26 07:14:51', '2025-06-26 07:14:51'),
(2676, 'Imam Emas Wibisono S.E.I', '42', 'SMA', 'false', 'WNA', '2025-06-26 07:14:51', '2025-06-26 07:14:51'),
(2677, 'Cakrawala Mulyono Nababan S.E.I', '25', 'Sarjana', 'true', 'WNI', '2025-06-26 07:14:51', '2025-06-26 07:14:51'),
(2678, 'Darmana Imam Waluyo', '23', 'Diploma', 'false', 'WNI', '2025-06-26 07:14:51', '2025-06-26 07:14:51'),
(2679, 'Cawisono Pranata Situmorang S.Pt', '20', 'Diploma', 'true', 'WNI', '2025-06-26 07:14:51', '2025-06-26 07:14:51'),
(2680, 'Rangga Prasetyo S.H.', '29', 'SMP', 'true', 'WNA', '2025-06-26 07:14:51', '2025-06-26 07:14:51'),
(2681, 'Yono Sitorus', '21', 'Sarjana', 'false', 'WNA', '2025-06-26 07:14:51', '2025-06-26 07:14:51'),
(2682, 'Lega Nababan', '33', 'Magister', 'false', 'WNA', '2025-06-26 07:14:51', '2025-06-26 07:14:51'),
(2683, 'Johan Anggriawan', '42', 'Diploma', 'true', 'WNI', '2025-06-26 07:14:51', '2025-06-26 07:14:51'),
(2684, 'Tomi Prabowo', '58', 'SMA', 'true', 'WNA', '2025-06-26 07:14:51', '2025-06-26 07:14:51'),
(2685, 'Ikhsan Cawisadi Situmorang', '34', 'Diploma', 'true', 'WNI', '2025-06-26 07:14:51', '2025-06-26 07:14:51'),
(2686, 'Murti Gangsar Haryanto', '34', 'Diploma', 'true', 'WNA', '2025-06-26 07:14:51', '2025-06-26 07:14:51'),
(2687, 'Capa Cakrabirawa Damanik S.Kom', '43', 'SMA', 'false', 'WNI', '2025-06-26 07:14:51', '2025-06-26 07:14:51'),
(2688, 'Gatot Hidayanto', '39', 'SMP', 'true', 'WNI', '2025-06-26 07:14:51', '2025-06-26 07:14:51'),
(2689, 'Kunthara Suryono', '58', 'SD', 'false', 'WNA', '2025-06-26 07:14:51', '2025-06-26 07:14:51'),
(2690, 'Najib Kurniawan S.Gz', '26', 'SD', 'true', 'WNI', '2025-06-26 07:14:51', '2025-06-26 07:14:51'),
(2691, 'Opung Mansur', '29', 'Magister', 'true', 'WNI', '2025-06-26 07:14:51', '2025-06-26 07:14:51'),
(2692, 'Gaman Jailani', '33', 'SMA', 'true', 'WNA', '2025-06-26 07:14:51', '2025-06-26 07:14:51'),
(2693, 'Purwanto Jefri Hidayanto', '36', 'Sarjana', 'false', 'WNA', '2025-06-26 07:14:51', '2025-06-26 07:14:51'),
(2694, 'Dagel Nababan', '37', 'SMP', 'false', 'WNI', '2025-06-26 07:14:51', '2025-06-26 07:14:51'),
(2695, 'Viman Kamidin Sirait M.Ak', '38', 'Sarjana', 'false', 'WNA', '2025-06-26 07:14:51', '2025-06-26 07:14:51'),
(2696, 'Capa Maulana S.IP', '50', 'SMP', 'false', 'WNI', '2025-06-26 07:14:51', '2025-06-26 07:14:51'),
(2697, 'Mumpuni Maryadi S.Pt', '37', 'Diploma', 'true', 'WNI', '2025-06-26 07:14:51', '2025-06-26 07:14:51'),
(2698, 'Lantar Baktianto Iswahyudi', '29', 'Diploma', 'true', 'WNA', '2025-06-26 07:14:51', '2025-06-26 07:14:51'),
(2699, 'Karsa Suryono M.M.', '41', 'Sarjana', 'true', 'WNA', '2025-06-26 07:14:51', '2025-06-26 07:14:51'),
(2700, 'Balijan Pranowo', '22', 'SMP', 'false', 'WNI', '2025-06-26 07:14:51', '2025-06-26 07:14:51'),
(2701, 'Hasan Kamidin Hidayat S.Sos', '59', 'SMP', 'true', 'WNA', '2025-06-26 07:14:51', '2025-06-26 07:14:51'),
(2702, 'Prasetyo Ghani Saptono S.Psi', '31', 'Diploma', 'false', 'WNA', '2025-06-26 07:14:51', '2025-06-26 07:14:51'),
(2703, 'Ghani Hardiansyah M.Farm', '30', 'SMP', 'true', 'WNI', '2025-06-26 07:14:51', '2025-06-26 07:14:51'),
(2704, 'Teddy Ihsan Uwais S.H.', '49', 'Diploma', 'false', 'WNI', '2025-06-26 07:14:51', '2025-06-26 07:14:51'),
(2705, 'Eman Wahyudin M.Farm', '53', 'SD', 'false', 'WNI', '2025-06-26 07:14:51', '2025-06-26 07:14:51'),
(2706, 'Laswi Hutasoit', '56', 'SMA', 'false', 'WNA', '2025-06-26 07:14:51', '2025-06-26 07:14:51'),
(2707, 'Gandi Hairyanto Maheswara', '29', 'Sarjana', 'false', 'WNA', '2025-06-26 07:14:51', '2025-06-26 07:14:51'),
(2708, 'Bakiono Nugroho S.Gz', '40', 'SD', 'false', 'WNA', '2025-06-26 07:14:51', '2025-06-26 07:14:51'),
(2709, 'Karja Wacana', '44', 'Diploma', 'true', 'WNA', '2025-06-26 07:14:51', '2025-06-26 07:14:51'),
(2710, 'Paiman Nasrullah Adriansyah S.Pd', '29', 'SMP', 'false', 'WNI', '2025-06-26 07:14:51', '2025-06-26 07:14:51'),
(2711, 'Mahdi Saptono', '28', 'Sarjana', 'true', 'WNA', '2025-06-26 07:14:51', '2025-06-26 07:14:51'),
(2712, 'Kasusra Sihombing', '41', 'SMP', 'true', 'WNA', '2025-06-26 07:14:51', '2025-06-26 07:14:51'),
(2713, 'Putu Lazuardi', '27', 'SD', 'false', 'WNI', '2025-06-26 07:14:51', '2025-06-26 07:14:51'),
(2714, 'Gamani Situmorang', '26', 'Magister', 'false', 'WNI', '2025-06-26 07:14:51', '2025-06-26 07:14:51'),
(2715, 'Gambira Wahyudin S.Farm', '26', 'Magister', 'false', 'WNA', '2025-06-26 07:14:51', '2025-06-26 07:14:51'),
(2716, 'Umaya Wibisono', '34', 'Magister', 'false', 'WNI', '2025-06-26 07:14:51', '2025-06-26 07:14:51'),
(2717, 'Raditya Setiawan S.Pt', '35', 'Diploma', 'false', 'WNA', '2025-06-26 07:14:51', '2025-06-26 07:14:51'),
(2718, 'Asirwada Jinawi Situmorang', '54', 'Sarjana', 'false', 'WNA', '2025-06-26 07:14:51', '2025-06-26 07:14:51'),
(2719, 'Edison Siregar', '21', 'SD', 'false', 'WNA', '2025-06-26 07:14:51', '2025-06-26 07:14:51'),
(2720, 'Emas Sitorus', '57', 'Diploma', 'false', 'WNA', '2025-06-26 07:14:51', '2025-06-26 07:14:51'),
(2721, 'Eja Megantara', '34', 'Diploma', 'true', 'WNA', '2025-06-26 07:14:51', '2025-06-26 07:14:51'),
(2722, 'Emong Wahyu Wasita', '55', 'Magister', 'false', 'WNI', '2025-06-26 07:14:51', '2025-06-26 07:14:51'),
(2723, 'Cawisadi Budiyanto S.E.I', '22', 'SMA', 'true', 'WNI', '2025-06-26 07:14:51', '2025-06-26 07:14:51'),
(2724, 'Jumari Sitorus', '58', 'Diploma', 'false', 'WNA', '2025-06-26 07:14:51', '2025-06-26 07:14:51'),
(2725, 'Empluk Habibi M.TI.', '42', 'Magister', 'false', 'WNA', '2025-06-26 07:14:51', '2025-06-26 07:14:51'),
(2726, 'Unggul Pranowo S.Sos', '44', 'Sarjana', 'false', 'WNI', '2025-06-26 07:14:51', '2025-06-26 07:14:51'),
(2727, 'Tugiman Wasita', '41', 'Sarjana', 'false', 'WNI', '2025-06-26 07:14:51', '2025-06-26 07:14:51'),
(2728, 'Ajiman Prasetyo', '20', 'Diploma', 'false', 'WNI', '2025-06-26 07:14:51', '2025-06-26 07:14:51'),
(2729, 'Bancar Kayun Manullang', '27', 'Diploma', 'false', 'WNA', '2025-06-26 07:14:51', '2025-06-26 07:14:51'),
(2730, 'Luis Karya Situmorang S.Farm', '23', 'SMP', 'false', 'WNI', '2025-06-26 07:14:51', '2025-06-26 07:14:51'),
(2731, 'Galak Hutapea', '39', 'SD', 'false', 'WNA', '2025-06-26 07:14:51', '2025-06-26 07:14:51'),
(2732, 'Ian Wahyudin', '30', 'Diploma', 'true', 'WNA', '2025-06-26 07:14:51', '2025-06-26 07:14:51'),
(2733, 'Purwadi Warsita Widodo', '45', 'Diploma', 'false', 'WNI', '2025-06-26 07:14:51', '2025-06-26 07:14:51'),
(2734, 'Leo Kanda Uwais S.Pd', '54', 'SD', 'false', 'WNA', '2025-06-26 07:14:51', '2025-06-26 07:14:51'),
(2735, 'Banawi Januar', '50', 'SMA', 'true', 'WNA', '2025-06-26 07:14:51', '2025-06-26 07:14:51'),
(2736, 'Rafi Tampubolon', '43', 'SMP', 'false', 'WNI', '2025-06-26 07:14:51', '2025-06-26 07:14:51'),
(2737, 'Irwan Nainggolan', '57', 'SD', 'true', 'WNI', '2025-06-26 07:14:51', '2025-06-26 07:14:51'),
(2738, 'Danang Heru Suwarno', '23', 'Sarjana', 'false', 'WNA', '2025-06-26 07:14:51', '2025-06-26 07:14:51'),
(2739, 'Dimas Salman Salahudin', '30', 'Diploma', 'true', 'WNI', '2025-06-26 07:14:51', '2025-06-26 07:14:51'),
(2740, 'Gamanto Firmansyah', '56', 'Sarjana', 'false', 'WNI', '2025-06-26 07:14:51', '2025-06-26 07:14:51'),
(2741, 'Kacung Ardianto S.I.Kom', '37', 'SD', 'false', 'WNA', '2025-06-26 07:14:51', '2025-06-26 07:14:51'),
(2742, 'Elvin Damanik', '60', 'Magister', 'true', 'WNI', '2025-06-26 07:14:51', '2025-06-26 07:14:51'),
(2743, 'Kayun Damanik', '19', 'SMP', 'false', 'WNI', '2025-06-26 07:14:51', '2025-06-26 07:14:51'),
(2744, 'Elon Gamanto Napitupulu', '47', 'SMA', 'false', 'WNA', '2025-06-26 07:14:51', '2025-06-26 07:14:51'),
(2745, 'Manah Kasusra Maulana S.Ked', '54', 'Sarjana', 'true', 'WNI', '2025-06-26 07:14:51', '2025-06-26 07:14:51'),
(2746, 'Nasim Anggriawan', '21', 'Diploma', 'true', 'WNA', '2025-06-26 07:14:51', '2025-06-26 07:14:51'),
(2747, 'Hamzah Widodo', '22', 'Diploma', 'false', 'WNI', '2025-06-26 07:14:51', '2025-06-26 07:14:51'),
(2748, 'Cagak Sabri Firmansyah M.Pd', '52', 'SD', 'false', 'WNI', '2025-06-26 07:14:51', '2025-06-26 07:14:51'),
(2749, 'Teddy Anggriawan S.Pd', '33', 'Magister', 'true', 'WNA', '2025-06-26 07:14:51', '2025-06-26 07:14:51'),
(2750, 'Emil Nababan M.TI.', '29', 'Magister', 'true', 'WNA', '2025-06-26 07:14:51', '2025-06-26 07:14:51'),
(2751, 'Muni Mulya Simbolon M.Ak', '20', 'Diploma', 'true', 'WNI', '2025-06-26 07:14:51', '2025-06-26 07:14:51'),
(2752, 'Kacung Tarihoran', '54', 'Magister', 'false', 'WNA', '2025-06-26 07:14:51', '2025-06-26 07:14:51'),
(2753, 'Prabowo Mulyono Firmansyah S.IP', '27', 'Magister', 'false', 'WNA', '2025-06-26 07:14:51', '2025-06-26 07:14:51'),
(2754, 'Kadir Asirwanda Ardianto S.Farm', '27', 'SD', 'false', 'WNI', '2025-06-26 07:14:51', '2025-06-26 07:14:51'),
(2755, 'Okta Kusumo', '41', 'SMA', 'false', 'WNI', '2025-06-26 07:14:52', '2025-06-26 07:14:52'),
(2756, 'Kurnia Vega Hidayat', '46', 'Diploma', 'true', 'WNI', '2025-06-26 07:14:52', '2025-06-26 07:14:52'),
(2757, 'Cager Nainggolan', '41', 'Sarjana', 'false', 'WNI', '2025-06-26 07:14:52', '2025-06-26 07:14:52'),
(2758, 'Arsipatra Limar Najmudin S.E.', '43', 'Sarjana', 'true', 'WNI', '2025-06-26 07:14:52', '2025-06-26 07:14:52'),
(2759, 'Nyoman Uwais', '30', 'SD', 'false', 'WNI', '2025-06-26 07:14:52', '2025-06-26 07:14:52'),
(2760, 'Prakosa Raihan Pangestu M.M.', '55', 'SD', 'true', 'WNA', '2025-06-26 07:14:52', '2025-06-26 07:14:52'),
(2761, 'Baktiadi Budiyanto', '20', 'Magister', 'true', 'WNI', '2025-06-26 07:14:52', '2025-06-26 07:14:52'),
(2762, 'Saadat Prakasa S.Gz', '21', 'SMA', 'false', 'WNA', '2025-06-26 07:14:52', '2025-06-26 07:14:52'),
(2763, 'Taufan Napitupulu', '25', 'Magister', 'true', 'WNA', '2025-06-26 07:14:52', '2025-06-26 07:14:52'),
(2764, 'Tirtayasa Pranowo M.Ak', '31', 'Sarjana', 'true', 'WNA', '2025-06-26 07:14:52', '2025-06-26 07:14:52'),
(2765, 'Balijan Haryanto S.E.I', '52', 'SMP', 'false', 'WNI', '2025-06-26 07:14:52', '2025-06-26 07:14:52'),
(2766, 'Prima Uwais', '47', 'SMA', 'false', 'WNA', '2025-06-26 07:14:52', '2025-06-26 07:14:52'),
(2767, 'Jaeman Napitupulu', '46', 'Sarjana', 'false', 'WNI', '2025-06-26 07:14:52', '2025-06-26 07:14:52'),
(2768, 'Martani Wijaya', '51', 'Diploma', 'true', 'WNA', '2025-06-26 07:14:52', '2025-06-26 07:14:52'),
(2769, 'Raden Dongoran', '46', 'Diploma', 'false', 'WNA', '2025-06-26 07:14:52', '2025-06-26 07:14:52'),
(2770, 'Umar Nugroho', '45', 'Magister', 'true', 'WNA', '2025-06-26 07:14:52', '2025-06-26 07:14:52'),
(2771, 'Wira Mansur', '22', 'SMA', 'true', 'WNA', '2025-06-26 07:14:52', '2025-06-26 07:14:52'),
(2772, 'Empluk Manullang S.Pd', '25', 'SMP', 'true', 'WNI', '2025-06-26 07:14:52', '2025-06-26 07:14:52'),
(2773, 'Danuja Anggriawan M.Kom.', '51', 'Magister', 'false', 'WNI', '2025-06-26 07:14:52', '2025-06-26 07:14:52'),
(2774, 'Aswani Galur Dabukke', '35', 'SMP', 'true', 'WNI', '2025-06-26 07:14:52', '2025-06-26 07:14:52'),
(2775, 'Cawuk Hutagalung', '23', 'Magister', 'false', 'WNI', '2025-06-26 07:14:52', '2025-06-26 07:14:52'),
(2776, 'Drajat Kurniawan', '57', 'Diploma', 'false', 'WNA', '2025-06-26 07:14:52', '2025-06-26 07:14:52'),
(2777, 'Harsanto Wasita', '25', 'Diploma', 'true', 'WNA', '2025-06-26 07:14:52', '2025-06-26 07:14:52'),
(2778, 'Kanda Siregar', '31', 'Sarjana', 'true', 'WNI', '2025-06-26 07:14:52', '2025-06-26 07:14:52'),
(2779, 'Kalim Dongoran S.E.', '58', 'Magister', 'true', 'WNI', '2025-06-26 07:14:52', '2025-06-26 07:14:52'),
(2780, 'Bahuwarna Kurnia Santoso S.Kom', '35', 'Magister', 'true', 'WNI', '2025-06-26 07:14:52', '2025-06-26 07:14:52'),
(2781, 'Danu Tampubolon', '25', 'Diploma', 'false', 'WNA', '2025-06-26 07:14:52', '2025-06-26 07:14:52'),
(2782, 'Dimas Hairyanto Sihombing M.Ak', '33', 'Magister', 'true', 'WNI', '2025-06-26 07:14:52', '2025-06-26 07:14:52'),
(2783, 'Koko Prasasta', '50', 'Diploma', 'false', 'WNI', '2025-06-26 07:14:52', '2025-06-26 07:14:52'),
(2784, 'Bahuraksa Jefri Hidayat S.H.', '53', 'SMP', 'true', 'WNA', '2025-06-26 07:14:52', '2025-06-26 07:14:52'),
(2785, 'Maryadi Firgantoro S.T.', '26', 'Sarjana', 'true', 'WNI', '2025-06-26 07:14:52', '2025-06-26 07:14:52'),
(2786, 'Oskar Sitompul', '32', 'Diploma', 'true', 'WNI', '2025-06-26 07:14:52', '2025-06-26 07:14:52'),
(2787, 'Tri Taufan Dongoran', '22', 'SD', 'false', 'WNA', '2025-06-26 07:14:52', '2025-06-26 07:14:52'),
(2788, 'Danu Asmadi Prakasa', '45', 'SD', 'false', 'WNI', '2025-06-26 07:14:52', '2025-06-26 07:14:52'),
(2789, 'Edward Gamanto Mansur', '57', 'SMA', 'true', 'WNI', '2025-06-26 07:14:52', '2025-06-26 07:14:52'),
(2790, 'Balangga Dasa Marbun', '48', 'SMA', 'false', 'WNA', '2025-06-26 07:14:52', '2025-06-26 07:14:52'),
(2791, 'Yusuf Najmudin S.H.', '35', 'SD', 'false', 'WNA', '2025-06-26 07:14:52', '2025-06-26 07:14:52'),
(2792, 'Soleh Dongoran', '23', 'SMP', 'true', 'WNI', '2025-06-26 07:14:52', '2025-06-26 07:14:52'),
(2793, 'Tirtayasa Firmansyah', '32', 'SD', 'false', 'WNA', '2025-06-26 07:14:52', '2025-06-26 07:14:52'),
(2794, 'Bagas Garang Prayoga', '46', 'Magister', 'true', 'WNI', '2025-06-26 07:14:52', '2025-06-26 07:14:52'),
(2795, 'Gada Thamrin M.Farm', '20', 'Magister', 'true', 'WNA', '2025-06-26 07:14:52', '2025-06-26 07:14:52'),
(2796, 'Yoga Imam Hidayanto M.M.', '59', 'Sarjana', 'true', 'WNI', '2025-06-26 07:14:52', '2025-06-26 07:14:52'),
(2797, 'Langgeng Kasim Pratama S.Farm', '25', 'SMA', 'false', 'WNI', '2025-06-26 07:14:52', '2025-06-26 07:14:52'),
(2798, 'Mustika Danang Halim S.Kom', '54', 'Diploma', 'true', 'WNA', '2025-06-26 07:14:52', '2025-06-26 07:14:52'),
(2799, 'Ihsan Ardianto M.Farm', '32', 'SMA', 'false', 'WNA', '2025-06-26 07:14:52', '2025-06-26 07:14:52'),
(2800, 'Purwa Prasetya M.Kom.', '21', 'SMA', 'false', 'WNI', '2025-06-26 07:14:52', '2025-06-26 07:14:52'),
(2801, 'Caturangga Maryanto Suryono S.I.Kom', '47', 'SD', 'true', 'WNA', '2025-06-26 07:14:52', '2025-06-26 07:14:52'),
(2802, 'Argono Siregar', '58', 'Diploma', 'false', 'WNI', '2025-06-26 07:14:52', '2025-06-26 07:14:52'),
(2803, 'Gamanto Wibowo', '49', 'SD', 'true', 'WNI', '2025-06-26 07:14:52', '2025-06-26 07:14:52'),
(2804, 'Balapati Sabri Megantara', '29', 'Sarjana', 'true', 'WNI', '2025-06-26 07:14:52', '2025-06-26 07:14:52'),
(2805, 'Daryani Dongoran', '24', 'Diploma', 'true', 'WNA', '2025-06-26 07:14:52', '2025-06-26 07:14:52'),
(2806, 'Wira Nashiruddin M.Farm', '48', 'Magister', 'false', 'WNI', '2025-06-26 07:14:52', '2025-06-26 07:14:52'),
(2807, 'Karna Lantar Sihombing M.Kom.', '53', 'Magister', 'false', 'WNA', '2025-06-26 07:14:52', '2025-06-26 07:14:52'),
(2808, 'Bakiadi Ramadan', '34', 'SD', 'false', 'WNI', '2025-06-26 07:14:52', '2025-06-26 07:14:52'),
(2809, 'Karja Nyoman Jailani S.E.I', '53', 'Diploma', 'false', 'WNI', '2025-06-26 07:14:52', '2025-06-26 07:14:52'),
(2810, 'Cahyadi Budiman M.Kom.', '30', 'Diploma', 'false', 'WNA', '2025-06-26 07:14:52', '2025-06-26 07:14:52'),
(2811, 'Mustika Nugroho', '23', 'Sarjana', 'true', 'WNI', '2025-06-26 07:14:52', '2025-06-26 07:14:52'),
(2812, 'Muni Latupono', '52', 'Magister', 'true', 'WNI', '2025-06-26 07:14:52', '2025-06-26 07:14:52'),
(2813, 'Ivan Prasetyo', '35', 'Diploma', 'true', 'WNI', '2025-06-26 07:14:52', '2025-06-26 07:14:52'),
(2814, 'Purwa Prakasa', '60', 'Diploma', 'true', 'WNA', '2025-06-26 07:14:52', '2025-06-26 07:14:52'),
(2815, 'Jatmiko Widodo', '38', 'SMA', 'true', 'WNA', '2025-06-26 07:14:52', '2025-06-26 07:14:52'),
(2816, 'Jindra Saptono', '42', 'SD', 'false', 'WNI', '2025-06-26 07:14:52', '2025-06-26 07:14:52'),
(2817, 'Rafi Pradana S.T.', '53', 'SMP', 'false', 'WNI', '2025-06-26 07:14:52', '2025-06-26 07:14:52'),
(2818, 'Adinata Irawan', '21', 'SMA', 'false', 'WNI', '2025-06-26 07:14:52', '2025-06-26 07:14:52'),
(2819, 'Karsana Habibi', '42', 'SD', 'true', 'WNA', '2025-06-26 07:14:52', '2025-06-26 07:14:52'),
(2820, 'Raditya Wijaya', '21', 'SD', 'true', 'WNA', '2025-06-26 07:14:52', '2025-06-26 07:14:52'),
(2821, 'Sabar Waluyo', '30', 'Magister', 'false', 'WNA', '2025-06-26 07:14:52', '2025-06-26 07:14:52'),
(2822, 'Arta Samosir', '58', 'Magister', 'false', 'WNA', '2025-06-26 07:14:52', '2025-06-26 07:14:52'),
(2823, 'Jagapati Jailani', '29', 'SD', 'true', 'WNI', '2025-06-26 07:14:52', '2025-06-26 07:14:52'),
(2824, 'Makara Megantara', '52', 'SMP', 'true', 'WNI', '2025-06-26 07:14:52', '2025-06-26 07:14:52'),
(2825, 'Mitra Saadat Sirait', '48', 'SMP', 'true', 'WNI', '2025-06-26 07:14:52', '2025-06-26 07:14:52'),
(2826, 'Kariman Najib Pangestu', '46', 'Sarjana', 'false', 'WNI', '2025-06-26 07:14:52', '2025-06-26 07:14:52'),
(2827, 'Mursinin Yono Samosir M.Kom.', '55', 'SMP', 'true', 'WNA', '2025-06-26 07:14:52', '2025-06-26 07:14:52'),
(2828, 'Bakianto Hadi Marpaung S.Sos', '41', 'Magister', 'false', 'WNI', '2025-06-26 07:14:52', '2025-06-26 07:14:52'),
(2829, 'Radit Pranowo S.T.', '59', 'SMP', 'true', 'WNI', '2025-06-26 07:14:52', '2025-06-26 07:14:52'),
(2830, 'Galur Warsita Jailani S.Pt', '45', 'SD', 'true', 'WNI', '2025-06-26 07:14:52', '2025-06-26 07:14:52'),
(2831, 'Sidiq Nababan', '28', 'SMA', 'true', 'WNI', '2025-06-26 07:14:52', '2025-06-26 07:14:52'),
(2832, 'Abyasa Kamal Nababan', '52', 'Diploma', 'true', 'WNI', '2025-06-26 07:14:52', '2025-06-26 07:14:52'),
(2833, 'Wakiman Bakijan Waluyo S.E.', '44', 'SMA', 'true', 'WNI', '2025-06-26 07:14:52', '2025-06-26 07:14:52'),
(2834, 'Jaeman Bambang Hakim', '35', 'Magister', 'false', 'WNA', '2025-06-26 07:14:52', '2025-06-26 07:14:52'),
(2835, 'Rangga Budiman S.Farm', '45', 'Diploma', 'true', 'WNI', '2025-06-26 07:14:52', '2025-06-26 07:14:52'),
(2836, 'Emong Siregar S.Sos', '30', 'SMP', 'true', 'WNI', '2025-06-26 07:14:52', '2025-06-26 07:14:52'),
(2837, 'Tirtayasa Permadi', '58', 'SMP', 'true', 'WNI', '2025-06-26 07:14:52', '2025-06-26 07:14:52'),
(2838, 'Rama Adriansyah', '35', 'Diploma', 'false', 'WNI', '2025-06-26 07:14:52', '2025-06-26 07:14:52'),
(2839, 'Kenes Kusumo', '52', 'SMP', 'true', 'WNI', '2025-06-26 07:14:52', '2025-06-26 07:14:52'),
(2840, 'Murti Emil Manullang M.Kom.', '21', 'SD', 'false', 'WNI', '2025-06-26 07:14:52', '2025-06-26 07:14:52'),
(2841, 'Mujur Galuh Nugroho S.Pt', '56', 'SMA', 'false', 'WNA', '2025-06-26 07:14:52', '2025-06-26 07:14:52'),
(2842, 'Tirta Raharja Permadi S.E.I', '31', 'SD', 'true', 'WNI', '2025-06-26 07:14:52', '2025-06-26 07:14:52'),
(2843, 'Pangeran Winarno M.M.', '56', 'SMP', 'false', 'WNI', '2025-06-26 07:14:52', '2025-06-26 07:14:52'),
(2844, 'Sidiq Banawi Mustofa', '44', 'SD', 'true', 'WNA', '2025-06-26 07:14:52', '2025-06-26 07:14:52'),
(2845, 'Ajiman Situmorang', '21', 'Magister', 'false', 'WNA', '2025-06-26 07:14:52', '2025-06-26 07:14:52'),
(2846, 'Abyasa Niyaga Sihotang S.IP', '35', 'SD', 'true', 'WNI', '2025-06-26 07:14:52', '2025-06-26 07:14:52'),
(2847, 'Cakrajiya Santoso', '59', 'SMA', 'true', 'WNI', '2025-06-26 07:14:52', '2025-06-26 07:14:52'),
(2848, 'Kacung Hutapea', '32', 'Diploma', 'false', 'WNI', '2025-06-26 07:14:52', '2025-06-26 07:14:52'),
(2849, 'Nalar Pandu Salahudin', '46', 'Sarjana', 'true', 'WNI', '2025-06-26 07:14:52', '2025-06-26 07:14:52'),
(2850, 'Karja Pratama', '48', 'SMA', 'true', 'WNI', '2025-06-26 07:14:52', '2025-06-26 07:14:52'),
(2851, 'Gada Mangunsong M.Ak', '21', 'Sarjana', 'false', 'WNA', '2025-06-26 07:14:52', '2025-06-26 07:14:52'),
(2852, 'Bagiya Kurniawan', '21', 'Sarjana', 'true', 'WNI', '2025-06-26 07:14:52', '2025-06-26 07:14:52'),
(2853, 'Ilyas Pradipta M.Kom.', '24', 'Diploma', 'true', 'WNA', '2025-06-26 07:14:52', '2025-06-26 07:14:52'),
(2854, 'Adhiarja Iswahyudi', '47', 'SMP', 'false', 'WNI', '2025-06-26 07:14:52', '2025-06-26 07:14:52'),
(2855, 'Pangeran Prayoga', '43', 'Diploma', 'false', 'WNI', '2025-06-26 07:14:52', '2025-06-26 07:14:52'),
(2856, 'Raden Galur Saptono', '57', 'Sarjana', 'true', 'WNA', '2025-06-26 07:14:52', '2025-06-26 07:14:52'),
(2857, 'Gatra Prasetya', '52', 'Diploma', 'false', 'WNA', '2025-06-26 07:14:52', '2025-06-26 07:14:52'),
(2858, 'Galih Bakiman Halim S.Pd', '31', 'Sarjana', 'false', 'WNA', '2025-06-26 07:14:52', '2025-06-26 07:14:52'),
(2859, 'Gandi Darmanto Situmorang', '28', 'Diploma', 'true', 'WNA', '2025-06-26 07:14:52', '2025-06-26 07:14:52'),
(2860, 'Mursita Prabowo', '20', 'Diploma', 'false', 'WNI', '2025-06-26 07:14:52', '2025-06-26 07:14:52'),
(2861, 'Alambana Hadi Gunawan S.E.', '60', 'SMA', 'true', 'WNI', '2025-06-26 07:14:52', '2025-06-26 07:14:52'),
(2862, 'Asirwada Wibisono', '60', 'Magister', 'false', 'WNA', '2025-06-26 07:14:52', '2025-06-26 07:14:52'),
(2863, 'Mulya Salahudin S.Ked', '50', 'SD', 'false', 'WNI', '2025-06-26 07:14:52', '2025-06-26 07:14:52'),
(2864, 'Gatot Utama', '53', 'Sarjana', 'true', 'WNI', '2025-06-26 07:14:52', '2025-06-26 07:14:52'),
(2865, 'Lanang Bakiono Hutasoit M.TI.', '44', 'SD', 'true', 'WNI', '2025-06-26 07:14:52', '2025-06-26 07:14:52'),
(2866, 'Reksa Hakim S.E.I', '58', 'SMP', 'true', 'WNA', '2025-06-26 07:14:52', '2025-06-26 07:14:52'),
(2867, 'Lasmanto Dabukke S.Sos', '60', 'SMA', 'false', 'WNI', '2025-06-26 07:14:52', '2025-06-26 07:14:52'),
(2868, 'Dalimin Hutagalung', '46', 'Diploma', 'false', 'WNA', '2025-06-26 07:14:52', '2025-06-26 07:14:52'),
(2869, 'Okta Salahudin', '60', 'Magister', 'false', 'WNA', '2025-06-26 07:14:52', '2025-06-26 07:14:52'),
(2870, 'Harsaya Mustofa M.Farm', '23', 'SMP', 'false', 'WNI', '2025-06-26 07:14:52', '2025-06-26 07:14:52'),
(2871, 'Paiman Prayogo Thamrin', '59', 'Diploma', 'true', 'WNA', '2025-06-26 07:14:52', '2025-06-26 07:14:52'),
(2872, 'Ian Megantara M.Kom.', '42', 'SMA', 'true', 'WNI', '2025-06-26 07:14:52', '2025-06-26 07:14:52'),
(2873, 'Kardi Dabukke', '36', 'SMA', 'true', 'WNA', '2025-06-26 07:14:52', '2025-06-26 07:14:52'),
(2874, 'Jatmiko Hardi Habibi S.I.Kom', '31', 'Magister', 'false', 'WNA', '2025-06-26 07:14:52', '2025-06-26 07:14:52'),
(2875, 'Gatra Prayoga Adriansyah S.Psi', '26', 'SMP', 'false', 'WNA', '2025-06-26 07:14:52', '2025-06-26 07:14:52'),
(2876, 'Dipa Pranowo', '52', 'SMA', 'true', 'WNA', '2025-06-26 07:14:52', '2025-06-26 07:14:52'),
(2877, 'Muni Hidayat M.M.', '45', 'Diploma', 'false', 'WNI', '2025-06-26 07:14:52', '2025-06-26 07:14:52'),
(2878, 'Emin Raden Siregar', '23', 'SD', 'false', 'WNI', '2025-06-26 07:14:52', '2025-06-26 07:14:52'),
(2879, 'Kardi Rajata M.Pd', '56', 'Diploma', 'true', 'WNI', '2025-06-26 07:14:52', '2025-06-26 07:14:52'),
(2880, 'Legawa Dagel Samosir S.H.', '39', 'Diploma', 'false', 'WNI', '2025-06-26 07:14:52', '2025-06-26 07:14:52'),
(2881, 'Bagas Hardiansyah', '26', 'SMP', 'false', 'WNI', '2025-06-26 07:14:52', '2025-06-26 07:14:52'),
(2882, 'Sabri Kariman Sirait', '57', 'SMP', 'false', 'WNI', '2025-06-26 07:14:52', '2025-06-26 07:14:52'),
(2883, 'Ian Mansur', '42', 'Magister', 'true', 'WNI', '2025-06-26 07:14:52', '2025-06-26 07:14:52'),
(2884, 'Aditya Anggriawan', '58', 'Sarjana', 'false', 'WNA', '2025-06-26 07:14:52', '2025-06-26 07:14:52'),
(2885, 'Tugiman Mahendra', '30', 'Sarjana', 'true', 'WNI', '2025-06-26 07:14:52', '2025-06-26 07:14:52'),
(2886, 'Balijan Nugroho', '31', 'Magister', 'false', 'WNI', '2025-06-26 07:14:52', '2025-06-26 07:14:52'),
(2887, 'Luluh Sakti Hardiansyah', '40', 'Magister', 'false', 'WNI', '2025-06-26 07:14:52', '2025-06-26 07:14:52'),
(2888, 'Danuja Suwarno', '53', 'Diploma', 'true', 'WNA', '2025-06-26 07:14:52', '2025-06-26 07:14:52'),
(2889, 'Lukita Dartono Budiman S.Kom', '26', 'Sarjana', 'true', 'WNI', '2025-06-26 07:14:52', '2025-06-26 07:14:52'),
(2890, 'Jagapati Ajimat Firmansyah S.Pt', '37', 'Magister', 'true', 'WNI', '2025-06-26 07:14:52', '2025-06-26 07:14:52'),
(2891, 'Aditya Hasta Wasita', '39', 'SD', 'false', 'WNA', '2025-06-26 07:14:52', '2025-06-26 07:14:52'),
(2892, 'Yono Rahman Hutasoit S.Kom', '35', 'SMP', 'false', 'WNA', '2025-06-26 07:14:52', '2025-06-26 07:14:52'),
(2893, 'Kawaca Waluyo', '30', 'SMA', 'true', 'WNI', '2025-06-26 07:14:52', '2025-06-26 07:14:52'),
(2894, 'Banara Chandra Hardiansyah', '43', 'SMA', 'false', 'WNI', '2025-06-26 07:14:52', '2025-06-26 07:14:52'),
(2895, 'Reksa Mahendra', '57', 'Diploma', 'false', 'WNI', '2025-06-26 07:14:52', '2025-06-26 07:14:52'),
(2896, 'Oskar Pradipta', '54', 'Sarjana', 'true', 'WNA', '2025-06-26 07:14:52', '2025-06-26 07:14:52'),
(2897, 'Galih Tamba', '26', 'SMA', 'false', 'WNI', '2025-06-26 07:14:52', '2025-06-26 07:14:52'),
(2898, 'Sabar Suwarno', '47', 'SD', 'true', 'WNI', '2025-06-26 07:14:52', '2025-06-26 07:14:52'),
(2899, 'Ilyas Budiman', '21', 'Magister', 'false', 'WNA', '2025-06-26 07:14:52', '2025-06-26 07:14:52'),
(2900, 'Jinawi Ian Prakasa', '26', 'Diploma', 'true', 'WNA', '2025-06-26 07:14:52', '2025-06-26 07:14:52'),
(2901, 'Darimin Sihombing S.IP', '39', 'Magister', 'false', 'WNI', '2025-06-26 07:14:52', '2025-06-26 07:14:52'),
(2902, 'Omar Saptono S.Pt', '53', 'Diploma', 'true', 'WNI', '2025-06-26 07:14:52', '2025-06-26 07:14:52'),
(2903, 'Vinsen Budiyanto', '40', 'Sarjana', 'false', 'WNI', '2025-06-26 07:14:52', '2025-06-26 07:14:52'),
(2904, 'Gangsa Saiful Gunawan', '22', 'SMA', 'true', 'WNA', '2025-06-26 07:14:52', '2025-06-26 07:14:52'),
(2905, 'Galuh Hidayat', '26', 'Magister', 'false', 'WNI', '2025-06-26 07:14:52', '2025-06-26 07:14:52'),
(2906, 'Ganda Ramadan', '57', 'SD', 'false', 'WNI', '2025-06-26 07:14:52', '2025-06-26 07:14:52'),
(2907, 'Kamidin Purwa Hidayat M.Farm', '44', 'SD', 'true', 'WNI', '2025-06-26 07:14:52', '2025-06-26 07:14:52'),
(2908, 'Galar Santoso S.Sos', '25', 'Magister', 'false', 'WNI', '2025-06-26 07:14:52', '2025-06-26 07:14:52'),
(2909, 'Rendy Saragih M.Kom.', '42', 'Sarjana', 'true', 'WNA', '2025-06-26 07:14:52', '2025-06-26 07:14:52'),
(2910, 'Luluh Mansur', '30', 'Sarjana', 'false', 'WNA', '2025-06-26 07:14:52', '2025-06-26 07:14:52'),
(2911, 'Cahyadi Baktiadi Pratama S.I.Kom', '58', 'SD', 'true', 'WNI', '2025-06-26 07:14:52', '2025-06-26 07:14:52'),
(2912, 'Mujur Cahyadi Pradipta M.M.', '44', 'Sarjana', 'false', 'WNI', '2025-06-26 07:14:52', '2025-06-26 07:14:52'),
(2913, 'Ajimat Saragih M.Farm', '36', 'Diploma', 'false', 'WNA', '2025-06-26 07:14:52', '2025-06-26 07:14:52'),
(2914, 'Maman Rajasa', '33', 'Sarjana', 'true', 'WNI', '2025-06-26 07:14:52', '2025-06-26 07:14:52'),
(2915, 'Dalimin Maheswara S.Gz', '30', 'Magister', 'true', 'WNA', '2025-06-26 07:14:52', '2025-06-26 07:14:52'),
(2916, 'Prayitna Dabukke', '34', 'Magister', 'true', 'WNA', '2025-06-26 07:14:52', '2025-06-26 07:14:52'),
(2917, 'Martana Leo Ramadan', '32', 'Sarjana', 'true', 'WNA', '2025-06-26 07:14:52', '2025-06-26 07:14:52'),
(2918, 'Kadir Utama Hutapea', '43', 'SMP', 'true', 'WNI', '2025-06-26 07:14:52', '2025-06-26 07:14:52'),
(2919, 'Rama Ramadan', '37', 'SD', 'true', 'WNI', '2025-06-26 07:14:52', '2025-06-26 07:14:52'),
(2920, 'Kawaya Maulana', '37', 'SMP', 'true', 'WNI', '2025-06-26 07:14:52', '2025-06-26 07:14:52'),
(2921, 'Dagel Jailani', '40', 'SMA', 'true', 'WNI', '2025-06-26 07:14:52', '2025-06-26 07:14:52'),
(2922, 'Bagiya Rajata', '39', 'SMA', 'false', 'WNA', '2025-06-26 07:14:52', '2025-06-26 07:14:52'),
(2923, 'Wira Sitompul', '43', 'Sarjana', 'true', 'WNI', '2025-06-26 07:14:52', '2025-06-26 07:14:52'),
(2924, 'Rudi Mahendra', '48', 'Magister', 'false', 'WNI', '2025-06-26 07:14:52', '2025-06-26 07:14:52'),
(2925, 'Asmadi Siregar', '36', 'SMA', 'false', 'WNA', '2025-06-26 07:14:52', '2025-06-26 07:14:52'),
(2926, 'Harsaya Salahudin S.E.I', '40', 'SMA', 'true', 'WNA', '2025-06-26 07:14:52', '2025-06-26 07:14:52'),
(2927, 'Kadir Ade Halim', '23', 'Diploma', 'true', 'WNA', '2025-06-26 07:14:52', '2025-06-26 07:14:52'),
(2928, 'Alambana Halim', '21', 'Sarjana', 'false', 'WNI', '2025-06-26 07:14:52', '2025-06-26 07:14:52'),
(2929, 'Cahya Cemeti Prakasa S.T.', '55', 'Magister', 'false', 'WNA', '2025-06-26 07:14:52', '2025-06-26 07:14:52'),
(2930, 'Opan Saptono', '33', 'Sarjana', 'true', 'WNI', '2025-06-26 07:14:52', '2025-06-26 07:14:52'),
(2931, 'Pranawa Wardaya Waskita', '48', 'SD', 'true', 'WNI', '2025-06-26 07:14:52', '2025-06-26 07:14:52'),
(2932, 'Harsana Sihombing', '48', 'SD', 'true', 'WNI', '2025-06-26 07:14:52', '2025-06-26 07:14:52'),
(2933, 'Bagiya Sihombing', '44', 'Sarjana', 'false', 'WNA', '2025-06-26 07:14:52', '2025-06-26 07:14:52'),
(2934, 'Aditya Thamrin', '27', 'SMA', 'false', 'WNA', '2025-06-26 07:14:52', '2025-06-26 07:14:52'),
(2935, 'Gading Sirait', '44', 'Sarjana', 'true', 'WNA', '2025-06-26 07:14:52', '2025-06-26 07:14:52'),
(2936, 'Lurhur Gunawan M.Kom.', '28', 'Sarjana', 'true', 'WNA', '2025-06-26 07:14:52', '2025-06-26 07:14:52'),
(2937, 'Damar Kunthara Pangestu S.E.I', '56', 'Sarjana', 'false', 'WNA', '2025-06-26 07:14:52', '2025-06-26 07:14:52'),
(2938, 'Wage Galih Wijaya', '25', 'SD', 'false', 'WNI', '2025-06-26 07:14:52', '2025-06-26 07:14:52'),
(2939, 'Jaswadi Suryono', '53', 'SMP', 'false', 'WNI', '2025-06-26 07:14:52', '2025-06-26 07:14:52'),
(2940, 'Darsirah Hakim', '20', 'SD', 'false', 'WNI', '2025-06-26 07:14:52', '2025-06-26 07:14:52'),
(2941, 'Jayadi Pangestu', '50', 'Diploma', 'false', 'WNI', '2025-06-26 07:14:52', '2025-06-26 07:14:52'),
(2942, 'Kadir Darmaji Setiawan', '31', 'SMA', 'false', 'WNA', '2025-06-26 07:14:52', '2025-06-26 07:14:52'),
(2943, 'Cengkal Iswahyudi S.Sos', '42', 'SMA', 'false', 'WNA', '2025-06-26 07:14:52', '2025-06-26 07:14:52'),
(2944, 'Jail Rajasa', '55', 'SMP', 'true', 'WNA', '2025-06-26 07:14:52', '2025-06-26 07:14:52'),
(2945, 'Muhammad Eman Suwarno M.Ak', '53', 'Diploma', 'false', 'WNI', '2025-06-26 07:14:52', '2025-06-26 07:14:52'),
(2946, 'Dariati Prayoga', '53', 'Diploma', 'false', 'WNA', '2025-06-26 07:14:52', '2025-06-26 07:14:52'),
(2947, 'Baktiadi Pratama', '57', 'SMP', 'false', 'WNA', '2025-06-26 07:14:52', '2025-06-26 07:14:52'),
(2948, 'Upik Latupono', '48', 'Diploma', 'false', 'WNA', '2025-06-26 07:14:52', '2025-06-26 07:14:52');
INSERT INTO `prias` (`id`, `nama`, `usia`, `pendidikan`, `sertif_sucatin`, `kewarganegaraan`, `created_at`, `updated_at`) VALUES
(2949, 'Saiful Wasita', '32', 'Magister', 'false', 'WNI', '2025-06-26 07:14:52', '2025-06-26 07:14:52'),
(2950, 'Hari Suwarno', '37', 'Sarjana', 'false', 'WNI', '2025-06-26 07:14:52', '2025-06-26 07:14:52'),
(2951, 'Eman Viktor Ramadan', '29', 'SMP', 'true', 'WNI', '2025-06-26 07:14:52', '2025-06-26 07:14:52'),
(2952, 'Purwadi Adriansyah S.H.', '45', 'SMA', 'true', 'WNI', '2025-06-26 07:14:52', '2025-06-26 07:14:52'),
(2953, 'Galang Dirja Latupono M.M.', '20', 'SD', 'true', 'WNI', '2025-06-26 07:14:52', '2025-06-26 07:14:52'),
(2954, 'Marsudi Winarno', '29', 'Diploma', 'true', 'WNA', '2025-06-26 07:14:52', '2025-06-26 07:14:52'),
(2955, 'Najam Dagel Marbun S.Pd', '56', 'Sarjana', 'false', 'WNA', '2025-06-26 07:14:52', '2025-06-26 07:14:52'),
(2956, 'Jarwadi Manullang', '28', 'SMP', 'true', 'WNI', '2025-06-26 07:14:52', '2025-06-26 07:14:52'),
(2957, 'Hadi Situmorang', '33', 'Sarjana', 'false', 'WNA', '2025-06-26 07:14:52', '2025-06-26 07:14:52'),
(2958, 'Tedi Gunarto', '32', 'Magister', 'true', 'WNA', '2025-06-26 07:14:52', '2025-06-26 07:14:52'),
(2959, 'Jayeng Budiyanto S.Farm', '46', 'SMP', 'true', 'WNA', '2025-06-26 07:14:52', '2025-06-26 07:14:52'),
(2960, 'Cakrabuana Irawan', '42', 'SD', 'false', 'WNI', '2025-06-26 07:14:52', '2025-06-26 07:14:52'),
(2961, 'Agus Tampubolon', '40', 'SD', 'true', 'WNI', '2025-06-26 07:14:52', '2025-06-26 07:14:52'),
(2962, 'Danuja Firgantoro', '46', 'Magister', 'true', 'WNI', '2025-06-26 07:14:52', '2025-06-26 07:14:52'),
(2963, 'Bahuwirya Tarihoran S.Gz', '49', 'Diploma', 'false', 'WNI', '2025-06-26 07:14:52', '2025-06-26 07:14:52'),
(2964, 'Setya Cakrawala Hutapea', '59', 'Diploma', 'true', 'WNA', '2025-06-26 07:14:52', '2025-06-26 07:14:52'),
(2965, 'Wawan Maryanto Tamba S.Pd', '60', 'Sarjana', 'false', 'WNA', '2025-06-26 07:14:52', '2025-06-26 07:14:52'),
(2966, 'Jati Ganda Mansur', '57', 'Diploma', 'true', 'WNI', '2025-06-26 07:14:52', '2025-06-26 07:14:52'),
(2967, 'Asman Hutagalung', '32', 'Sarjana', 'true', 'WNI', '2025-06-26 07:14:52', '2025-06-26 07:14:52'),
(2968, 'Ajimin Pratama', '60', 'SMA', 'true', 'WNA', '2025-06-26 07:14:52', '2025-06-26 07:14:52'),
(2969, 'Mahesa Widodo', '50', 'Sarjana', 'false', 'WNA', '2025-06-26 07:14:52', '2025-06-26 07:14:52'),
(2970, 'Adiarja Nyoman Natsir S.T.', '19', 'Sarjana', 'false', 'WNA', '2025-06-26 07:14:52', '2025-06-26 07:14:52'),
(2971, 'Purwanto Rahman Prabowo', '22', 'Magister', 'false', 'WNI', '2025-06-26 07:14:52', '2025-06-26 07:14:52'),
(2972, 'Ozy Winarno S.Pd', '44', 'Magister', 'true', 'WNA', '2025-06-26 07:14:52', '2025-06-26 07:14:52'),
(2973, 'Respati Tamba', '53', 'Sarjana', 'true', 'WNA', '2025-06-26 07:14:52', '2025-06-26 07:14:52'),
(2974, 'Gandi Murti Sitorus', '42', 'SD', 'true', 'WNA', '2025-06-26 07:14:52', '2025-06-26 07:14:52'),
(2975, 'Damar Maheswara', '34', 'SMA', 'false', 'WNI', '2025-06-26 07:14:52', '2025-06-26 07:14:52'),
(2976, 'Jaswadi Kusumo', '60', 'Sarjana', 'true', 'WNI', '2025-06-26 07:14:52', '2025-06-26 07:14:52'),
(2977, 'Laswi Saputra', '52', 'Diploma', 'true', 'WNA', '2025-06-26 07:14:52', '2025-06-26 07:14:52'),
(2978, 'Prakosa Budiman', '35', 'Magister', 'false', 'WNA', '2025-06-26 07:14:52', '2025-06-26 07:14:52'),
(2979, 'Daryani Bambang Rajata', '29', 'SMA', 'false', 'WNA', '2025-06-26 07:14:52', '2025-06-26 07:14:52'),
(2980, 'Luwar Adriansyah S.Psi', '52', 'Diploma', 'false', 'WNI', '2025-06-26 07:14:52', '2025-06-26 07:14:52'),
(2981, 'Adinata Rahmat Wasita', '53', 'Sarjana', 'true', 'WNI', '2025-06-26 07:14:52', '2025-06-26 07:14:52'),
(2982, 'Jatmiko Budiman', '23', 'SMA', 'false', 'WNI', '2025-06-26 07:14:52', '2025-06-26 07:14:52'),
(2983, 'Rusman Permadi', '44', 'Sarjana', 'true', 'WNI', '2025-06-26 07:14:52', '2025-06-26 07:14:52'),
(2984, 'Rahmat Salahudin', '34', 'SMP', 'true', 'WNA', '2025-06-26 07:14:52', '2025-06-26 07:14:52'),
(2985, 'Putu Prasasta', '33', 'Sarjana', 'false', 'WNA', '2025-06-26 07:14:52', '2025-06-26 07:14:52'),
(2986, 'Nasab Hutagalung', '27', 'SMP', 'true', 'WNA', '2025-06-26 07:14:52', '2025-06-26 07:14:52'),
(2987, 'Gamblang Empluk Gunawan S.H.', '34', 'Diploma', 'true', 'WNA', '2025-06-26 07:14:52', '2025-06-26 07:14:52'),
(2988, 'Hartana Pangestu S.Gz', '53', 'Magister', 'true', 'WNA', '2025-06-26 07:14:52', '2025-06-26 07:14:52'),
(2989, 'Irfan Hutasoit', '56', 'Magister', 'false', 'WNA', '2025-06-26 07:14:52', '2025-06-26 07:14:52'),
(2990, 'Dacin Salahudin', '53', 'SMP', 'false', 'WNA', '2025-06-26 07:14:52', '2025-06-26 07:14:52'),
(2991, 'Jindra Hutapea', '42', 'SD', 'true', 'WNI', '2025-06-26 07:14:52', '2025-06-26 07:14:52'),
(2992, 'Danu Hari Utama M.Farm', '29', 'SMA', 'true', 'WNA', '2025-06-26 07:14:52', '2025-06-26 07:14:52'),
(2993, 'Balamantri Saragih', '54', 'SMA', 'true', 'WNI', '2025-06-26 07:14:52', '2025-06-26 07:14:52'),
(2994, 'Gaiman Chandra Maulana M.Ak', '41', 'SD', 'false', 'WNA', '2025-06-26 07:14:52', '2025-06-26 07:14:52'),
(2995, 'Nrima Mangunsong', '47', 'Sarjana', 'true', 'WNA', '2025-06-26 07:14:52', '2025-06-26 07:14:52'),
(2996, 'Kurnia Firmansyah', '30', 'Diploma', 'false', 'WNI', '2025-06-26 07:14:52', '2025-06-26 07:14:52'),
(2997, 'Soleh Wibisono', '58', 'Diploma', 'true', 'WNA', '2025-06-26 07:14:52', '2025-06-26 07:14:52'),
(2998, 'Lanang Asmuni Nugroho S.Farm', '56', 'SD', 'true', 'WNI', '2025-06-26 07:14:52', '2025-06-26 07:14:52'),
(2999, 'Bahuwarna Kurniawan S.Sos', '19', 'Sarjana', 'false', 'WNA', '2025-06-26 07:14:52', '2025-06-26 07:14:52'),
(3000, 'Jayeng Saefullah', '42', 'SMP', 'false', 'WNI', '2025-06-26 07:14:52', '2025-06-26 07:14:52');

-- --------------------------------------------------------

--
-- Table structure for table `users`
--

CREATE TABLE `users` (
  `id` bigint UNSIGNED NOT NULL,
  `nip` varchar(255) COLLATE utf8mb4_unicode_ci NOT NULL,
  `username` varchar(255) COLLATE utf8mb4_unicode_ci NOT NULL,
  `nama_pengguna` varchar(255) COLLATE utf8mb4_unicode_ci NOT NULL,
  `kecamatan_id` bigint UNSIGNED DEFAULT NULL,
  `password` varchar(255) COLLATE utf8mb4_unicode_ci NOT NULL,
  `role` varchar(255) COLLATE utf8mb4_unicode_ci NOT NULL,
  `created_at` timestamp NULL DEFAULT NULL,
  `updated_at` timestamp NULL DEFAULT NULL
) ENGINE=InnoDB DEFAULT CHARSET=utf8mb4 COLLATE=utf8mb4_unicode_ci;

--
-- Dumping data for table `users`
--

INSERT INTO `users` (`id`, `nip`, `username`, `nama_pengguna`, `kecamatan_id`, `password`, `role`, `created_at`, `updated_at`) VALUES
(11, '1234567890', 'admin', 'Administrator', NULL, '$2y$10$DI9/LXILf6NX22v9MKwg9ulCLbRLvcsBtxPfWH14fMfXmtGXK44W2', 'admin', '2025-06-26 07:14:49', '2025-06-26 07:14:49'),
(12, '1987654321', 'kepala', 'Kepala KUA', NULL, '$2y$10$fiMQ6SY54oGBpOunwYGueOw/yRMypil/V5abpGX/DqftK2GDKGhES', 'kua', '2025-06-26 07:14:49', '2025-06-26 07:14:49'),
(13, '0000001000', 'operator_landasan_ulin', 'Operator Landasan Ulin', 637202, '$2y$10$oJrs2JT6b0e6WOkte08QguAlI4L8RKbxYm1R1KG9F9VgOyzCyXP3W', 'operator', '2025-06-26 07:14:49', '2025-06-26 07:14:49'),
(14, '0000001001', 'operator_cempaka', 'Operator Cempaka', 637203, '$2y$10$wXURchrnEtnjN1wXRxVipe0WTyLjIGdjFn3zBP4hxbp/wA9NH5ZAK', 'operator', '2025-06-26 07:14:49', '2025-06-26 07:14:49'),
(15, '0000001002', 'operator_banjarbaru_utara', 'Operator Banjarbaru Utara', 637204, '$2y$10$uu4agNwPYHkykj6ETy5X/eIjdgISVzK7Jjvpln2IjQt40MhBVimLK', 'operator', '2025-06-26 07:14:49', '2025-06-26 07:14:49'),
(16, '0000001003', 'operator_banjarbaru_selatan', 'Operator Banjarbaru Selatan', 637205, '$2y$10$5oeDUDZw.Bkztj8f47.wtusqM.fguDvFT11WQHDCxhGVjXXtQpjDa', 'operator', '2025-06-26 07:14:49', '2025-06-26 07:14:49'),
(17, '0000001004', 'operator_liang_anggang', 'Operator Liang Anggang', 637206, '$2y$10$Ru/YpFlMuafnZXuNIdbwre/oe/4fgNV2wdanQStYhsYZW/CjyUq/i', 'operator', '2025-06-26 07:14:49', '2025-06-26 07:14:49');

-- --------------------------------------------------------

--
-- Table structure for table `usia_pengantin`
--

CREATE TABLE `usia_pengantin` (
  `id` bigint UNSIGNED NOT NULL,
  `perkawinan_id` bigint UNSIGNED NOT NULL,
  `laki_minus_19` int NOT NULL DEFAULT '0',
  `laki_19_21` int NOT NULL DEFAULT '0',
  `laki_21_30` int NOT NULL DEFAULT '0',
  `laki_30_plus` int NOT NULL DEFAULT '0',
  `wanita_minus_19` int NOT NULL DEFAULT '0',
  `wanita_19_21` int NOT NULL DEFAULT '0',
  `wanita_21_30` int NOT NULL DEFAULT '0',
  `wanita_30_plus` int NOT NULL DEFAULT '0',
  `created_at` timestamp NULL DEFAULT NULL,
  `updated_at` timestamp NULL DEFAULT NULL,
  `file` varchar(255) COLLATE utf8mb4_unicode_ci DEFAULT NULL
) ENGINE=InnoDB DEFAULT CHARSET=utf8mb4 COLLATE=utf8mb4_unicode_ci;

--
-- Indexes for dumped tables
--

--
-- Indexes for table `failed_jobs`
--
ALTER TABLE `failed_jobs`
  ADD PRIMARY KEY (`id`),
  ADD UNIQUE KEY `failed_jobs_uuid_unique` (`uuid`);

--
-- Indexes for table `kecamatan`
--
ALTER TABLE `kecamatan`
  ADD PRIMARY KEY (`id`);

--
-- Indexes for table `kelurahan`
--
ALTER TABLE `kelurahan`
  ADD PRIMARY KEY (`id`),
  ADD KEY `kelurahan_id_kecamatan_foreign` (`id_kecamatan`);

--
-- Indexes for table `kursus_calon_pengantin`
--
ALTER TABLE `kursus_calon_pengantin`
  ADD PRIMARY KEY (`id`),
  ADD KEY `kursus_calon_pengantin_perkawinan_id_foreign` (`perkawinan_id`);

--
-- Indexes for table `laporan`
--
ALTER TABLE `laporan`
  ADD PRIMARY KEY (`id`),
  ADD KEY `laporan_user_id_foreign` (`user_id`);

--
-- Indexes for table `migrations`
--
ALTER TABLE `migrations`
  ADD PRIMARY KEY (`id`);

--
-- Indexes for table `password_reset_tokens`
--
ALTER TABLE `password_reset_tokens`
  ADD PRIMARY KEY (`email`);

--
-- Indexes for table `pendidikan_perkawinan`
--
ALTER TABLE `pendidikan_perkawinan`
  ADD PRIMARY KEY (`id`),
  ADD KEY `pendidikan_perkawinan_perkawinan_id_foreign` (`perkawinan_id`);

--
-- Indexes for table `perempuans`
--
ALTER TABLE `perempuans`
  ADD PRIMARY KEY (`id`);

--
-- Indexes for table `peristiwa_perkawinan`
--
ALTER TABLE `peristiwa_perkawinan`
  ADD PRIMARY KEY (`id`),
  ADD KEY `peristiwa_perkawinan_perkawinan_id_foreign` (`perkawinan_id`);

--
-- Indexes for table `perkawinan`
--
ALTER TABLE `perkawinan`
  ADD PRIMARY KEY (`id`),
  ADD KEY `perkawinan_laporan_id_foreign` (`laporan_id`),
  ADD KEY `perkawinan_kelurahan_id_foreign` (`kelurahan_id`);

--
-- Indexes for table `pernikahans`
--
ALTER TABLE `pernikahans`
  ADD PRIMARY KEY (`id`),
  ADD KEY `pernikahans_id_pria_foreign` (`id_pria`),
  ADD KEY `pernikahans_id_perempuan_foreign` (`id_perempuan`),
  ADD KEY `pernikahans_id_user_foreign` (`id_user`),
  ADD KEY `pernikahans_id_kelurahan_foreign` (`id_kelurahan`);

--
-- Indexes for table `personal_access_tokens`
--
ALTER TABLE `personal_access_tokens`
  ADD PRIMARY KEY (`id`),
  ADD UNIQUE KEY `personal_access_tokens_token_unique` (`token`),
  ADD KEY `personal_access_tokens_tokenable_type_tokenable_id_index` (`tokenable_type`,`tokenable_id`);

--
-- Indexes for table `prias`
--
ALTER TABLE `prias`
  ADD PRIMARY KEY (`id`);

--
-- Indexes for table `users`
--
ALTER TABLE `users`
  ADD PRIMARY KEY (`id`),
  ADD KEY `users_kecamatan_id_foreign` (`kecamatan_id`);

--
-- Indexes for table `usia_pengantin`
--
ALTER TABLE `usia_pengantin`
  ADD PRIMARY KEY (`id`),
  ADD KEY `usia_pengantin_perkawinan_id_foreign` (`perkawinan_id`);

--
-- AUTO_INCREMENT for dumped tables
--

--
-- AUTO_INCREMENT for table `failed_jobs`
--
ALTER TABLE `failed_jobs`
  MODIFY `id` bigint UNSIGNED NOT NULL AUTO_INCREMENT;

--
-- AUTO_INCREMENT for table `kecamatan`
--
ALTER TABLE `kecamatan`
  MODIFY `id` bigint UNSIGNED NOT NULL AUTO_INCREMENT, AUTO_INCREMENT=637209;

--
-- AUTO_INCREMENT for table `kelurahan`
--
ALTER TABLE `kelurahan`
  MODIFY `id` bigint UNSIGNED NOT NULL AUTO_INCREMENT, AUTO_INCREMENT=21;

--
-- AUTO_INCREMENT for table `kursus_calon_pengantin`
--
ALTER TABLE `kursus_calon_pengantin`
  MODIFY `id` bigint UNSIGNED NOT NULL AUTO_INCREMENT;

--
-- AUTO_INCREMENT for table `laporan`
--
ALTER TABLE `laporan`
  MODIFY `id` bigint UNSIGNED NOT NULL AUTO_INCREMENT;

--
-- AUTO_INCREMENT for table `migrations`
--
ALTER TABLE `migrations`
  MODIFY `id` int UNSIGNED NOT NULL AUTO_INCREMENT, AUTO_INCREMENT=29;

--
-- AUTO_INCREMENT for table `pendidikan_perkawinan`
--
ALTER TABLE `pendidikan_perkawinan`
  MODIFY `id` bigint UNSIGNED NOT NULL AUTO_INCREMENT;

--
-- AUTO_INCREMENT for table `perempuans`
--
ALTER TABLE `perempuans`
  MODIFY `id` bigint UNSIGNED NOT NULL AUTO_INCREMENT, AUTO_INCREMENT=3001;

--
-- AUTO_INCREMENT for table `peristiwa_perkawinan`
--
ALTER TABLE `peristiwa_perkawinan`
  MODIFY `id` bigint UNSIGNED NOT NULL AUTO_INCREMENT;

--
-- AUTO_INCREMENT for table `perkawinan`
--
ALTER TABLE `perkawinan`
  MODIFY `id` bigint UNSIGNED NOT NULL AUTO_INCREMENT;

--
-- AUTO_INCREMENT for table `pernikahans`
--
ALTER TABLE `pernikahans`
  MODIFY `id` bigint UNSIGNED NOT NULL AUTO_INCREMENT, AUTO_INCREMENT=1002;

--
-- AUTO_INCREMENT for table `personal_access_tokens`
--
ALTER TABLE `personal_access_tokens`
  MODIFY `id` bigint UNSIGNED NOT NULL AUTO_INCREMENT;

--
-- AUTO_INCREMENT for table `prias`
--
ALTER TABLE `prias`
  MODIFY `id` bigint UNSIGNED NOT NULL AUTO_INCREMENT, AUTO_INCREMENT=3001;

--
-- AUTO_INCREMENT for table `users`
--
ALTER TABLE `users`
  MODIFY `id` bigint UNSIGNED NOT NULL AUTO_INCREMENT, AUTO_INCREMENT=18;

--
-- AUTO_INCREMENT for table `usia_pengantin`
--
ALTER TABLE `usia_pengantin`
  MODIFY `id` bigint UNSIGNED NOT NULL AUTO_INCREMENT;

--
-- Constraints for dumped tables
--

--
-- Constraints for table `kelurahan`
--
ALTER TABLE `kelurahan`
  ADD CONSTRAINT `kelurahan_id_kecamatan_foreign` FOREIGN KEY (`id_kecamatan`) REFERENCES `kecamatan` (`id`) ON DELETE CASCADE ON UPDATE CASCADE;

--
-- Constraints for table `kursus_calon_pengantin`
--
ALTER TABLE `kursus_calon_pengantin`
  ADD CONSTRAINT `kursus_calon_pengantin_perkawinan_id_foreign` FOREIGN KEY (`perkawinan_id`) REFERENCES `perkawinan` (`id`) ON DELETE CASCADE;

--
-- Constraints for table `laporan`
--
ALTER TABLE `laporan`
  ADD CONSTRAINT `laporan_user_id_foreign` FOREIGN KEY (`user_id`) REFERENCES `users` (`id`) ON DELETE CASCADE;

--
-- Constraints for table `pendidikan_perkawinan`
--
ALTER TABLE `pendidikan_perkawinan`
  ADD CONSTRAINT `pendidikan_perkawinan_perkawinan_id_foreign` FOREIGN KEY (`perkawinan_id`) REFERENCES `perkawinan` (`id`) ON DELETE CASCADE;

--
-- Constraints for table `peristiwa_perkawinan`
--
ALTER TABLE `peristiwa_perkawinan`
  ADD CONSTRAINT `peristiwa_perkawinan_perkawinan_id_foreign` FOREIGN KEY (`perkawinan_id`) REFERENCES `perkawinan` (`id`) ON DELETE CASCADE;

--
-- Constraints for table `perkawinan`
--
ALTER TABLE `perkawinan`
  ADD CONSTRAINT `perkawinan_kelurahan_id_foreign` FOREIGN KEY (`kelurahan_id`) REFERENCES `kelurahan` (`id`) ON DELETE CASCADE,
  ADD CONSTRAINT `perkawinan_laporan_id_foreign` FOREIGN KEY (`laporan_id`) REFERENCES `laporan` (`id`) ON DELETE CASCADE;

--
-- Constraints for table `pernikahans`
--
ALTER TABLE `pernikahans`
  ADD CONSTRAINT `pernikahans_id_kelurahan_foreign` FOREIGN KEY (`id_kelurahan`) REFERENCES `kelurahan` (`id`),
  ADD CONSTRAINT `pernikahans_id_perempuan_foreign` FOREIGN KEY (`id_perempuan`) REFERENCES `perempuans` (`id`) ON DELETE CASCADE ON UPDATE CASCADE,
  ADD CONSTRAINT `pernikahans_id_pria_foreign` FOREIGN KEY (`id_pria`) REFERENCES `prias` (`id`) ON DELETE CASCADE ON UPDATE CASCADE,
  ADD CONSTRAINT `pernikahans_id_user_foreign` FOREIGN KEY (`id_user`) REFERENCES `users` (`id`);

--
-- Constraints for table `users`
--
ALTER TABLE `users`
  ADD CONSTRAINT `users_kecamatan_id_foreign` FOREIGN KEY (`kecamatan_id`) REFERENCES `kecamatan` (`id`) ON DELETE SET NULL;

--
-- Constraints for table `usia_pengantin`
--
ALTER TABLE `usia_pengantin`
  ADD CONSTRAINT `usia_pengantin_perkawinan_id_foreign` FOREIGN KEY (`perkawinan_id`) REFERENCES `perkawinan` (`id`) ON DELETE CASCADE;
COMMIT;

/*!40101 SET CHARACTER_SET_CLIENT=@OLD_CHARACTER_SET_CLIENT */;
/*!40101 SET CHARACTER_SET_RESULTS=@OLD_CHARACTER_SET_RESULTS */;
/*!40101 SET COLLATION_CONNECTION=@OLD_COLLATION_CONNECTION */;
